M,K,n_seeds,instances,beam_width,greedy_pre_mean,greedy_pre_std,greedy_pp_mean,greedy_pp_std,beam_pre_mean,beam_pre_std,beam_pp_mean,beam_pp_std,port_pp_mean,port_pp_std,d_raw,d_final,d_port,recovery_pct,port_pp_seed0,port_pp_seed1,port_pp_seed2
50,1,3,30,5,-19.026323405795623,4.063463411328143,-44.32504130045572,0.8095817884515008,-30.89815378316244,2.619243509670644,-45.217062327067055,0.5499844140214811,-48.04414906819661,0.10485747070176281,-11.871830377366816,-0.8920210266113315,-3.719107767740887,46.92660879811878,-48.050,-47.936,-48.146
50,2,3,30,5,-70.33518811035157,1.8627025197561824,-87.0754111328125,0.3684413618777132,-78.54212611897786,1.269276433525707,-89.93838663736979,0.7128996168837665,-91.56208028835721,1.0976478909328917,-8.206938008626295,-2.8629755045572836,-4.486669155544703,49.02526087982677,-92.001,-90.313,-92.372
50,3,3,30,5,-105.61863932291668,3.653179256874219,-114.56852627224391,2.788634702109369,-111.71221686469183,2.8849277745989497,-118.58523461235893,2.5642496192303126,-119.31693241373698,2.551417003998583,-6.093577541775147,-4.0167083401150165,-4.748406141493064,68.08552528401715,-119.474,-121.786,-116.691
50,4,3,30,5,-118.91808123779295,3.933581073558053,-128.3564767489963,5.042661378067585,-125.28526421101888,4.702915973516396,-133.48269379679363,6.279767482837743,-133.82719703165688,6.292247367230539,-6.367182973225937,-5.126217047797326,-5.470720282660579,67.46043822457011,-139.668,-127.165,-134.649
50,5,3,30,5,-122.0218167385525,1.060151265355569,-130.100114976671,0.7677807165613533,-125.83204142252605,0.5409182108549615,-133.57771448092993,0.8861800647535893,-133.91456815253363,1.1128110922508192,-3.8102246839735443,-3.477599504258933,-3.8144531758626385,47.16617995105092,-133.320,-133.225,-135.198
50,6,3,30,5,-117.23413338385687,2.593682137172849,-124.67694048224554,2.04182981654093,-119.68730753411188,2.8381326627539436,-126.86897188144258,2.1822999973360644,-126.96619013129339,2.1835604245318234,-2.453174150255009,-2.1920313991970346,-2.2892496490478464,32.960334962679724,-128.758,-124.534,-127.606
50,8,3,30,5,-94.91889751603867,0.8624040015661312,-98.02196597968207,0.6713147959166307,-95.72364969974093,1.1489423569417574,-98.68199937862819,0.6381035973482185,-98.71265766059025,0.6365031010965778,-0.8047521837022629,-0.6600333989461262,-0.6906916809081878,25.934077611596802,-98.973,-99.178,-97.987
60,1,3,30,5,-21.019983508639864,2.0841814486693107,-52.04016782294379,1.952718574732702,-32.88008470323351,2.3978048615992047,-53.85024108547635,2.298130974369264,-55.71750497097438,2.1563438309260934,-11.860101194593643,-1.8100732625325548,-3.6773371480305883,38.233496856189696,-53.271,-56.538,-57.343
60,2,3,30,5,-79.36322354465061,3.1733175667758897,-92.13429332139758,0.8593730187398831,-89.02874072943791,2.9821342354804496,-98.80774677870009,3.3246013428968375,-100.16952344428167,3.0430823522907144,-9.665517184787305,-6.673453457302514,-8.035230122884087,75.68290952717112,-100.534,-96.961,-103.014
60,3,3,30,5,-116.14503653971354,0.5432830086796122,-127.32938838704428,1.2653264831281483,-124.25641615125868,2.3944981399357554,-133.3445332370334,2.0720210221395363,-133.95502265082465,1.81610351549757,-8.111379611545132,-6.015144849989127,-6.62563426378037,72.52436012625088,-135.792,-133.912,-132.161
60,4,3,30,5,-133.05204515245225,2.9980408988122065,-143.80671158854167,2.2155650491572136,-137.1935551011827,4.0146770939302385,-147.34419693332248,3.53564409834478,-147.70859848361548,3.4897114054143956,-4.141509948730459,-3.537485344780805,-3.901886895073801,38.50895770075024,-148.891,-143.781,-150.453
60,5,3,30,5,-128.74481732855904,0.6029440365051649,-144.97235948350695,1.4780835895113746,-132.81132942030166,0.7410976665987733,-148.27380875651042,3.1356171458666853,-148.56440034993489,2.9090541055673187,-4.066512091742624,-3.3014492730034704,-3.5920408664279364,25.059322310881875,-151.538,-145.724,-148.431
60,6,3,30,5,-130.8077465108236,1.6420147882985203,-140.66474652777777,0.7012313938190243,-133.05258559841582,2.0790597964266198,-142.50244799465602,1.036798552731715,-142.62050359429253,1.0683857106035848,-2.2448390875922257,-1.8377014668782579,-1.9557570665147637,22.774059893791943,-142.332,-141.726,-143.804
60,8,3,30,5,-117.00842003885903,2.3596273066624884,-121.70858922322589,3.090585050544645,-117.35765925428602,2.4135577722700297,-121.8402850121392,3.0917598763889336,-121.95008700222438,3.132727215127308,-0.34923921542699077,-0.13169578891331923,-0.24149777899849312,7.430354136795516,-118.355,-124.093,-123.403
80,1,3,30,5,-23.638417972140843,10.59011732590943,-60.31292379082574,3.375431189201401,-34.693529825846355,10.234798931485118,-61.904703345404734,1.3799564200624035,-63.62366391669379,1.9180191857986113,-11.055111853705512,-1.5917795545789915,-3.310740125868051,30.143860447256966,-64.010,-65.319,-61.542
80,2,3,30,5,-81.1027117852105,3.202722993988167,-103.10368339708116,5.457572603213077,-89.73871789550782,3.902950151768887,-108.54532449679904,5.616083139960837,-109.90846256510417,5.519023439748642,-8.636006110297316,-5.441641099717884,-6.804779168023018,39.252839659307355,-109.718,-104.487,-115.520
80,3,3,30,5,-130.01776912434897,3.7111132301183716,-147.92915835232202,2.6789855022273112,-143.43728951009115,2.781612558700707,-157.56315387641055,2.3227888830230037,-158.5747744547526,2.3987476554378975,-13.419520385742175,-9.633995524088533,-10.64561610243058,74.92171720987609,-156.133,-160.929,-158.662
80,4,3,30,5,-153.2208551432292,4.879248040717348,-173.67492713080512,2.860320139974565,-160.64071236165367,5.1105720617147306,-178.45564567057292,2.0581230181933288,-179.2950120646159,2.3250288621806035,-7.419857218424482,-4.780718539767804,-5.620084933810773,36.27569719580239,-178.130,-177.783,-181.972
80,5,3,30,5,-157.08893983629014,3.2071377846243614,-175.67955152384442,2.351071459980773,-161.844464114719,1.949783876627989,-179.73239126586915,0.6688655164384036,-180.10384961954753,0.542192125659841,-4.755524278428851,-4.05283974202473,-4.424298095703108,25.580246407989335,-180.101,-180.647,-179.563
80,6,3,30,5,-153.37548854912652,1.8438866176541209,-169.16918740166554,1.482355725073156,-158.55973873901368,0.9765509284671661,-173.21847280205623,0.8699693482227924,-173.43484820895722,0.6381885933698538,-5.184250189887166,-4.049285400390687,-4.265660807291681,32.824800816394806,-172.892,-174.138,-173.275
80,8,3,30,5,-136.05372284105087,0.553118222965435,-143.11059469943575,0.618208096686376,-136.88222802903917,0.7671828516056935,-143.76360429551866,0.6178146856136578,-143.79898587544758,0.6356389036650031,-0.8285051879882985,-0.6530095960829101,-0.6883911760118337,11.74040289542568,-143.620,-143.272,-144.505
100,1,3,30,5,-27.04053105333116,3.207650534765869,-68.13389110649956,2.4266051937865125,-41.88455232577853,2.8683909874528912,-69.3100795050727,1.2320750703363634,-72.42559838867187,0.8386116691176653,-14.844021272447367,-1.1761883985731316,-4.291707282172311,36.12267590978571,-72.577,-73.179,-71.522
100,2,3,30,5,-81.92240376790363,3.923368806803381,-114.44206176757812,2.153376477626701,-95.31094129774306,2.3927854175029903,-120.46258124457465,2.8667391232509245,-123.39043185763887,3.2766933890965704,-13.388537529839425,-6.020519476996526,-8.948370090060749,41.1705975812336,-119.609,-125.385,-125.177
100,3,3,30,5,-146.59826772732202,6.77034894794208,-176.06702897135415,0.457921114124691,-157.11891638183593,7.041446596090907,-183.4657501085069,2.129791458833414,-184.40190528700086,1.768823278137225,-10.520648654513906,-7.398721137152762,-8.33487631564671,35.70102104866895,-182.640,-186.177,-184.389
100,4,3,30,5,-170.757409898546,2.255133588298483,-204.18626028103293,3.5114538684957792,-178.7018121541341,1.2836987131374176,-207.1394402804904,2.3631292146091245,-208.87352926974822,2.1199058728684763,-7.944402255588102,-2.9531799994574612,-4.687268988715289,23.765107578303386,-206.454,-210.407,-209.759
100,5,3,30,5,-178.84250358072916,1.6433243787499212,-203.84285080973305,1.8009229841538357,-184.19977785915796,1.3638815807671236,-207.53608622911244,1.053805241773756,-208.10654316541886,1.3358160633355263,-5.357274278428804,-3.6932354193793913,-4.263692355685805,21.428799485687215,-207.499,-207.182,-209.638
100,6,3,30,5,-177.77424152289495,4.687449943792656,-198.41679787190753,4.709611641038145,-181.2627194824219,5.718262279497912,-200.1521673719618,5.392973534146033,-200.73678647867837,5.393028386588113,-3.488477959526932,-1.7353695000542757,-2.319988606770835,16.899447435413204,-196.015,-206.614,-199.582
100,8,3,30,5,-159.11136842515734,1.1444653953855195,-168.17578092956543,1.2230130065080207,-161.08022316657173,1.9590723325763468,-169.78308821953667,2.1212504496391213,-169.93308059183755,2.1115772472999343,-1.9688547414143898,-1.6073072899712315,-1.7572996622721178,21.720709869028134,-170.465,-167.606,-171.728
120,1,3,30,5,-27.112268906487362,3.7247648195286005,-74.84141005791558,0.9063587191838736,-38.33835897742377,1.9900298522201454,-75.61758638170029,1.8203054677526973,-78.0591967807346,1.6655503077412772,-11.226090070936412,-0.7761763237847106,-3.217786722819014,23.520410801694233,-79.981,-77.159,-77.037
120,2,3,30,5,-83.58453663465711,8.62400844616424,-129.57435074869792,3.1806332319930504,-98.55374747721355,3.884344867216678,-132.40342058648002,2.0690365427598367,-135.8932344563802,3.2165968251823656,-14.969210842556436,-2.8290698377821,-6.318883707682289,32.54897009463297,-138.108,-137.368,-132.204
120,3,3,30,5,-157.44953101942272,7.651503830096028,-197.05178853352868,7.968922597899006,-166.59579298231336,6.75711008391449,-204.31411261664496,6.564176275999671,-205.54670111762152,6.647908435236065,-9.146261962890634,-7.262324083116283,-8.494912584092845,23.0953045028628,-201.034,-202.426,-213.181
120,4,3,30,5,-189.34833298068574,7.2649326840681,-230.046521742079,10.60647654618001,-199.23220773654512,4.122196407939451,-235.93675115288625,9.766872624597061,-237.51979634602867,8.638200506741057,-9.883874755859381,-5.890229410807251,-7.473274603949676,24.285785330170103,-238.895,-245.388,-228.276
120,5,3,30,5,-203.1092185465495,3.359372245026214,-236.96913045247393,3.390179886174318,-210.79245210096573,2.4165545394269765,-243.0566463487413,4.0561539362693555,-244.2102909613715,4.052698961349349,-7.683233554416233,-6.0875158962673765,-7.241160508897565,22.691239055090115,-245.058,-247.772,-239.801
120,6,3,30,5,-201.23671974012586,0.9002882513026241,-228.35900634087454,0.7068136359611604,-206.53693042670355,1.2215263538231051,-232.6993399793836,1.156235024391143,-233.15895645480683,1.0073446135862085,-5.300210686577685,-4.340333638509065,-4.799950113932283,19.5419020696853,-233.410,-232.050,-234.017
120,8,3,30,5,-178.6761079457601,4.565078888953965,-191.5747325761583,4.444569259612188,-180.81070789252385,4.448039201980832,-193.11341273328992,5.420454889216731,-193.523987379286,5.157288805240566,-2.134599946763757,-1.5386801571316084,-1.949254803127701,16.549050832389838,-187.698,-195.369,-197.505
150,1,3,30,5,-36.23552437676324,10.195176450658705,-78.0294953748915,8.729890124941345,-50.65089940812853,8.038715065057321,-80.54368825276696,5.9239841248300396,-83.09179999457467,6.30799888442821,-14.415375031365294,-2.514192877875459,-5.062304619683175,34.491518003902726,-84.232,-76.291,-88.752
150,2,3,30,5,-72.09074652777777,8.999255208293281,-139.7058592936198,7.968714045542523,-91.74393204752603,6.645161042297231,-142.99193202039933,4.09809358728059,-148.93871618652346,5.203649314331993,-19.653185519748263,-3.286072726779537,-9.23285689290367,29.066261543938012,-151.591,-142.943,-152.282
150,3,3,30,5,-169.16086756727432,3.640545895034144,-230.18553290473093,6.134912610746961,-178.76207717556426,2.04826222529925,-234.0167028266059,3.3918826386474685,-237.54875078667536,3.8965493998554375,-9.601209608289935,-3.8311699218749595,-7.363217881944422,15.733326115263043,-236.115,-234.572,-241.959
150,4,3,30,5,-211.45442822265628,3.228674389082955,-263.197419921875,4.233199143862986,-223.2983999294705,2.9802024976243757,-270.48433439127604,2.319147251404593,-271.7624261745877,2.520935807914506,-11.843971706814216,-7.28691446940104,-8.565006252712692,22.890001752629722,-273.940,-272.347,-269.001
150,5,3,30,5,-229.7489793701172,2.6098175001691577,-272.66888937717016,2.510258036941087,-236.08025417751733,1.3940590836657842,-276.9330093858507,2.0201852489258783,-278.07445795355903,2.4021390082067366,-6.331274807400121,-4.26412000868055,-5.405568576388873,14.751370183114815,-275.735,-280.535,-277.953
150,6,3,30,5,-225.51528801812069,4.192416944621641,-259.1585193752713,4.632307192780869,-231.8079670817057,1.818492027447579,-262.10200023735894,1.4799682765968896,-263.4539167548285,1.331132694428957,-6.2926790635850125,-2.943480862087654,-4.295397379557244,18.704145855619647,-262.051,-264.699,-263.612
150,8,3,30,5,-208.0868701205783,1.9751237424423225,-225.15313337537975,3.3236832042722377,-212.3363924594455,1.5661471778937517,-228.4709394124349,2.2037255903881485,-228.9454142896864,2.463225546322983,-4.2495223388671945,-3.317806037055135,-3.7922809143066445,24.900133529064302,-228.575,-231.573,-226.689
200,1,3,30,5,-40.2684281624688,5.59834769116579,-83.88847147623699,3.5081275988348173,-57.01914533657498,6.260115438257163,-86.07881829833984,6.643415247901078,-90.9045616929796,4.3671270103168816,-16.750717174106178,-2.1903468221028533,-7.016090216742612,38.40142260660938,-93.819,-93.012,-85.883
200,2,3,30,5,-51.53695670572916,4.551037371667405,-165.15878960503474,3.817783327807465,-73.2262548828125,5.482670252402897,-156.02476136610244,3.8452029515824124,-168.7288616400825,2.334828379313281,-21.689298177083337,9.134028238932302,-3.570072035047758,19.089023318524458,-171.323,-166.796,-168.067
200,3,3,30,5,-194.36667906358505,6.630794819158166,-275.5139491916232,8.566852127021555,-206.80477926974822,4.347427337971801,-277.4538801676432,5.783681760100359,-282.8982275797526,6.723999469115764,-12.43810020616317,-1.9399309760199799,-7.38427838812936,15.32781101143356,-290.646,-278.583,-279.466
200,4,3,30,5,-251.7543098280165,3.2759514586504976,-315.0215887451172,3.750064405445964,-263.209153266059,2.348765434500689,-324.05767989095057,3.9556406233706545,-325.4986109890408,3.3841987363002186,-11.454843438042502,-9.036091145833382,-10.477022243923614,18.105478272665746,-329.132,-322.437,-324.926
200,5,3,30,5,-272.01755478244354,2.356231592983683,-327.8094407280816,4.229782157310159,-279.1359354248047,2.308796472790091,-329.7425829671224,2.3081063509427517,-332.29643583170576,2.281174404941677,-7.11838064236116,-1.9331422390408193,-4.486995103624167,12.758809855069421,-334.422,-329.886,-332.581
200,6,3,30,5,-269.43529983181423,1.4039854195878751,-310.74867817518447,0.9318832111187846,-278.64043020290796,2.1473661707314102,-319.2646960449219,2.064584772212052,-319.7914206610786,1.8443627372107758,-9.20513037109373,-8.516017869737425,-9.04274248589411,22.281233683158533,-317.662,-320.871,-320.841
200,8,3,30,5,-249.8022255689833,0.795634751897194,-273.7037396104601,2.065016282485105,-253.2165284966363,1.3546578418803912,-276.28080910915804,2.0171698297466545,-276.67991912163626,2.1470175828067717,-3.4143029276530115,-2.577069498697938,-2.9761795111761558,14.284881374996152,-274.221,-277.637,-278.182
