M,K,n_seeds,instances,beam_width,greedy_pre_mean,greedy_pre_std,greedy_pp_mean,greedy_pp_std,beam_pre_mean,beam_pre_std,beam_pp_mean,beam_pp_std,d_raw,d_final,recovery_pct,beam_pp_seed0,beam_pp_seed1,beam_pp_seed2
50,1,3,30,5,-19.026323405795623,4.063463411328143,-44.32504130045572,0.8095817884515008,-30.89815378316244,2.619243509670644,-45.217062327067055,0.5499844140214811,-11.871830377366816,-0.8920210266113315,46.92660879811878,-44.875,-44.925,-45.851
50,2,3,30,5,-70.33518811035157,1.8627025197561824,-87.0754111328125,0.3684413618777132,-78.54212611897786,1.269276433525707,-89.93838663736979,0.7128996168837665,-8.206938008626295,-2.8629755045572836,49.02526087982677,-89.781,-89.317,-90.717
50,3,3,30,5,-105.61863932291668,3.653179256874219,-114.56852627224391,2.788634702109369,-111.71221686469183,2.8849277745989497,-118.58523461235893,2.5642496192303126,-6.093577541775147,-4.0167083401150165,68.08552528401715,-119.391,-120.650,-115.715
50,4,3,30,5,-118.91808123779295,3.933581073558053,-128.3564767489963,5.042661378067585,-125.28526421101888,4.702915973516396,-133.48269379679363,6.279767482837743,-6.367182973225937,-5.126217047797326,67.46043822457011,-139.175,-126.746,-134.527
50,5,3,30,5,-122.0218167385525,1.060151265355569,-130.100114976671,0.7677807165613533,-125.83204142252605,0.5409182108549615,-133.57771448092993,0.8861800647535893,-3.8102246839735443,-3.477599504258933,47.16617995105092,-132.926,-133.220,-134.587
50,6,3,30,5,-117.23413338385687,2.593682137172849,-124.67694048224554,2.04182981654093,-119.68730753411188,2.8381326627539436,-126.86897188144258,2.1822999973360644,-2.453174150255009,-2.1920313991970346,32.960334962679724,-128.595,-124.416,-127.596
50,8,3,30,5,-94.91889751603867,0.8624040015661312,-98.02196597968207,0.6713147959166307,-95.72364969974093,1.1489423569417574,-98.68199937862819,0.6381035973482185,-0.8047521837022629,-0.6600333989461262,25.934077611596802,-98.953,-99.140,-97.953
60,1,3,30,5,-21.019983508639864,2.0841814486693107,-52.04016782294379,1.952718574732702,-32.88008470323351,2.3978048615992047,-53.85024108547635,2.298130974369264,-11.860101194593643,-1.8100732625325548,38.233496856189696,-51.247,-54.706,-55.598
60,2,3,30,5,-79.36322354465061,3.1733175667758897,-92.13429332139758,0.8593730187398831,-89.02874072943791,2.9821342354804496,-98.80774677870009,3.3246013428968375,-9.665517184787305,-6.673453457302514,75.68290952717112,-99.934,-95.066,-101.423
60,3,3,30,5,-116.14503653971354,0.5432830086796122,-127.32938838704428,1.2653264831281483,-124.25641615125868,2.3944981399357554,-133.3445332370334,2.0720210221395363,-8.111379611545132,-6.015144849989127,72.52436012625088,-135.457,-133.260,-131.316
60,4,3,30,5,-133.05204515245225,2.9980408988122065,-143.80671158854167,2.2155650491572136,-137.1935551011827,4.0146770939302385,-147.34419693332248,3.53564409834478,-4.141509948730459,-3.537485344780805,38.50895770075024,-148.430,-143.393,-150.210
60,5,3,30,5,-128.74481732855904,0.6029440365051649,-144.97235948350695,1.4780835895113746,-132.81132942030166,0.7410976665987733,-148.27380875651042,3.1356171458666853,-4.066512091742624,-3.3014492730034704,25.059322310881875,-151.450,-145.180,-148.192
60,6,3,30,5,-130.8077465108236,1.6420147882985203,-140.66474652777777,0.7012313938190243,-133.05258559841582,2.0790597964266198,-142.50244799465602,1.036798552731715,-2.2448390875922257,-1.8377014668782579,22.774059893791943,-142.102,-141.726,-143.680
60,8,3,30,5,-117.00842003885903,2.3596273066624884,-121.70858922322589,3.090585050544645,-117.35765925428602,2.4135577722700297,-121.8402850121392,3.0917598763889336,-0.34923921542699077,-0.13169578891331923,7.430354136795516,-118.285,-123.898,-123.337
80,1,3,30,5,-23.638417972140843,10.59011732590943,-60.31292379082574,3.375431189201401,-34.693529825846355,10.234798931485118,-61.904703345404734,1.3799564200624035,-11.055111853705512,-1.5917795545789915,30.143860447256966,-63.248,-61.975,-60.491
80,2,3,30,5,-81.1027117852105,3.202722993988167,-103.10368339708116,5.457572603213077,-89.73871789550782,3.902950151768887,-108.54532449679904,5.616083139960837,-8.636006110297316,-5.441641099717884,39.252839659307355,-107.634,-103.441,-114.562
80,3,3,30,5,-130.01776912434897,3.7111132301183716,-147.92915835232202,2.6789855022273112,-143.43728951009115,2.781612558700707,-157.56315387641055,2.3227888830230037,-13.419520385742175,-9.633995524088533,74.92171720987609,-155.549,-160.104,-157.037
80,4,3,30,5,-153.2208551432292,4.879248040717348,-173.67492713080512,2.860320139974565,-160.64071236165367,5.1105720617147306,-178.45564567057292,2.0581230181933288,-7.419857218424482,-4.780718539767804,36.27569719580239,-177.363,-177.174,-180.830
80,5,3,30,5,-157.08893983629014,3.2071377846243614,-175.67955152384442,2.351071459980773,-161.844464114719,1.949783876627989,-179.73239126586915,0.6688655164384036,-4.755524278428851,-4.05283974202473,25.580246407989335,-179.696,-180.419,-179.083
80,6,3,30,5,-153.37548854912652,1.8438866176541209,-169.16918740166554,1.482355725073156,-158.55973873901368,0.9765509284671661,-173.21847280205623,0.8699693482227924,-5.184250189887166,-4.049285400390687,32.824800816394806,-172.408,-174.138,-173.110
80,8,3,30,5,-136.05372284105087,0.553118222965435,-143.11059469943575,0.618208096686376,-136.88222802903917,0.7671828516056935,-143.76360429551866,0.6178146856136578,-0.8285051879882985,-0.6530095960829101,11.74040289542568,-143.620,-143.230,-144.440
100,1,3,30,5,-27.04053105333116,3.207650534765869,-68.13389110649956,2.4266051937865125,-41.88455232577853,2.8683909874528912,-69.3100795050727,1.2320750703363634,-14.844021272447367,-1.1761883985731316,36.12267590978571,-70.713,-68.811,-68.406
100,2,3,30,5,-81.92240376790363,3.923368806803381,-114.44206176757812,2.153376477626701,-95.31094129774306,2.3927854175029903,-120.46258124457465,2.8667391232509245,-13.388537529839425,-6.020519476996526,41.1705975812336,-117.257,-122.781,-121.350
100,3,3,30,5,-146.59826772732202,6.77034894794208,-176.06702897135415,0.457921114124691,-157.11891638183593,7.041446596090907,-183.4657501085069,2.129791458833414,-10.520648654513906,-7.398721137152762,35.70102104866895,-181.171,-185.379,-183.847
100,4,3,30,5,-170.757409898546,2.255133588298483,-204.18626028103293,3.5114538684957792,-178.7018121541341,1.2836987131374176,-207.1394402804904,2.3631292146091245,-7.944402255588102,-2.9531799994574612,23.765107578303386,-204.575,-207.614,-209.229
100,5,3,30,5,-178.84250358072916,1.6433243787499212,-203.84285080973305,1.8009229841538357,-184.19977785915796,1.3638815807671236,-207.53608622911244,1.053805241773756,-5.357274278428804,-3.6932354193793913,21.428799485687215,-207.083,-206.784,-208.741
100,6,3,30,5,-177.77424152289495,4.687449943792656,-198.41679787190753,4.709611641038145,-181.2627194824219,5.718262279497912,-200.1521673719618,5.392973534146033,-3.488477959526932,-1.7353695000542757,16.899447435413204,-195.615,-206.115,-198.726
100,8,3,30,5,-159.11136842515734,1.1444653953855195,-168.17578092956543,1.2230130065080207,-161.08022316657173,1.9590723325763468,-169.78308821953667,2.1212504496391213,-1.9688547414143898,-1.6073072899712315,21.720709869028134,-170.406,-167.420,-171.523
120,1,3,30,5,-27.112268906487362,3.7247648195286005,-74.84141005791558,0.9063587191838736,-38.33835897742377,1.9900298522201454,-75.61758638170029,1.8203054677526973,-11.226090070936412,-0.7761763237847106,23.520410801694233,-77.718,-74.507,-74.627
120,2,3,30,5,-83.58453663465711,8.62400844616424,-129.57435074869792,3.1806332319930504,-98.55374747721355,3.884344867216678,-132.40342058648002,2.0690365427598367,-14.969210842556436,-2.8290698377821,32.54897009463297,-133.018,-134.095,-130.097
120,3,3,30,5,-157.44953101942272,7.651503830096028,-197.05178853352868,7.968922597899006,-166.59579298231336,6.75711008391449,-204.31411261664496,6.564176275999671,-9.146261962890634,-7.262324083116283,23.0953045028628,-200.814,-200.241,-211.887
120,4,3,30,5,-189.34833298068574,7.2649326840681,-230.046521742079,10.60647654618001,-199.23220773654512,4.122196407939451,-235.93675115288625,9.766872624597061,-9.883874755859381,-5.890229410807251,24.285785330170103,-237.865,-244.596,-225.350
120,5,3,30,5,-203.1092185465495,3.359372245026214,-236.96913045247393,3.390179886174318,-210.79245210096573,2.4165545394269765,-243.0566463487413,4.0561539362693555,-7.683233554416233,-6.0875158962673765,22.691239055090115,-244.282,-246.359,-238.529
120,6,3,30,5,-201.23671974012586,0.9002882513026241,-228.35900634087454,0.7068136359611604,-206.53693042670355,1.2215263538231051,-232.6993399793836,1.156235024391143,-5.300210686577685,-4.340333638509065,19.5419020696853,-233.289,-231.367,-233.441
120,8,3,30,5,-178.6761079457601,4.565078888953965,-191.5747325761583,4.444569259612188,-180.81070789252385,4.448039201980832,-193.11341273328992,5.420454889216731,-2.134599946763757,-1.5386801571316084,16.549050832389838,-186.980,-195.097,-197.262
150,1,3,30,5,-36.23552437676324,10.195176450658705,-78.0294953748915,8.729890124941345,-50.65089940812853,8.038715065057321,-80.54368825276696,5.9239841248300396,-14.415375031365294,-2.514192877875459,34.491518003902726,-81.251,-74.298,-86.082
150,2,3,30,5,-72.09074652777777,8.999255208293281,-139.7058592936198,7.968714045542523,-91.74393204752603,6.645161042297231,-142.99193202039933,4.09809358728059,-19.653185519748263,-3.286072726779537,29.066261543938012,-144.757,-138.307,-145.912
150,3,3,30,5,-169.16086756727432,3.640545895034144,-230.18553290473093,6.134912610746961,-178.76207717556426,2.04826222529925,-234.0167028266059,3.3918826386474685,-9.601209608289935,-3.8311699218749595,15.733326115263043,-234.049,-230.609,-237.392
150,4,3,30,5,-211.45442822265628,3.228674389082955,-263.197419921875,4.233199143862986,-223.2983999294705,2.9802024976243757,-270.48433439127604,2.319147251404593,-11.843971706814216,-7.28691446940104,22.890001752629722,-272.522,-270.971,-267.960
150,5,3,30,5,-229.7489793701172,2.6098175001691577,-272.66888937717016,2.510258036941087,-236.08025417751733,1.3940590836657842,-276.9330093858507,2.0201852489258783,-6.331274807400121,-4.26412000868055,14.751370183114815,-274.819,-278.845,-277.135
150,6,3,30,5,-225.51528801812069,4.192416944621641,-259.1585193752713,4.632307192780869,-231.8079670817057,1.818492027447579,-262.10200023735894,1.4799682765968896,-6.2926790635850125,-2.943480862087654,18.704145855619647,-260.412,-262.725,-263.168
150,8,3,30,5,-208.0868701205783,1.9751237424423225,-225.15313337537975,3.3236832042722377,-212.3363924594455,1.5661471778937517,-228.4709394124349,2.2037255903881485,-4.2495223388671945,-3.317806037055135,24.900133529064302,-228.020,-230.865,-226.528
200,1,3,30,5,-40.2684281624688,5.59834769116579,-83.88847147623699,3.5081275988348173,-57.01914533657498,6.260115438257163,-86.07881829833984,6.643415247901078,-16.750717174106178,-2.1903468221028533,38.40142260660938,-89.831,-89.997,-78.408
200,2,3,30,5,-51.53695670572916,4.551037371667405,-165.15878960503474,3.817783327807465,-73.2262548828125,5.482670252402897,-156.02476136610244,3.8452029515824124,-21.689298177083337,9.134028238932302,19.089023318524458,-157.997,-158.483,-151.594
200,3,3,30,5,-194.36667906358505,6.630794819158166,-275.5139491916232,8.566852127021555,-206.80477926974822,4.347427337971801,-277.4538801676432,5.783681760100359,-12.43810020616317,-1.9399309760199799,15.32781101143356,-284.125,-273.840,-274.397
200,4,3,30,5,-251.7543098280165,3.2759514586504976,-315.0215887451172,3.750064405445964,-263.209153266059,2.348765434500689,-324.05767989095057,3.9556406233706545,-11.454843438042502,-9.036091145833382,18.105478272665746,-328.293,-320.459,-323.422
200,5,3,30,5,-272.01755478244354,2.356231592983683,-327.8094407280816,4.229782157310159,-279.1359354248047,2.308796472790091,-329.7425829671224,2.3081063509427517,-7.11838064236116,-1.9331422390408193,12.758809855069421,-331.946,-327.342,-329.940
200,6,3,30,5,-269.43529983181423,1.4039854195878751,-310.74867817518447,0.9318832111187846,-278.64043020290796,2.1473661707314102,-319.2646960449219,2.064584772212052,-9.20513037109373,-8.516017869737425,22.281233683158533,-316.907,-320.750,-320.137
200,8,3,30,5,-249.8022255689833,0.795634751897194,-273.7037396104601,2.065016282485105,-253.2165284966363,1.3546578418803912,-276.28080910915804,2.0171698297466545,-3.4143029276530115,-2.577069498697938,14.284881374996152,-274.004,-276.992,-277.846
