layout,M,Emax,K,seed,coord,replan,divert,q,belief,tau,planner,L,Th,J,n_diverts,J_age,J_event,n_replans,n_never,share_never,n_reach_inf,K_reach_i,K_commute_i,r_max,r_c,rmax_over_rc,regime_bnd,P_bar,dup_frac,trunc_frac,empty_frac,T_s_over_t_c,mean_n,catch_rate,T_rev,n_sorties,secs
paper,100,1500000.0,4,11,exclude,launch,0,0.0,prior,0.0,sa,12600.0,43200,671151.2601191108,0,459084.05154735513,212067.20857175573,0,0,0.0,0,4.559053205441548,18.16923599389789,8440.41818863996,1094.1823854584145,7.713904282149264,2.0120260829352716,307.25903776239284,0.0,0.016853932584269662,0.0,2.0269768356726408,15.278195488721805,0.7839029768467475,1637.7693330810048,133,34.866612911224365
paper,100,1500000.0,4,1,exclude,launch,0,0.0,prior,0.0,sa,12600.0,43200,738359.6408133311,0,512218.3241492148,226141.31666411637,0,0,0.0,0,4.704263543576533,8.460356617103633,8169.591647266075,2347.64157839391,3.4799143627602347,2.01390754582551,308.4025534445727,0.0,0.011235955056179775,0.0,2.030180004971259,13.676691729323307,0.7689804772234273,1827.249631634057,133,35.563122510910034
paper,100,1500000.0,4,5,exclude,launch,0,0.0,prior,0.0,sa,12600.0,43200,743774.9203262085,0,507676.8377196882,236098.0826065202,0,0,0.0,0,4.716895252054816,9.106518209739125,8146.821061143593,2181.6397477200876,3.734265049789907,2.013374637348086,308.07844668610966,0.0,0.005649717514124294,0.0,2.032032450172231,14.323308270676693,0.7577706323687031,1743.2571847845015,133,35.75621223449707
paper,100,1500000.0,4,9,exclude,launch,0,0.0,prior,0.0,sa,12600.0,43200,818560.3670092218,0,523854.67278979,294705.6942194318,0,0,0.0,0,4.740333835912077,8.744380901022888,8104.8909320055,2272.2952760473886,3.566829987915916,2.0131037540045984,307.913764913463,0.0,0.0,0.0,2.0346128360903752,13.8796992481203,0.7603583426651735,1801.6343428903695,133,36.01635456085205
paper,100,1500000.0,4,4,exclude,launch,0,0.0,prior,0.0,sa,12600.0,43200,814867.1829069988,0,529248.1304378421,285619.0524691567,0,0,0.0,0,4.769804670462605,13.007503152284945,8052.7543083059945,1528.1665238798828,5.269552880834444,2.012312244268531,307.4328239687969,0.0,0.005681818181818182,0.0,2.035624655718328,15.465648854961833,0.7913223140495868,1613.3803563318995,131,36.25790619850159
paper,100,1500000.0,4,6,exclude,launch,0,0.0,prior,0.0,sa,12600.0,43200,745620.6138832616,0,497720.2253754861,247900.38850777555,0,0,0.0,0,4.756459715300161,8.674918490524615,8076.28272445257,2289.532801189029,3.5274806808875123,2.0139455222984104,308.42565665669895,0.0,0.0,0.0,2.0267070435710237,14.76865671641791,0.7662061636556854,1676.3741136529893,134,36.41451406478882
paper,100,1500000.0,4,3,exclude,launch,0,0.0,prior,0.0,sa,12600.0,43200,698978.4623895994,0,470668.53585314256,228309.92653645683,0,0,0.0,0,5.054127002413989,11.662775680189046,7580.990936890765,1704.5209225297106,4.447578693043954,2.01212859185624,307.3212859358686,0.0,0.011299435028248588,0.0,2.0335871236548937,16.015037593984964,0.7464940668824164,1558.9182125202817,133,37.812793016433716
paper,100,1500000.0,4,7,exclude,launch,0,0.0,prior,0.0,sa,12600.0,43200,691606.3946483008,0,469146.1044380427,222460.2902102581,0,0,0.0,0,5.218509503934779,11.647278382492225,7331.690553245741,1705.8292705123176,4.298021308453564,2.0132605027046893,308.0090539024079,0.0,0.01694915254237288,0.0,2.031568307425509,16.12878787878788,0.7613516367476241,1547.3571232714478,132,37.83429312705994
paper,100,1500000.0,4,12,exclude,launch,0,0.0,prior,0.0,sa,12600.0,43200,808359.6778294476,0,542698.6456632749,265661.0321661725,0,0,0.0,0,4.442264204156416,10.716908284162498,8671.083820102498,1854.6232680234596,4.675388241701287,2.012494829222785,307.5437337608628,0.0,0.01694915254237288,0.0,2.037621700929912,14.833333333333334,0.7923250564334086,1691.3345662984386,132,38.554845094680786
paper,100,1500000.0,4,10,exclude,launch,0,0.0,prior,0.0,sa,12600.0,43200,725602.3168589443,0,498549.6839778832,227052.63288106103,0,0,0.0,0,5.240538724622278,9.8639792437872,7299.469724120093,2014.5075155817299,3.623451224510435,2.012977634587293,307.83710645222044,0.0,0.01694915254237288,0.0,2.0352767165286183,15.424242424242424,0.7601279317697228,1631.7430535201054,132,38.95461177825928
paper,100,1500000.0,4,2,exclude,launch,0,0.0,prior,0.0,sa,12600.0,43200,736408.5382316451,0,500218.969510369,236189.56872127613,0,0,0.0,0,4.539162858794823,13.46301876340568,8478.86425558954,1476.588944341944,5.742196762395663,2.012138763981338,307.32746326610106,0.0,0.0,0.0,2.02498605299205,15.864661654135338,0.789760348583878,1570.665687299545,133,39.33772039413452
paper,100,1500000.0,4,8,exclude,launch,0,0.0,prior,0.0,sa,12600.0,43200,678444.813019771,0,461670.91782898386,216773.89519078718,0,0,0.0,0,4.788543228013972,17.84987058194796,8019.937817272908,1113.8607207608775,7.20012625258434,2.011842741277432,307.1477199227486,0.0,0.005649717514124294,0.0,2.0310014327079435,16.127819548872182,0.8112543962485346,1544.5947006457875,133,40.37380504608154
paper,100,1500000.0,4,1,exclude,launch,0,0.0,prior,0.0,greedy,12600.0,43200,871057.8603550358,0,569530.4021876086,301527.4581674271,0,0,0.0,0,4.704263543576533,6.96183530825145,8169.591647266075,2851.682978370345,2.864831648269248,2.014814198759903,308.9543574014113,0.0,0.0,0.0,2.020201345533451,12.052238805970148,0.755750273822563,2054.655942480463,134,0.1400144100189209
paper,100,1500000.0,4,5,exclude,launch,0,0.0,prior,0.0,greedy,12600.0,43200,928514.2268118439,0,574793.3917849215,353720.8350269223,0,0,0.0,0,4.716895252054816,7.763263488123311,8146.821061143593,2558.023632020137,3.1848107105679238,2.0142395188139157,308.60454045716494,0.0,0.005555555555555556,0.0,2.0127887615683617,12.419117647058824,0.7323340471092077,1972.6152478085892,136,0.1400144100189209
paper,100,1500000.0,4,2,exclude,launch,0,0.0,prior,0.0,greedy,12600.0,43200,821456.6087371166,0,554698.2686009023,266758.34013621416,0,0,0.0,0,4.539162858794823,11.403016372546045,8478.86425558954,1742.9884946601774,4.864555492801819,2.012545570934209,307.57455996554506,0.0,0.0056179775280898875,0.0,2.027825259504329,14.436090225563909,0.7822757111597374,1728.734170418101,133,0.14951491355895996
paper,100,1500000.0,4,7,exclude,launch,0,0.0,prior,0.0,greedy,12600.0,43200,851094.2266304117,0,546818.4516096974,304275.77502071427,0,0,0.0,0,5.218509503934779,10.229072854497185,7331.690553245741,1942.0150946773267,3.7753004975813176,2.0135903365357324,308.20961109558596,0.0,0.0,0.0,2.0201188289433762,13.669172932330827,0.7595338983050848,1818.0394762624098,133,0.1375105381011963
paper,100,1500000.0,4,6,exclude,launch,0,0.0,prior,0.0,greedy,12600.0,43200,835070.4880703641,0,552756.3451856351,282314.142884729,0,0,0.0,0,4.756459715300161,7.154583313504935,8076.28272445257,2774.5135352615835,2.910882438240162,2.015063786411456,309.10634714518864,0.0,0.00558659217877095,0.0,2.0126676738595592,12.789473684210526,0.7392241379310345,1937.530887922975,133,0.1395120620727539
paper,100,1500000.0,4,8,exclude,launch,0,0.0,prior,0.0,greedy,12600.0,43200,772634.4230557166,0,531282.976503692,241351.4465520245,0,0,0.0,0,4.788543228013972,14.143135068600602,8019.937817272908,1405.5243182889692,5.70601142428903,2.0122222099583977,307.3781406999189,0.0,0.00558659217877095,0.0,2.0224099177683725,14.201492537313433,0.7828106852497096,1740.428380787313,134,0.14051270484924316
paper,100,1500000.0,4,4,exclude,launch,0,0.0,prior,0.0,greedy,12600.0,43200,907812.6514127932,0,588792.4606904566,319020.1907223366,0,0,0.0,0,4.769804670462605,12.51940752367414,8052.7543083059945,1587.5748540428358,5.072361966303049,2.012528333815319,307.5640880336478,0.0,0.0,0.0,2.026642423965277,14.030075187969924,0.7800829875518672,1766.8247310876209,133,0.1680159568786621
paper,100,1500000.0,4,9,exclude,launch,0,0.0,prior,0.0,greedy,12600.0,43200,1005991.6029211755,0,637950.0706554161,368041.5322657594,0,0,0.0,0,4.740333835912077,6.896847307779018,8104.8909320055,2879.605154003456,2.8145841178042885,2.0140787068492396,308.5066871055078,0.0,0.0,0.0,2.0222582620959746,11.413533834586467,0.7104677060133631,2185.690677290073,133,0.16701173782348633
paper,100,1500000.0,4,3,exclude,launch,0,0.0,prior,0.0,greedy,12600.0,43200,791930.3804991107,0,526409.062214856,265521.3182842545,0,0,0.0,0,5.054127002413989,9.705013395938733,7580.990936890765,2047.850133610409,3.701926626596105,2.012638060864006,307.63075269312424,0.0,0.00558659217877095,0.0,2.0182315038845218,13.962686567164178,0.7147401908801697,1770.8637879629346,134,0.19151544570922852
paper,100,1500000.0,4,11,exclude,launch,0,0.0,prior,0.0,greedy,12600.0,43200,767674.153269954,0,523192.9170136127,244481.23625634133,0,0,0.0,0,4.559053205441548,16.62000804068076,8440.41818863996,1196.0659819034984,7.056816527134499,2.0122114840467953,307.37162653086483,0.0,0.011235955056179775,0.0,2.027025176101759,14.082706766917294,0.7516483516483516,1770.3464701478324,133,0.17000675201416016
paper,100,1500000.0,4,10,exclude,launch,0,0.0,prior,0.0,greedy,12600.0,43200,841069.0349556406,0,559885.2366702481,281183.79828539246,0,0,0.0,0,5.240538724622278,7.856319783241607,7299.469724120093,2528.167219159251,2.8872574839205263,2.0138867420104907,308.38989768739407,0.0,0.0056179775280898875,0.0,2.019579976179733,13.455223880597014,0.7473002159827213,1835.0218946216746,134,0.17751288414001465
paper,100,1500000.0,4,12,exclude,launch,0,0.0,prior,0.0,greedy,12600.0,43200,904635.1970675262,0,602205.6760355777,302429.5210319485,0,0,0.0,0,4.442264204156416,10.336987796106015,8671.083820102498,1922.6419175938574,4.509983757638116,2.0126468652378247,307.6361021027978,0.0,0.0,0.0,2.019497009256796,13.225563909774436,0.75,1884.3306953105312,133,0.16800665855407715
paper,100,1500000.0,4,9,exclude,launch,0,0.0,prior,0.0,sa_norepair,12600.0,43200,920943.5668711415,0,608755.9533978723,312187.6134732693,0,0,0.0,0,4.740333835912077,7.406445023930642,8104.8909320055,2681.9018238529416,3.022068466459241,2.0137581550087136,308.3116790540011,0.0,0.0,0.0,2.018889071050571,11.873134328358208,0.7396648044692737,2079.6996094655874,134,7.632221460342407
paper,100,1500000.0,4,5,exclude,launch,0,0.0,prior,0.0,sa_norepair,12600.0,43200,884054.0477309435,0,579694.530702523,304359.5170284205,0,0,0.0,0,4.716895252054816,8.086838448272038,8146.821061143593,2455.9187884990856,3.3172192416519013,2.014035969266467,308.48068408985466,0.0,0.0,0.0,2.0106949009463007,12.444444444444445,0.7446581196581197,1976.0868458533632,135,8.174762964248657
paper,100,1500000.0,4,12,exclude,launch,0,0.0,prior,0.0,sa_norepair,12600.0,43200,923321.3030947325,0,598084.2547451677,325237.0483495649,0,0,0.0,0,4.442264204156416,10.278402572901024,8671.083820102498,1933.7213251371923,4.4841434530321,2.012521279133529,307.5598022094595,0.0,0.016853932584269662,0.0,2.0192477826294386,13.165413533834586,0.7402015677491601,1889.4549023436448,133,8.211769819259644
paper,100,1500000.0,4,11,exclude,launch,0,0.0,prior,0.0,sa_norepair,12600.0,43200,739789.6854539486,0,517896.3236393486,221893.36181459998,0,0,0.0,0,4.559053205441548,17.51113285897113,8440.41818863996,1135.2698202202994,7.434724360947158,2.0120865381746027,307.2957482262754,0.0,0.0056179775280898875,0.0,2.0258884713391225,13.887218045112782,0.7649667405764967,1795.9468952557534,133,8.215769052505493
paper,100,1500000.0,4,2,exclude,launch,0,0.0,prior,0.0,sa_norepair,12600.0,43200,777108.6741302265,0,541569.157356091,235539.51677413555,0,0,0.0,0,4.539162858794823,11.848083603871098,8478.86425558954,1677.6062335533538,5.054144462512146,2.0124349452531813,307.5073555109436,0.0,0.00558659217877095,0.0,2.0199502429063356,14.61654135338346,0.7615384615384615,1695.8995894283753,133,8.327775478363037
paper,100,1500000.0,4,7,exclude,launch,0,0.0,prior,0.0,sa_norepair,12600.0,43200,809222.4402030116,0,525877.2334906239,283345.2067123877,0,0,0.0,0,5.218509503934779,10.917119788309133,7331.690553245741,1819.7392253497935,4.02897868612819,2.0134588543040417,308.12965481017824,0.0,0.00558659217877095,0.0,2.017021793143986,14.059701492537313,0.7513061650992685,1760.4325135698193,134,8.569879531860352
paper,100,1500000.0,4,6,exclude,launch,0,0.0,prior,0.0,sa_norepair,12600.0,43200,870122.6661514576,0,552206.6752401887,317915.9909112688,0,0,0.0,0,4.756459715300161,7.812378188527927,8076.28272445257,2541.7225601088276,3.177483983187674,2.0144133399798907,308.71032729874736,0.0,0.00558659217877095,0.0,2.011037645876479,13.082089552238806,0.7427961579509071,1890.2328324505995,134,8.611385107040405
paper,100,1500000.0,4,3,exclude,launch,0,0.0,prior,0.0,sa_norepair,12600.0,43200,765025.6871048652,0,512802.68292146566,252223.00418339952,0,0,0.0,0,5.054127002413989,10.550039282316149,7580.990936890765,1884.0566061113686,4.023759643048986,2.01238915261366,307.47953889894166,0.0,0.01675977653631285,0.0,2.0174456842990325,14.470149253731343,0.7336197636949516,1716.9902215842876,134,8.654882192611694
paper,100,1500000.0,4,1,exclude,launch,0,0.0,prior,0.0,sa_norepair,12600.0,43200,825673.4313286653,0,548109.4999857142,277563.931342951,0,0,0.0,0,4.704263543576533,7.535333715782732,8169.591647266075,2635.2359131341677,3.1001367302822334,2.0143642273223166,308.68043570136,0.0,0.0,0.0,2.010047331529099,12.522388059701493,0.7281659388646288,1968.9860899555738,134,8.833404779434204
paper,100,1500000.0,4,4,exclude,launch,0,0.0,prior,0.0,sa_norepair,12600.0,43200,920898.796571324,0,585288.0446097715,335610.75196155254,0,0,0.0,0,4.769804670462605,12.55394794733651,8052.7543083059945,1583.2517886444016,5.0862120390849865,2.0124712296551728,307.52939726383727,0.0,0.0,0.0,2.016424505827098,14.111940298507463,0.7908902691511387,1752.686279389769,134,8.947906970977783
paper,100,1500000.0,4,8,exclude,launch,0,0.0,prior,0.0,sa_norepair,12600.0,43200,746243.4195629867,0,513408.89410501986,232834.5254579669,0,0,0.0,0,4.788543228013972,17.09048748111664,8019.937817272908,1163.3386505228225,6.8938978462278575,2.0118675395548067,307.1627752814096,0.0,0.0,0.0,2.0119651247034716,14.323308270676693,0.7729411764705882,1730.7209718234487,133,8.943907022476196
paper,100,1500000.0,4,10,exclude,launch,0,0.0,prior,0.0,sa_norepair,12600.0,43200,844889.5452979001,0,557245.1996457726,287644.34565212746,0,0,0.0,0,5.240538724622278,8.540244765729758,7299.469724120093,2326.1466374893225,3.1380092752874007,2.0135044084427887,308.15735577989005,0.0,0.00558659217877095,0.0,2.0155105335847394,13.721804511278195,0.7608695652173914,1806.7611779931012,133,9.236944675445557
paper,100,1500000.0,4,1,exclude,launch,0,0.0,prior,0.0,sa_nolambda,12600.0,43200,754534.1165128248,0,507445.00179139635,247089.11472142837,0,0,0.0,0,4.704263543576533,8.318657399774686,8169.591647266075,2387.532343820723,3.421772135740968,2.0139908318787576,308.4532221402525,0.0,0.02824858757062147,0.0,2.0397627452087637,13.757575757575758,0.7505446623093682,1823.152359169024,132,34.17445397377014
paper,100,1500000.0,4,11,exclude,launch,0,0.0,prior,0.0,sa_nolambda,12600.0,43200,665763.8278962029,0,472187.0043654181,193576.82353078484,0,0,0.0,0,4.559053205441548,16.231476241292572,8440.41818863996,1224.5160257721652,6.892860535097965,2.012507454149083,307.5514034122374,0.0,0.09142857142857143,0.0,2.0581319742904896,15.17557251908397,0.7751091703056768,1663.7549921782756,131,34.88242745399475
paper,100,1500000.0,4,12,exclude,launch,0,0.0,prior,0.0,sa_nolambda,12600.0,43200,819671.0042371427,0,543257.6706535309,276413.3335836119,0,0,0.0,0,4.442264204156416,11.158250760968878,8671.083820102498,1781.237800035187,4.868010222964731,2.0125281854124744,307.5639978764034,0.0,0.028409090909090908,0.0,2.0337140639826883,14.818181818181818,0.7758816837315131,1676.8707633483828,132,34.883923292160034
paper,100,1500000.0,4,9,exclude,launch,0,0.0,prior,0.0,sa_nolambda,12600.0,43200,801901.6719404435,0,527494.272504088,274407.39943635545,0,0,0.0,0,4.740333835912077,8.539153462544501,8104.8909320055,2326.8900599263015,3.4831430464154383,2.0131183536730224,307.9226395647406,0.0,0.0111731843575419,0.0,2.0235755359238317,13.656716417910447,0.764182424916574,1819.2093159188341,134,35.797425985336304
paper,100,1500000.0,4,7,exclude,launch,0,0.0,prior,0.0,sa_nolambda,12600.0,43200,727013.7967068611,0,495642.4717599532,231371.3249469079,0,0,0.0,0,5.218509503934779,11.030523301926358,7331.690553245741,1800.9570257972994,4.07099694674832,2.013541221891723,308.17974254212976,0.0,0.11931818181818182,0.0,2.05114497711504,15.401515151515152,0.7647679324894515,1629.4818471789993,132,36.18727946281433
paper,100,1500000.0,4,6,exclude,launch,0,0.0,prior,0.0,sa_nolambda,12600.0,43200,774938.0734843247,0,520754.7145597451,254183.35892457966,0,0,0.0,0,4.756459715300161,8.201924148963226,8076.28272445257,2420.9433315292445,3.336006514184287,2.014464502360169,308.7414679646594,0.0,0.045454545454545456,0.0,2.0413670886585558,14.424242424242424,0.7579062159214831,1724.8763976136947,132,36.806281328201294
paper,100,1500000.0,4,5,exclude,launch,0,0.0,prior,0.0,sa_nolambda,12600.0,43200,763506.7712354434,0,510032.48237442685,253474.2888610165,0,0,0.0,0,4.716895252054816,8.930081589610372,8146.821061143593,2224.4775161181196,3.66235262083494,2.0136154927537437,308.22491014512445,0.0,0.011299435028248588,0.0,2.0356551427120078,14.31578947368421,0.7572192513368984,1746.9610421372017,133,36.9447979927063
paper,100,1500000.0,4,10,exclude,launch,0,0.0,prior,0.0,sa_nolambda,12600.0,43200,742907.1888708192,0,494532.56686240924,248374.62200840982,0,0,0.0,0,5.240538724622278,9.807220327880346,7299.469724120093,2026.0487646998015,3.6028104808235706,2.013094512418084,307.9081473274907,0.0,0.05056179775280899,0.0,2.036249186400275,15.571428571428571,0.7834051724137931,1608.1397868647257,133,38.599324464797974
paper,100,1500000.0,4,3,exclude,launch,0,0.0,prior,0.0,sa_nolambda,12600.0,43200,715282.333119198,0,469875.98157383257,245406.35154536538,0,0,0.0,0,5.054127002413989,12.462823684291862,7580.990936890765,1595.2098158548351,4.752347222003703,2.0119895792523534,307.2368725546067,0.0,0.02247191011235955,0.0,2.026497159922228,16.30075187969925,0.7616525423728814,1536.232581973138,133,38.66484093666077
paper,100,1500000.0,4,8,exclude,launch,0,0.0,prior,0.0,sa_nolambda,12600.0,43200,679072.3213738377,0,466028.78352857026,213043.53784526742,0,0,0.0,0,4.788543228013972,17.68163462854892,8019.937817272908,1124.3363499385073,7.1330414761663965,2.0120618541572073,307.2807589920375,0.0,0.03389830508474576,0.0,2.046543851065142,16.098484848484848,0.8203033838973163,1557.627060614435,132,38.68884325027466
paper,100,1500000.0,4,4,exclude,launch,0,0.0,prior,0.0,sa_nolambda,12600.0,43200,817956.9813410738,0,533262.7957754439,284694.1855656299,0,0,0.0,0,4.769804670462605,12.22719167117977,8052.7543083059945,1625.3836671510549,4.9543713715425275,2.0126922752408674,307.66369329975737,0.0,0.07344632768361582,0.0,2.038906412230095,15.518796992481203,0.801440329218107,1614.2975497582145,133,38.94109344482422
paper,100,1500000.0,4,2,exclude,launch,0,0.0,prior,0.0,sa_nolambda,12600.0,43200,726180.8914600988,0,505102.6268793323,221078.2645807665,0,0,0.0,0,4.539162858794823,12.619420052039139,8478.86425558954,1575.130817064529,5.38295877633266,2.012352076898103,307.45701827997067,0.0,0.033707865168539325,0.0,2.0293532131569494,15.753731343283581,0.7837837837837838,1575.9088187129746,134,38.98060417175293
paper,100,1500000.0,4,5,exclude,launch,0,0.0,prior,0.0,sa_launchdwell,12600.0,43200,986888.8676316795,0,602345.767084108,384543.10054757155,0,0,0.0,0,4.716895252054816,7.428542575357025,8146.821061143593,2671.9555090664144,3.0490107464364575,2.015241751121161,309.2147439658683,0.0,0.563953488372093,0.0,2.108663817545222,13.1171875,0.7238805970149254,1965.2625990068525,128,38.7296781539917
paper,100,1500000.0,4,9,exclude,launch,0,0.0,prior,0.0,sa_launchdwell,12600.0,43200,993576.2935231739,0,631880.3081850428,361695.98533813097,0,0,0.0,0,4.740333835912077,6.632000800620425,8104.8909320055,2992.7486225852062,2.7081763135202133,2.015325415048361,309.2657095329378,0.0,0.5352941176470588,0.0,2.1402604919850954,12.523809523809524,0.7195121951219512,2093.799073649235,126,39.02396869659424
paper,100,1500000.0,4,1,exclude,launch,0,0.0,prior,0.0,sa_launchdwell,12600.0,43200,902667.4499204126,0,576403.7878270092,326263.6620934032,0,0,0.0,0,4.704263543576533,6.968821562964524,8169.591647266075,2847.9111592979352,2.8686258771077804,2.015460121328147,309.3477774023326,0.0,0.563953488372093,0.0,2.09546909098304,12.78125,0.7291666666666666,2023.2049822386055,128,39.21100473403931
paper,100,1500000.0,4,12,exclude,launch,0,0.0,prior,0.0,sa_launchdwell,12600.0,43200,953198.1676768784,0,627812.584306867,325385.5833700114,0,0,0.0,0,4.442264204156416,7.973893458419074,8671.083820102498,2490.2496389969697,3.482013884999523,2.014404471934292,308.7049298040869,0.0,0.5443786982248521,0.0,2.1379862071125246,13.706349206349206,0.7542087542087542,1903.9313972945047,126,39.8508734703064
paper,100,1500000.0,4,11,exclude,launch,0,0.0,prior,0.0,sa_launchdwell,12600.0,43200,807118.8769200505,0,529109.2166886884,278009.6602313621,0,0,0.0,0,4.559053205441548,11.622668496451295,8440.41818863996,1709.0214495754979,4.938743273664861,2.013754977362672,308.30974623827746,0.0,0.6686046511627907,0.0,2.102185298041406,14.2421875,0.7554585152838428,1805.8162594458083,128,39.90337061882019
paper,100,1500000.0,4,4,exclude,launch,0,0.0,prior,0.0,sa_launchdwell,12600.0,43200,969000.8364681652,0,621651.1862406227,347349.6502275425,0,0,0.0,0,4.769804670462605,9.110169941537963,8052.7543083059945,2179.949514654024,3.6940095420439283,2.014128046552201,308.53670844113503,0.0,0.6918604651162791,0.0,2.1099176382158333,14.0703125,0.7489711934156379,1838.7750374706068,128,40.996225118637085
paper,100,1500000.0,4,3,exclude,launch,0,0.0,prior,0.0,sa_launchdwell,12600.0,43200,805696.6366144344,0,535904.6627039794,269791.973910455,0,0,0.0,0,5.054127002413989,9.041017306483306,7580.990936890765,2197.1416666277087,3.4503878616650505,2.0136529868177075,308.2477133053379,0.0,0.6608187134502924,0.0,2.1009212631729826,15.070866141732283,0.721081081081081,1716.1341316875764,127,41.108235359191895
paper,100,1500000.0,4,6,exclude,launch,0,0.0,prior,0.0,sa_launchdwell,12600.0,43200,933378.293724668,0,608024.1036883498,325354.1900363182,0,0,0.0,0,4.756459715300161,6.821266697088661,8076.28272445257,2908.3391671150357,2.7769397791606067,2.0162756691093398,309.844870687091,0.0,0.49707602339181284,0.0,2.10182823638157,13.0,0.7245119305856833,1974.287983987747,127,41.45577788352966
paper,100,1500000.0,4,8,exclude,launch,0,0.0,prior,0.0,sa_launchdwell,12600.0,43200,809449.5279258713,0,545496.027345768,263953.50058010337,0,0,0.0,0,4.788543228013972,11.550326300166196,8019.937817272908,1720.0945427481888,4.662498262717282,2.013322838138151,308.04695228770714,0.0,0.6918604651162791,0.0,2.0907874781405162,14.390625,0.7863849765258216,1778.4346460288432,128,41.564099073410034
paper,100,1500000.0,4,10,exclude,launch,0,0.0,prior,0.0,sa_launchdwell,12600.0,43200,901726.7454101574,0,592025.8416930449,309700.90371711255,0,0,0.0,0,5.240538724622278,7.959949196965938,7299.469724120093,2494.3592687459272,2.926390683002934,2.0146086264006717,308.8291994299975,0.0,0.695906432748538,0.0,2.1127349949007477,14.204724409448819,0.7478165938864629,1826.0310650003917,127,41.605623960494995
paper,100,1500000.0,4,7,exclude,launch,0,0.0,prior,0.0,sa_launchdwell,12600.0,43200,876552.2471456659,0,561898.3154142187,314653.9317314473,0,0,0.0,0,5.218509503934779,8.49483417580968,7331.690553245741,2336.6673371468137,3.1376698072041775,2.0151538000906237,309.16117135153,0.0,0.6337209302325582,0.0,2.102251183300951,14.1328125,0.7283176593521421,1819.3597678242522,128,42.532958984375
paper,100,1500000.0,4,2,exclude,launch,0,0.0,prior,0.0,sa_launchdwell,12600.0,43200,911638.071759521,0,572366.7229913012,339271.34876821976,0,0,0.0,0,4.539162858794823,9.971280007247467,8478.86425558954,1992.2850864342927,4.255848880927303,2.013527638672587,308.17148230596905,0.0,0.6802325581395349,0.0,2.1144552161370185,14.7109375,0.7701525054466231,1773.2568360526998,128,43.17334842681885
paper,100,1500000.0,4,6,none,launch,0,0.0,prior,0.0,sa,12600.0,43200,2366416.4227380105,0,1414825.774272554,951590.6484654564,0,0,0.0,0,4.756459715300161,8.915278081120203,8076.28272445257,2228.4951327013455,3.6240970895290365,2.01332277991224,308.0469168867211,0.644869750132908,0.005128205128205128,0.0,1.82213249771478,12.653061224489797,0.5201305767138193,1739.7997473631565,147,31.772446155548096
paper,100,1500000.0,4,9,none,launch,0,0.0,prior,0.0,sa,12600.0,43200,2510443.690511242,0,1488662.236454848,1021781.4540563939,0,0,0.0,0,4.740333835912077,8.118096127048775,8104.8909320055,2448.353494825442,3.3103434406571863,2.0124804960061624,307.53502643786555,0.6068167985392574,0.005235602094240838,0.0,1.8567507835272152,11.256944444444445,0.5260770975056689,2011.8991275846313,144,32.70074224472046
paper,100,1500000.0,4,5,none,launch,0,0.0,prior,0.0,sa,12600.0,43200,2143321.6364549655,0,1264990.8865558987,878330.7498990669,0,0,0.0,0,4.716895252054816,8.946665424704417,8146.821061143593,2220.7486549417445,3.6685020806000685,2.013257784877284,308.00740158432603,0.5935483870967742,0.0,0.0,1.8379359844325331,12.534246575342467,0.5229455709711847,1798.5028117284296,146,35.11309766769409
paper,100,1500000.0,4,11,none,launch,0,0.0,prior,0.0,sa,12600.0,43200,1589893.186751209,0,984786.551335275,605106.635415934,0,0,0.0,0,4.559053205441548,16.308765309533477,8440.41818863996,1219.0972108478377,6.923498892077652,2.0118730384350787,307.16611377355156,0.5471253534401508,0.010416666666666666,0.0,1.875244910716257,14.57638888888889,0.5980176211453745,1556.2721710254568,144,35.49467134475708
paper,100,1500000.0,4,1,none,launch,0,0.0,prior,0.0,sa,12600.0,43200,1687588.3471650924,0,1001598.9978284627,685989.3493366297,0,0,0.0,0,4.704263543576533,8.651797293446931,8169.591647266075,2296.65694239458,3.557166721969436,2.0130637451477487,307.88944551983485,0.5175013462574044,0.0,0.0,1.881248005144506,12.873239436619718,0.5852585258525853,1770.1190991355215,142,35.93087720870972
paper,100,1500000.0,4,10,none,launch,0,0.0,prior,0.0,sa,12600.0,43200,2426575.9254734484,0,1440880.0742160627,985695.8512573856,0,0,0.0,0,5.240538724622278,9.413632636318933,7299.469724120093,2110.6716914102794,3.4583633986405693,2.013177462571067,307.9585711985838,0.6151079136690647,0.00510204081632653,0.0,1.8354411731793965,13.047297297297296,0.5539956803455723,1701.0289402221354,148,36.513933420181274
paper,100,1500000.0,4,7,none,launch,0,0.0,prior,0.0,sa,12600.0,43200,1950846.6787852845,0,1165797.033284435,785049.6455008496,0,0,0.0,0,5.218509503934779,11.534294758851521,7331.690553245741,1722.7640533489407,4.255771728573866,2.0129970775485764,307.8489237365869,0.6045736064792758,0.005128205128205128,0.0,1.826195918918248,14.07482993197279,0.59536354056902,1572.626082668897,147,36.56394863128662
paper,100,1500000.0,4,3,none,launch,0,0.0,prior,0.0,sa,12600.0,43200,1470106.985199448,0,892702.7625327895,577404.2226666585,0,0,0.0,0,5.054127002413989,12.22576364900512,7580.990936890765,1625.9740952016011,4.662430329771529,2.01219642686609,307.3624819681439,0.4770251065845571,0.010526315789473684,0.0,1.8965631551947992,14.654929577464788,0.6280814576634512,1572.4294869916887,142,36.6384596824646
paper,100,1500000.0,4,12,none,launch,0,0.0,prior,0.0,sa,12600.0,43200,2175970.466089913,0,1310452.8168573903,865517.6492325228,0,0,0.0,0,4.442264204156416,11.667583019173346,8671.083820102498,1704.2441495944454,5.087935212901234,2.011626183435473,307.0162605036665,0.6007866273352999,0.0,0.0,1.8594222125339481,13.951048951048952,0.5851183765501691,1612.6762056870193,143,37.07177925109863
paper,100,1500000.0,4,8,none,launch,0,0.0,prior,0.0,sa,12600.0,43200,1461589.8994883394,0,916574.4793435596,545015.4201447797,0,0,0.0,0,4.788543228013972,20.727081654606007,8019.937817272908,959.381653718659,8.359486327664104,2.0115481091565286,306.96887314144465,0.5213291423439604,0.005235602094240838,0.0,1.8772332024798215,15.314685314685315,0.6926713947990544,1481.7885562821311,143,37.68650531768799
paper,100,1500000.0,4,4,none,launch,0,0.0,prior,0.0,sa,12600.0,43200,2061137.4886343654,0,1208983.8448748798,852153.6437594856,0,0,0.0,0,4.769804670462605,13.184706810431347,8052.7543083059945,1507.348523014879,5.342330712076802,2.0126851152850045,307.65934281594076,0.5497251374312844,0.005128205128205128,0.0,1.8536499253391605,13.551020408163266,0.5943983402489627,1660.064359028613,147,37.78550577163696
paper,100,1500000.0,4,2,none,launch,0,0.0,prior,0.0,sa,12600.0,43200,1265864.0559244456,0,831183.6834173244,434680.3725071213,0,0,0.0,0,4.539162858794823,13.900008597045204,8478.86425558954,1430.125412803545,5.928755743853266,2.0121983961196883,307.36367793218085,0.45200540784137,0.0,0.0,1.9071719268524916,15.592857142857143,0.710239651416122,1494.6456159114316,140,39.018916606903076
paper,100,1500000.0,4,1,project,launch,0,0.0,prior,0.0,sa,12600.0,43200,782501.2479068197,0,511132.36214103893,271368.88576578075,0,0,0.0,0,4.704263543576533,8.228574257808718,8169.591647266075,2413.7217458376804,3.384645169375488,2.0139477336582274,308.42700197719677,0.006600660066006601,0.005649717514124294,0.0,2.024470056060916,13.621212121212121,0.7657458563535912,1823.4856030604683,132,32.85932683944702
paper,100,1500000.0,4,5,project,launch,0,0.0,prior,0.0,sa,12600.0,43200,737827.6715741679,0,496700.2172193998,241127.45435476812,0,0,0.0,0,4.716895252054816,9.260155209140073,8146.821061143593,2145.502400925774,3.797162407102541,2.013319595542735,308.04498081326784,0.009708737864077669,0.0,0.0,2.0306869085248587,14.533834586466165,0.759871931696905,1712.5686679644825,133,32.85832691192627
paper,100,1500000.0,4,6,project,launch,0,0.0,prior,0.0,sa,12600.0,43200,731509.6165703043,0,495131.818260264,236377.79831004023,0,0,0.0,0,4.756459715300161,8.632422265354784,8076.28272445257,2300.6260316738008,3.5104717643209224,2.014101187664587,308.5203656468179,0.00794044665012407,0.011235955056179775,0.0,2.032442421771244,14.924812030075188,0.7757510729613734,1675.6985761047783,133,33.0359845161438
paper,100,1500000.0,4,12,project,launch,0,0.0,prior,0.0,sa,12600.0,43200,787318.7096866351,0,536762.4792245432,250556.23046209192,0,0,0.0,0,4.442264204156416,10.479569478432342,8671.083820102498,1896.560815350566,4.572004098112567,2.012564355291961,307.5859720823474,0.008040201005025126,0.0,0.0,2.0363039851993046,14.87218045112782,0.7861990950226244,1685.2158615730793,133,33.43956756591797
paper,100,1500000.0,4,11,project,launch,0,0.0,prior,0.0,sa,12600.0,43200,673284.382917397,0,457747.73208003136,215536.6508373656,0,0,0.0,0,4.559053205441548,17.37504548256875,8440.41818863996,1144.148520448305,7.377030200006553,2.012109622036813,307.3097661058499,0.009156626506024097,0.005649717514124294,0.0,2.0340419195632067,15.462121212121213,0.7812154696132597,1612.8803155894204,132,33.569600105285645
paper,100,1500000.0,4,9,project,launch,0,0.0,prior,0.0,sa,12600.0,43200,809371.2767883419,0,528538.9819702475,280832.2948180945,0,0,0.0,0,4.740333835912077,8.197832613583365,8104.8909320055,2423.394946385592,3.3444366730621677,2.013430981254024,308.1127061296481,0.005917159763313609,0.0,0.0,2.027425691534717,13.864661654135338,0.776536312849162,1798.367782778853,133,33.932777404785156
paper,100,1500000.0,4,3,project,launch,0,0.0,prior,0.0,sa,12600.0,43200,705109.4330673454,0,481044.27807120874,224065.15499613667,0,0,0.0,0,5.054127002413989,11.318162093105405,7580.990936890765,1756.3360799588245,4.316366909155845,2.0122246224613054,307.3796058950797,0.015654648956356737,0.0056179775280898875,0.0,2.0332796896578493,15.671641791044776,0.7505307855626328,1585.7047409319582,134,34.260443449020386
paper,100,1500000.0,4,7,project,launch,0,0.0,prior,0.0,sa,12600.0,43200,716912.0568925088,0,483953.9948609934,232958.06203151532,0,0,0.0,0,5.218509503934779,11.616115396864465,7331.690553245741,1710.3795832931792,4.286586804976497,2.013291082132773,308.0276451389419,0.00809138505473584,0.011235955056179775,0.0,2.025228340363137,15.597014925373134,0.7872117400419287,1595.7921538431517,134,34.51023769378662
paper,100,1500000.0,4,2,project,launch,0,0.0,prior,0.0,sa,12600.0,43200,719327.2808156001,0,491545.92697810126,227781.35383749878,0,0,0.0,0,4.539162858794823,14.392857175526748,8478.86425558954,1381.3536025858994,6.138083861885236,2.011907969134456,307.18732139934565,0.01141552511415525,0.0056179775280898875,0.0,2.0248290578312944,16.23308270676692,0.7815217391304348,1535.397231444299,133,35.61184024810791
paper,100,1500000.0,4,8,project,launch,0,0.0,prior,0.0,sa,12600.0,43200,658048.4074254772,0,455528.74772881117,202519.659696666,0,0,0.0,0,4.788543228013972,20.24233744052785,8019.937817272908,982.2975824453578,8.16446865043469,2.011667760430167,307.04149724813703,0.011780697779791573,0.011235955056179775,0.0,2.028859793240112,16.40909090909091,0.8116959064327486,1521.7444739341827,132,35.93593239784241
paper,100,1500000.0,4,4,project,launch,0,0.0,prior,0.0,sa,12600.0,43200,738133.5044493404,0,516141.3716984877,221992.1327508527,0,0,0.0,0,4.769804670462605,13.962988698766926,8052.7543083059945,1423.6099637838156,5.656573438768694,2.0122900781768465,307.4193607125859,0.008333333333333333,0.005649717514124294,0.0,2.037096593938319,16.166666666666668,0.7991675338189386,1550.5083340868218,132,36.461243629455566
paper,100,1500000.0,4,10,project,launch,0,0.0,prior,0.0,sa,12600.0,43200,718791.6197453421,0,498569.5196574232,220222.10008791895,0,0,0.0,0,5.240538724622278,10.393803442571336,7299.469724120093,1911.9002129396765,3.8179135473271706,2.0128910560252855,307.78448741280556,0.011853959222380275,0.0056179775280898875,0.0,2.0274559811286923,15.669172932330827,0.7952329360780065,1593.0411788080685,133,36.67088270187378
paper,100,1500000.0,4,1,exclude,per_leg_sa,0,0.0,prior,0.0,sa,12600.0,43200,783911.3321916558,0,522938.1299256525,260973.20226600324,2465,0,0.0,0,4.704263543576533,7.864186673519872,8169.591647266075,2525.5104605217007,3.234827879342247,2.013988590007238,308.45185819946005,0.03160149973219068,0.0,0.0,2.0201175008129786,13.781954887218046,0.7554824561403509,1802.995812139667,133,44.528502225875854
paper,100,1500000.0,4,9,exclude,per_leg_sa,0,0.0,prior,0.0,sa,12600.0,43200,897974.9522676355,0,570119.1326933356,327855.81957429985,2388,0,0.0,0,4.740333835912077,8.03081366348137,8104.8909320055,2473.878309264432,3.276188202812352,2.013363121106157,308.0714445654038,0.03095632946379215,0.0,0.0,2.022401812432315,13.365671641791044,0.7275784753363229,1858.565118796363,134,48.11974310874939
paper,100,1500000.0,4,5,exclude,per_leg_sa,0,0.0,prior,0.0,sa,12600.0,43200,803340.479760383,0,535207.0635859699,268133.4161744131,2540,0,0.0,0,4.716895252054816,9.077147994065243,8146.821061143593,2188.7810836054914,3.7220812634782376,2.0132988635111984,308.0323760379259,0.04659685863874346,0.0,0.0,2.0209475996328345,14.007407407407408,0.7358288770053476,1761.7350059692833,135,48.54543375968933
paper,100,1500000.0,4,6,exclude,per_leg_sa,0,0.0,prior,0.0,sa,12600.0,43200,799095.7865317448,0,519619.12750173965,279476.6590300051,2637,0,0.0,0,4.756459715300161,8.277285648961142,8076.28272445257,2399.2145624480145,3.366219449840291,2.014201706550333,308.5815304708822,0.02472250252270434,0.0,0.0,2.020632879788773,14.64179104477612,0.7341227125941873,1695.7768327493582,134,49.1680543422699
paper,100,1500000.0,4,12,exclude,per_leg_sa,0,0.0,prior,0.0,sa,12600.0,43200,833734.6503809413,0,557797.8710757559,275936.77930518537,2673,0,0.0,0,4.442264204156416,11.716692487566789,8671.083820102498,1696.7079613273793,5.110534056384624,2.012092128001932,307.2991426690438,0.052788844621513946,0.0,0.0,2.0220755038875713,14.843283582089553,0.7644444444444445,1676.8310697488514,134,49.33818531036377
paper,100,1500000.0,4,11,exclude,per_leg_sa,0,0.0,prior,0.0,sa,12600.0,43200,730430.7357833522,0,496378.98495681724,234051.750826535,2747,0,0.0,0,4.559053205441548,15.589886765321632,8440.41818863996,1275.1124799279794,6.619351877974474,2.0121879051314906,307.35730658834274,0.06246949731576379,0.0,0.0,2.0254015043066156,15.14179104477612,0.7610132158590308,1642.0385965967096,134,49.71575689315796
paper,100,1500000.0,4,10,exclude,per_leg_sa,0,0.0,prior,0.0,sa,12600.0,43200,786289.2524833678,0,524340.9409284138,261948.31155495404,2785,0,0.0,0,5.240538724622278,10.099280541693469,7299.469724120093,1967.6008553835559,3.7098325629143747,2.012947982675806,307.8190846820956,0.03712517848643503,0.0,0.0,2.0230379599091437,15.507462686567164,0.7413419913419913,1602.2565944768405,134,51.304895639419556
paper,100,1500000.0,4,7,exclude,per_leg_sa,0,0.0,prior,0.0,sa,12600.0,43200,753356.8735698476,0,510270.06399199576,243086.80957785176,2783,0,0.0,0,5.218509503934779,10.890844305059158,7331.690553245741,1824.244954170231,4.01902745378874,2.0133314989911506,308.05221805429545,0.0548604427333975,0.0,0.0,2.020819579804201,15.365671641791044,0.7610993657505285,1613.463369164815,134,52.0376033782959
paper,100,1500000.0,4,4,exclude,per_leg_sa,0,0.0,prior,0.0,sa,12600.0,43200,849876.4376195747,0,551364.8629010475,298511.57471852726,2843,0,0.0,0,4.769804670462605,13.479921279042353,8052.7543083059945,1474.6931338631252,5.460630502300432,2.0121992238861037,307.36418065068915,0.0764872521246459,0.0,0.0,2.0222668719003036,15.671641791044776,0.7699481865284974,1582.0208678972804,134,52.72243404388428
paper,100,1500000.0,4,8,exclude,per_leg_sa,0,0.0,prior,0.0,sa,12600.0,43200,736139.8298030265,0,495315.8651652009,240823.9646378256,2866,0,0.0,0,4.788543228013972,17.491759380166283,8019.937817272908,1136.6915579534766,7.055509263843019,2.0117956385282936,307.119124243463,0.06412639405204461,0.0,0.0,2.026925145877472,15.93984962406015,0.776608187134503,1565.9555937865027,133,52.932525634765625
paper,100,1500000.0,4,2,exclude,per_leg_sa,0,0.0,prior,0.0,sa,12600.0,43200,766350.7966296031,0,523870.6866481001,242480.10998150302,2862,0,0.0,0,4.539162858794823,11.727947105453186,8478.86425558954,1694.7868594094675,5.002908895897341,2.0124398322062214,307.5103241513286,0.05329593267882188,0.0,0.0,2.02374902613075,15.93984962406015,0.7699890470974808,1560.8288504208087,133,55.01879549026489
paper,100,1500000.0,4,3,exclude,per_leg_sa,0,0.0,prior,0.0,sa,12600.0,43200,715777.2790235099,0,485721.02311848215,230056.25590502773,2883,0,0.0,0,5.054127002413989,11.91994875051338,7580.990936890765,1667.7397552787963,4.545667819511474,2.0121359553392635,307.3257576271572,0.053694355208811384,0.0,0.0,2.0218675500631735,16.2406015037594,0.755939524838013,1533.458934465342,133,55.090797901153564
paper,100,1500000.0,4,9,exclude,launch,0,0.0,prior,0.0,sa_sqrt,12600.0,43200,839896.2730927734,0,534061.7964699267,305834.47662284656,0,0,0.0,0,4.740333835912077,8.14579278279285,8104.8909320055,2438.837182392567,3.323260359699116,2.013463798988864,308.1326615582822,0.0,0.0,0.0,2.033403340147953,13.174242424242424,0.7706013363028953,1899.2461784726393,132,33.95003414154053
paper,100,1500000.0,4,5,exclude,launch,0,0.0,prior,0.0,sa_sqrt,12600.0,43200,757113.8718269432,0,506146.2448402963,250967.62698664697,0,0,0.0,0,4.716895252054816,8.582967414462509,8146.821061143593,2314.370506549243,3.520102350980358,2.0136762200738625,308.2618437429702,0.0,0.011235955056179775,0.0,2.027527065061187,13.834586466165414,0.7640086206896551,1803.156754718638,133,36.59620666503906
paper,100,1500000.0,4,12,exclude,launch,0,0.0,prior,0.0,sa_sqrt,12600.0,43200,828623.9611692816,0,537932.7141336119,290691.24703566974,0,0,0.0,0,4.442264204156416,9.65444652318118,8671.083820102498,2058.3723777374116,4.212592392846751,2.01283726764665,307.7517992201794,0.0,0.022598870056497175,0.0,2.0385246323720723,14.530303030303031,0.7822671156004489,1727.9080781884368,132,37.13781476020813
paper,100,1500000.0,4,1,exclude,launch,0,0.0,prior,0.0,sa_sqrt,12600.0,43200,736882.119619934,0,496332.41614622576,240549.70347370833,0,0,0.0,0,4.704263543576533,8.071334513278922,8169.591647266075,2460.6903681383214,3.32004048662446,2.013991694246717,308.4537468003982,0.0,0.0,0.0,2.030560497705924,13.590909090909092,0.7600872410032715,1848.8163174877816,132,37.37461709976196
paper,100,1500000.0,4,11,exclude,launch,0,0.0,prior,0.0,sa_sqrt,12600.0,43200,675242.2902423928,0,455124.3185423116,220117.9717000812,0,0,0.0,0,4.559053205441548,15.15129123843263,8440.41818863996,1311.8916616080899,6.433776839692593,2.012391032317386,307.480680694999,0.0,0.01694915254237288,0.0,2.03488426933481,15.0,0.7839029768467475,1665.326345890831,132,37.964268922805786
paper,100,1500000.0,4,6,exclude,launch,0,0.0,prior,0.0,sa_sqrt,12600.0,43200,779064.3761653596,0,511672.0129017649,267392.3632635948,0,0,0.0,0,4.756459715300161,8.190463830863141,8076.28272445257,2424.5162618338777,3.3310903505113045,2.014310391217818,308.64767091973306,0.0,0.011235955056179775,0.0,2.0281209932873447,14.1203007518797,0.7715196599362381,1763.286920363377,133,38.52054047584534
paper,100,1500000.0,4,8,exclude,launch,0,0.0,prior,0.0,sa_sqrt,12600.0,43200,686348.2025127156,0,464415.3880896772,221932.81442303836,0,0,0.0,0,4.788543228013972,17.118231042952573,8019.937817272908,1161.4310713452792,6.905220649886229,2.011905913997439,307.1860736348978,0.0,0.011235955056179775,0.0,2.0279981844378985,15.328358208955224,0.8095238095238095,1624.4340038427586,134,38.79311752319336
paper,100,1500000.0,4,4,exclude,launch,0,0.0,prior,0.0,sa_sqrt,12600.0,43200,832992.2699785527,0,523486.3345754434,309505.9354031093,0,0,0.0,0,4.769804670462605,12.269731097775026,8052.7543083059945,1619.810204225998,4.971418433651541,2.0126155132617765,307.61705330952344,0.0,0.011363636363636364,0.0,2.0340624798630325,15.48091603053435,0.7900207900207901,1611.7000834888272,131,38.95664644241333
paper,100,1500000.0,4,2,exclude,launch,0,0.0,prior,0.0,sa_sqrt,12600.0,43200,762079.0156753906,0,505170.36773736635,256908.64793802425,0,0,0.0,0,4.539162858794823,12.114743573321656,8478.86425558954,1640.6885420338199,5.167869487940121,2.0124246119083935,307.50107843935854,0.0,0.005649717514124294,0.0,2.036672346623015,15.166666666666666,0.7828947368421053,1654.0442528347107,132,39.76957416534424
paper,100,1500000.0,4,10,exclude,launch,0,0.0,prior,0.0,sa_sqrt,12600.0,43200,748057.8738350173,0,500460.7382263143,247597.13560870307,0,0,0.0,0,5.240538724622278,9.430056964699576,7299.469724120093,2106.8763938984607,3.4645932458398816,2.0132913050595826,308.0277806728055,0.0,0.011299435028248588,0.0,2.0343869610400525,15.477272727272727,0.8021857923497268,1608.995042863892,132,39.92919635772705
paper,100,1500000.0,4,7,exclude,launch,0,0.0,prior,0.0,sa_sqrt,12600.0,43200,706962.8050163448,0,467216.81625770853,239745.9887586363,0,0,0.0,0,5.218509503934779,10.637302888303111,7331.690553245741,1867.6051180124618,3.9257177454344605,2.0134618735966834,308.13149077022985,0.0,0.01675977653631285,0.0,2.027609291772562,15.835820895522389,0.7796610169491526,1563.9563329084294,134,40.38750410079956
paper,100,1500000.0,4,3,exclude,launch,0,0.0,prior,0.0,sa_sqrt,12600.0,43200,703162.621610081,0,468020.17198518635,235142.44962489465,0,0,0.0,0,5.054127002413989,11.015624508273746,7580.990936890765,1804.5482694519399,4.201046358927927,2.012251984234826,307.3962238762027,0.0,0.0056179775280898875,0.0,2.02739713154954,15.723880597014926,0.7580645161290323,1574.9146069022206,134,40.79259967803955
paper,100,1500000.0,4,9,exclude,per_leg_sa,1,0.0,prior,0.0,sa,12600.0,43200,1080280.7868886006,657,648448.417803466,431832.36908513465,2350,0,0.0,0,4.740333835912077,8.100986564498191,8104.8909320055,2452.568024642761,3.3046548966510527,2.0132653433236003,308.0119967942082,0.10812356979405034,0.0,0.0,2.021976402170753,12.835820895522389,0.720489977728285,1931.2626610821794,134,46.201003074645996
paper,100,1500000.0,4,1,exclude,per_leg_sa,1,0.0,prior,0.0,sa,12600.0,43200,987335.1660396853,750,632503.334595768,354831.8314439171,2303,0,0.0,0,4.704263543576533,8.23072258649167,8169.591647266075,2413.0190048202467,3.38563087607122,2.014008433178975,308.46393076742396,0.10659025787965616,0.0,0.0,2.0207561000591037,12.917910447761194,0.7039473684210527,1921.212561064367,134,48.110902547836304
paper,100,1500000.0,4,5,exclude,per_leg_sa,1,0.0,prior,0.0,sa,12600.0,43200,1044530.337153559,784,639331.2419295845,405199.0952239744,2416,0,0.0,0,4.716895252054816,9.177350557993387,8146.821061143593,2164.904894879079,3.7631311566684937,2.013278462839338,308.01997297621534,0.12804878048780488,0.0,0.0,2.0223819032032275,13.335820895522389,0.7025586353944563,1859.9436865847638,134,49.4079532623291
paper,100,1500000.0,4,12,exclude,per_leg_sa,1,0.0,prior,0.0,sa,12600.0,43200,1059187.2468109278,678,681865.5333357416,377321.713475186,2478,0,0.0,0,4.442264204156416,10.120928549059979,8671.083820102498,1963.7467477169073,4.415581505193416,2.0125846392112985,307.5982954700026,0.10440456769983687,0.0,0.0,2.02677996312873,13.840909090909092,0.7242152466367713,1813.9596249450321,132,49.542102098464966
paper,100,1500000.0,4,6,exclude,per_leg_sa,1,0.0,prior,0.0,sa,12600.0,43200,930197.2612264913,676,621283.2678851857,308913.9933413057,2470,0,0.0,0,4.756459715300161,8.352845211922817,8076.28272445257,2377.50404667166,3.3969585607052077,2.0142078908662984,308.58529376863964,0.10216216216216216,0.0,0.0,2.0146393623156396,13.611940298507463,0.7058823529411765,1821.3941515793003,134,50.291857957839966
paper,100,1500000.0,4,11,exclude,per_leg_sa,1,0.0,prior,0.0,sa,12600.0,43200,875665.2977668933,757,572053.8723792823,303611.425387611,2597,0,0.0,0,4.559053205441548,15.661835889781514,8440.41818863996,1269.1797381207223,6.650293835558476,2.01230678807051,307.4295099520897,0.13541134389371487,0.0,0.0,2.0272919742987003,14.488721804511279,0.7014270032930845,1728.1160611523133,133,50.7530574798584
paper,100,1500000.0,4,7,exclude,per_leg_sa,1,0.0,prior,0.0,sa,12600.0,43200,909057.4315630384,760,590980.4513290828,318076.9802339556,2590,0,0.0,0,5.218509503934779,11.969728053545579,7331.690553245741,1660.0259312104758,4.416612063342613,2.0130790796191134,307.8987664685728,0.1103202846975089,0.0,0.0,2.0209890436246942,14.529850746268657,0.7163865546218487,1705.0765309556612,134,51.50829005241394
paper,100,1500000.0,4,4,exclude,per_leg_sa,1,0.0,prior,0.0,sa,12600.0,43200,1052940.0574080555,688,656335.7630456146,396604.2943624408,2649,0,0.0,0,4.769804670462605,13.275038217444651,8052.7543083059945,1497.3429193485622,5.37802944419001,2.012347312446779,307.45412430546475,0.12531709791983764,0.0,0.0,2.0266967322533347,14.631578947368421,0.73559670781893,1708.8913984420205,133,52.6198091506958
paper,100,1500000.0,4,10,exclude,per_leg_sa,1,0.0,prior,0.0,sa,12600.0,43200,961600.1836871386,854,626209.4121914393,335390.7714956994,2625,0,0.0,0,5.240538724622278,10.01548680983947,7299.469724120093,1984.0741745661535,3.679030662105275,2.0129362632090846,307.811961997195,0.1340414769853313,0.0,0.0,2.0221258364821724,14.511111111111111,0.7323340471092077,1699.2253345676024,135,53.48216104507446
paper,100,1500000.0,4,3,exclude,per_leg_sa,1,0.0,prior,0.0,sa,12600.0,43200,914983.7327010263,753,578919.7353470927,336063.99735393364,2652,0,0.0,0,5.054127002413989,12.144526057254733,7580.990936890765,1637.0305300496034,4.630940472845705,2.011975284062533,307.2281926660333,0.11940298507462686,0.0,0.0,2.024397738965784,14.849624060150376,0.7118279569892473,1673.9429076007225,133,53.92299175262451
paper,100,1500000.0,4,8,exclude,per_leg_sa,1,0.0,prior,0.0,sa,12600.0,43200,877018.8934439443,653,575219.8923448651,301799.00109907915,2709,0,0.0,0,4.788543228013972,16.32271423007568,8019.937817272908,1217.9399927660234,6.584838222660784,2.0120636848329116,307.2818706472715,0.12468951813214109,0.0,0.0,2.0264096830679583,14.954887218045112,0.7634032634032634,1669.8303083718254,133,53.933990240097046
paper,100,1500000.0,4,2,exclude,per_leg_sa,1,0.0,prior,0.0,sa,12600.0,43200,870165.286515941,753,572370.2441792537,297795.04233668733,2853,0,0.0,0,4.539162858794823,12.459145712380128,8478.86425558954,1595.5355179945805,5.3141181502788335,2.0121726881793682,307.3480652088746,0.128,0.0,0.0,2.0269177360211237,15.856060606060606,0.7590361445783133,1570.5486821371385,132,56.183157444000244
