layout,M,Emax,L,seed,argmin,rc_meas,rc_oracle_n,rc_exante,n_meas,n_exante,Pb_meas,Pb_exante,rule_meas,rule_oracle_n,rule_exante,rule_fixedpoint,reg_meas,reg_exante,reg_fixedpoint,ratio_meas,ratio_exante,bnd_exante,bnd_meas
core,50,1500000.0,12600.0,1,4,958.151261350042,335.4015551687489,291.831616176622,31.72222222222222,85.32232662523411,306.2212030718701,305.8828495233834,4,4,4,4,0.0,0.0,0.0,8.368815261336918,27.476772406326415,2.009757148234801,2.010315467353094
core,50,1500000.0,12600.0,2,4,766.248799116278,341.30548197703365,297.2702635063409,31.714285714285715,84.24754596740264,306.7813147942592,306.5857761711577,4,4,4,4,0.0,0.0,0.0,10.46473535476123,26.974076734333064,2.0109167063795077,2.0112390333880166
core,50,1500000.0,12600.0,3,6,1045.5404914713613,310.96653323744226,258.98974314537156,30.675675675675677,97.94630203997507,306.2373614101829,305.9991462843493,5,5,5,5,0.23578460391102918,0.23578460391102918,0.23578460391102918,6.265124008486377,25.292278973708598,2.0099490849944686,2.010342122600364
core,50,1500000.0,12600.0,4,5,1092.3603697854828,327.06044917163086,298.6833916531178,30.16216216216216,79.03778267795823,306.6388834338479,306.2218552170496,5,5,5,5,0.0,0.0,0.0,6.659073419032172,24.35390820421177,2.010316543163659,2.0110042588664796
core,50,1500000.0,12600.0,5,5,965.2392368643957,314.8686486229214,292.954144924002,32.25714285714286,84.45777210541229,306.393005315539,306.1720244339802,5,5,5,5,0.0,0.0,0.0,7.138759733308523,23.521124778502635,2.0102343365674784,2.0105988411424502
core,50,1500000.0,12600.0,6,5,990.4454209627879,390.49670126338873,353.1461293766428,31.37142857142857,85.35653511982636,306.8493845975149,306.5334212093995,4,4,4,4,0.2696489679798888,0.2696489679798888,0.2696489679798888,7.743629357190628,21.718041344529446,2.010830386710846,2.0113512159441527
core,50,1500000.0,12600.0,7,6,914.8785783933699,309.26331342277257,298.7624394186845,33.484848484848484,90.57665126279707,306.62878270136343,306.4272211908759,5,5,5,5,0.1986681638274741,0.1986681638274741,0.1986681638274741,7.197511627978664,22.040418531149054,2.010655267950577,2.010987607410634
core,50,1500000.0,12600.0,8,5,1159.48161242073,421.33811828976303,394.3781452418248,32.583333333333336,89.34657972252981,306.4955862560738,306.1527793516729,5,5,5,5,0.0,0.0,0.0,5.954792280572065,17.507238264621712,2.010202585873535,2.0107680021582164
core,50,1500000.0,12600.0,9,5,1295.1144718551486,536.3633317842091,508.6450765772665,30.135135135135137,88.6627875929419,306.80176178222393,306.36720816234026,5,5,5,5,0.0,0.0,0.0,5.629420652388778,14.333657182193226,2.0105562959122074,2.01127273238928
core,50,1500000.0,12600.0,10,6,868.0488607555742,385.11851996408126,320.61070341953496,31.235294117647058,88.75302984069377,306.6365940917903,306.4203483943689,5,5,5,5,0.2137071854624759,0.2137071854624759,0.2137071854624759,7.625176465192534,20.64505543038366,2.0106439339918696,2.011000484819848
core,50,1500000.0,12600.0,11,4,1039.3341836812788,387.37343880423003,333.68912426083455,32.8,84.39826719826986,306.229635209797,305.98124352863215,4,4,4,4,0.0,0.0,0.0,7.7151228397529765,24.030123596079694,2.009919540571809,2.010329377331632
core,50,1500000.0,12600.0,12,5,848.7806838291671,287.26373482647296,261.972437642711,31.97222222222222,87.75801800879118,306.82085033735154,306.57568039062,5,5,5,5,0.0,0.0,0.0,8.221595074757742,26.637653764312144,2.010900061645759,2.011304191522596
core,50,3000000.0,12600.0,1,9,1217.9016039778223,423.9782100596032,291.5016461130157,16.515463917525775,88.8452770992228,303.22663904411763,302.94095427752006,9,9,9,9,0.0,0.0,0.0,6.583939845768907,27.50787518896764,2.004889636191491,2.0053633489840337
core,50,3000000.0,12600.0,2,9,1409.4321754468333,423.5064468686619,296.0910411953535,14.172413793103448,88.17039612407204,303.7794546365252,303.2921517493956,9,9,9,9,0.0,0.0,0.0,5.689235025526013,27.081504615213877,2.0054719484722847,2.0062793757807773
core,50,3000000.0,12600.0,3,12,1206.6680918852471,448.3030142419469,261.81306801136606,12.43030303030303,82.03224757239235,302.81965519825917,302.40767959113356,11,11,11,11,0.0791997303633265,0.0791997303633265,0.0791997303633265,5.428535716667323,25.019533534810027,2.0040047801863854,2.004688434620835
core,50,3000000.0,12600.0,4,10,1278.232467757446,426.49691164534323,300.5654213321699,12.748344370860927,66.2900457470011,302.94742989103077,302.49812726800906,10,10,10,10,0.0,0.0,0.0,5.690755074626204,24.20141302416715,2.0041549137923704,2.0049003763077393
core,50,3000000.0,12600.0,5,11,1267.352145880511,415.09125270496884,294.7483635964232,12.041176470588235,70.8117543511426,302.9086718737831,302.4779324695505,11,11,11,11,0.0,0.0,0.0,5.43701371361915,23.37794487833626,2.004121394502927,2.0048360925606774
core,50,3000000.0,12600.0,6,10,1194.9322486707497,453.0306211295426,352.31156120833555,14.963963963963964,89.29609678433295,303.6577596300353,303.2659423879345,9,9,9,9,0.10243881870943006,0.10243881870943006,0.10243881870943006,6.418474559536102,21.769487814017875,2.0054285029908634,2.006077796246452
core,50,3000000.0,12600.0,7,12,1234.4590192208495,367.35580207275814,299.41696506477945,12.742138364779874,76.1065569282203,303.0217512782257,302.580369419709,11,11,11,11,0.07985836466056861,0.07985836466056861,0.07985836466056861,5.334198303586468,21.992238164428073,2.0042914076098777,2.005023633682687
core,50,3000000.0,12600.0,8,11,1265.654083582948,493.8509468317645,397.27824001436466,12.158536585365853,74.79105629493918,302.8755347233989,302.47351690031417,11,11,11,11,0.0,0.0,0.0,5.455260046696409,17.379437028462885,2.004114065400132,2.0047811282785237
core,50,3000000.0,12600.0,9,10,1430.0790980410832,620.9880630958899,510.11410089775046,13.211920529801324,74.24530201570408,302.9360011598129,302.5631662114113,10,10,10,10,0.0,0.0,0.0,5.098140491009058,14.292379179948112,2.0042628577077672,2.0048814211302295
core,50,3000000.0,12600.0,10,12,1149.2476647966296,462.1400617377545,329.0588900923712,12.518072289156626,74.50974316285416,302.95825679254034,302.57960341252385,11,11,11,11,0.0823560650822186,0.0823560650822186,0.0823560650822186,5.7594424129997215,20.115018748809817,2.0042901363857686,2.0049183329878772
core,50,3000000.0,12600.0,11,9,1268.1645536978847,477.3609542631588,332.34939470096947,15.45631067961165,87.94924325405685,303.3979943005503,302.9899187241991,9,9,9,9,0.0,0.0,0.0,6.322989296045032,24.126991131938592,2.004970843232444,2.00564737739851
core,50,3000000.0,12600.0,12,11,1093.9446060768275,365.75590675001496,264.096849930799,12.570588235294117,73.8605523198538,303.06247592819744,302.6390106313879,10,10,10,10,0.1434092586000948,0.1434092586000948,0.1434092586000948,6.379053428258598,26.423378739836966,2.004388720617982,2.0050911665585325
core,100,1500000.0,12600.0,1,5,528.8324443930002,293.4245070181654,274.4526617592483,61.85294117647059,121.31592956666339,313.3342811329946,312.98851962356855,5,5,5,5,0.0,0.0,0.0,13.177258601892865,25.39076076788266,2.021418163834918,2.0219821934733737
core,100,1500000.0,12600.0,2,6,601.3985991370579,359.4866773926715,331.3910347812023,45.06666666666667,87.30376556521426,309.2146839021215,308.9722606633761,6,6,6,6,0.0,0.0,0.0,10.485665497932587,19.029074053376117,2.014843601519262,2.0152416525177994
core,100,1500000.0,12600.0,3,15,504.67380045071826,282.41884542971707,266.89569879586094,60.26470588235294,120.76298199536478,312.1481174804835,311.9335488075825,4,4,4,4,0.3610360308730931,0.3610360308730931,0.3610360308730931,15.380989866631564,29.083955439177416,2.0196952956767404,2.020045942560895
core,100,1500000.0,12600.0,4,5,555.2201998932676,286.981559841056,264.1661097162139,60.05882352941177,123.76317724396452,312.7464853813784,312.3869184948524,5,5,5,5,0.0,0.0,0.0,12.861957163785702,27.033060505631664,2.0204360481265713,2.021023155763176
core,100,1500000.0,12600.0,5,6,604.8577042424195,286.17568270420475,272.7467782720809,61.23529411764706,119.7591997411122,312.6144070367383,312.29744120002175,5,5,5,5,0.1815331730933507,0.1815331730933507,0.1815331730933507,10.901558981392393,24.1758747066502,2.020289895405585,2.02080753497209
core,100,1500000.0,12600.0,6,5,559.4427114543788,312.2635982453669,289.69739814752506,62.26470588235294,134.77864631751348,312.94907603082646,312.6487892014122,5,5,5,5,0.0,0.0,0.0,13.556509869836217,26.179353656387036,2.020863668993747,2.0213538009766356
core,100,1500000.0,12600.0,7,15,612.4819137819629,338.3320125425825,327.61061649295226,61.11764705882353,123.16347241877676,313.1696437282113,312.79993457371086,4,4,4,4,0.19941054980537842,0.19941054980537842,0.19941054980537842,13.091963563694689,24.47598000484197,2.0211103997996673,2.0217136645985367
core,100,1500000.0,12600.0,8,5,610.1325788225914,325.7567320753227,289.94302893730014,63.11764705882353,132.6888971880607,313.0807046852175,312.67821358051367,5,5,5,5,0.0,0.0,0.0,10.980260658739827,23.10596939135211,2.0209117062386177,2.021568572808857
core,100,1500000.0,12600.0,9,4,598.31127305264,328.2075615736387,306.9928399443183,60.0,115.08597913284324,312.61096131799945,312.40610697801344,4,4,4,4,0.0,0.0,0.0,13.220509453843235,25.76600758235307,2.020467387978034,2.0208019091511655
core,100,1500000.0,12600.0,10,15,462.90783780541426,276.1475463103268,267.02348624226227,60.970588235294116,113.67150978311949,312.90632700512907,312.5759664558273,4,4,4,4,0.4509481392574852,0.4509481392574852,0.4509481392574852,17.124652307923885,29.68703571579653,2.0207447713243947,2.0212840398327474
core,100,1500000.0,12600.0,11,15,554.5101986256377,272.6355994644639,264.10811003820686,63.73529411764706,121.29235387793047,312.12733708545227,311.8754301020249,4,4,4,4,1.7598637958282364,1.7598637958282364,1.7598637958282364,14.46067343491545,30.36101730270778,2.019600297669018,2.020011988631265
core,100,1500000.0,12600.0,12,4,583.8065766184759,300.77164923571144,278.15831358464703,57.294117647058826,109.92294314750964,313.24084555934326,312.8671724873863,4,4,4,4,0.0,0.0,0.0,13.735012964569066,28.82743569774805,2.021220140301764,2.0218298057232804
core,100,3000000.0,12600.0,1,11,1132.5843323869096,321.9097639716543,277.2452059168664,29.344827586206897,108.02278200433956,305.616020978303,305.21294154019773,10,10,10,10,0.11689244936258247,0.11689244936258247,0.11689244936258247,6.152797348124638,25.135013079098133,2.008650817577946,2.0093166351188696
core,100,3000000.0,12600.0,2,12,1005.2974527587439,400.4137359658169,329.3423784625809,24.842105263157894,92.97373929628833,304.85982412558246,304.4837465621717,12,12,12,12,0.0,0.0,0.0,6.272834497064818,19.147443371588206,2.007445195469166,2.008067167281993
core,100,3000000.0,12600.0,3,10,1049.2969697036265,309.39049231857666,265.741042039345,32.67088607594937,131.47089057291836,306.32869737272205,305.9648351681114,9,9,9,9,0.1281059484425695,0.1281059484425695,0.1281059484425695,7.397698492238493,29.2103265311109,2.009892461549102,2.0104927797411882
core,100,3000000.0,12600.0,4,11,1028.0634854910759,334.2132758005395,266.52955024300206,29.452173913043477,109.61831541057046,305.30965690800207,304.97081137426403,10,10,10,10,0.09092383967380324,0.09092383967380324,0.09092383967380324,6.9462815558365945,26.79334588222921,2.0082506490191547,2.0088106147141827
core,100,3000000.0,12600.0,5,12,978.5168490865311,315.99016543513767,274.3752887112223,30.162393162393162,105.97870636722082,305.26303847063116,304.9351827270125,11,11,11,11,0.11902923977824842,0.11902923977824842,0.11902923977824842,6.738659578834936,24.032382686942146,2.008191752143431,2.008733592961378
core,100,3000000.0,12600.0,6,10,1004.629263975125,344.23091597997643,292.7244985881172,28.624,119.61198934019542,305.46267226404507,305.07762561552494,10,10,10,10,0.0,0.0,0.0,7.549143660647941,25.908629704787845,2.0084272005050323,2.0090633813328163
core,100,3000000.0,12600.0,7,9,1033.1478640800185,361.38788445658497,327.1221943645343,35.01315789473684,134.97221052152102,306.70982846683876,306.3975693735656,9,9,9,9,0.0,0.0,0.0,7.761319727254841,24.512524789803145,2.010606368100468,2.011121206824119
core,100,3000000.0,12600.0,8,11,1041.3526248488574,381.41611346838465,295.0811806390919,28.016,117.77159008589722,305.5094340485977,305.09014454134865,11,11,11,11,0.0,0.0,0.0,6.433377697428414,22.70363273371575,2.0084478908060457,2.0091406146627895
core,100,3000000.0,12600.0,9,10,867.869806763578,350.1899964204114,304.89467126453457,36.93055555555556,125.7504471164878,306.4832041276942,306.20041110035413,9,9,9,9,0.10469987433089756,0.10469987433089756,0.10469987433089756,9.114247068037725,25.943319405771128,2.0102811673000645,2.0107475849219956
core,100,3000000.0,12600.0,10,10,885.5375232523324,292.6521113728825,266.33787458586414,36.205479452054796,124.35658366519118,306.5954931619033,306.2860011071533,9,9,9,9,0.12405994292955169,0.12405994292955169,0.12405994292955169,8.951778512915391,29.763456606975847,2.010422355762106,2.010932726350445
core,100,3000000.0,12600.0,11,15,850.6365041440325,284.4277647973087,263.2483000655151,36.63157894736842,131.98663581110668,306.2237847475785,305.9358998118852,9,9,9,9,0.31336081705346364,0.31336081705346364,0.31336081705346364,9.426577462395988,30.460181116686595,2.009844707222989,2.010319726204826
core,100,3000000.0,12600.0,12,9,1013.6643861135491,325.3357204119149,275.5968905353363,35.421052631578945,120.53782505357026,306.7547942386253,306.43081481037524,9,9,9,9,0.0,0.0,0.0,7.91049878885379,29.09536055751445,2.0106611941535686,2.0111953227717274
core,200,1500000.0,12600.0,1,13,519.8438439567346,331.13883353446255,299.85580722037304,76.91666666666667,149.02753759476397,326.33807818011616,325.79506648676346,5,5,5,5,0.8204001194526018,0.8204001194526018,0.8204001194526018,12.585740819085341,21.81922020148884,2.042105347340603,2.042973438747948
core,200,1500000.0,12600.0,2,13,445.6481171408052,312.5197253259978,283.1920383351929,77.69444444444444,147.0474038825893,326.15378729479545,325.794170352528,5,5,5,5,0.5220872931897584,0.5220872931897584,0.5220872931897584,16.649395360281815,26.200495386315307,2.042103914128414,2.0426789011880175
core,200,1500000.0,12600.0,3,13,377.43164437472376,272.0416946617783,262.44804029421397,82.86111111111111,155.02307578985116,326.13825603761796,325.7055287676982,4,4,4,4,1.2897071065475196,1.2897071065475196,1.2897071065475196,21.021506510882112,30.23143842393217,2.0419621374562165,2.042654075005413
core,200,1500000.0,12600.0,4,14,380.1266441439311,281.7938913232998,270.5484373311883,62.53947368421053,121.15663013789734,317.0677700706133,316.66040879269366,6,6,6,6,0.5109714916784907,0.5109714916784907,0.5109714916784907,16.57425150430007,23.287196428396438,2.0273921821659173,2.0280528035573098
core,200,1500000.0,12600.0,5,14,398.1336497237107,270.9409840126038,260.3982404358856,78.58333333333333,156.4383825880821,325.95238573164653,325.5173034909953,5,5,5,5,0.02107897551018789,0.02107897551018789,0.02107897551018789,18.804627116915633,28.7511728697508,2.041661018903615,2.0423569218069315
core,200,1500000.0,12600.0,6,14,404.9936614227883,266.4320716627887,258.78513604178846,76.88888888888889,144.95030352952034,326.22190033872704,326.00102765307435,4,4,4,4,0.6983040674476559,0.6983040674476559,0.6983040674476559,19.291094755354223,30.190184866580797,2.0424346944422536,2.0427877705757886
core,200,1500000.0,12600.0,7,14,402.5115304989143,281.74103594380244,268.87542264640973,79.44444444444444,147.56102954341986,326.4324326429978,325.9506799672607,5,5,5,5,1.2824072840317169,1.2824072840317169,1.2824072840317169,18.51712509932468,27.720482187658817,2.042354194387654,2.0431242058403174
core,200,1500000.0,12600.0,8,14,442.04898254438365,300.8428652313836,284.8019830814945,79.22222222222223,154.9821326104975,326.0640320956358,325.6917572765312,5,5,5,5,0.5037720379810182,0.5037720379810182,0.5037720379810182,14.41075762455473,22.3673328278944,2.04194010908582,2.0425354224128083
core,200,1500000.0,12600.0,9,14,443.4706490988084,273.66688618880625,265.1593733889832,79.83333333333333,156.9123933848424,325.934629930938,325.3937008101126,5,5,5,5,0.36673183743997306,0.36673183743997306,0.36673183743997306,16.754817578796413,28.021901440764534,2.041463234764935,2.0423285309519548
core,200,1500000.0,12600.0,10,14,489.4488708743551,280.4219713236199,270.80438498318483,78.30555555555556,155.8183067051848,325.8270005172582,325.3358958360332,5,5,5,5,0.40705904697779305,0.40705904697779305,0.40705904697779305,13.412722603033487,24.24200750594683,2.0413707246317765,2.0421564190294057
core,200,1500000.0,12600.0,11,13,473.72432991404304,296.4935602978765,279.23929323543086,75.30555555555556,142.85449560917834,325.9592394597797,325.80050329835706,5,5,5,5,0.8441480038524765,0.8441480038524765,0.8441480038524765,14.273083585420066,24.214024032819474,2.0421140425410216,2.0423678804526095
core,200,1500000.0,12600.0,12,14,427.12598507186067,293.8067879933714,288.2291573452843,80.5,148.45429613865662,325.82823041657826,325.38795659889587,5,5,5,5,1.0669922730297774,1.0669922730297774,1.0669922730297774,16.954991519890047,25.125554685442946,2.041454042191166,2.0421583859416925
core,200,3000000.0,12600.0,1,29,636.3232568847584,341.26704700618853,299.4278702971848,64.37142857142857,150.63286429839744,310.7154352497252,310.3505011429309,11,11,11,11,0.705499369931311,0.705499369931311,0.705499369931311,10.281912244520413,21.85040383830302,2.017104552382122,2.017702371766463
core,200,3000000.0,12600.0,2,30,610.1813803832987,325.8101533269662,282.7994963610729,62.06666666666667,148.6655533646378,310.70964129778395,310.34830571071296,10,10,10,10,0.3493645325957615,0.3493645325957615,0.3493645325957615,12.159944456485311,26.236863181570268,2.0171009548560277,2.01769288310666
core,200,3000000.0,12600.0,3,30,591.3868695637478,273.57465155190044,260.49988045232226,77.1470588235294,189.35461871694983,313.2310053477086,312.8442205910273,9,9,9,9,1.0019686068707134,1.0019686068707134,1.0019686068707134,13.416229169053173,30.457525569146448,2.0211826813243348,2.0218137556125524
core,200,3000000.0,12600.0,4,30,584.8301833967508,288.4373692884159,269.39239159572156,50.21052631578947,136.88999149454014,308.6933327698658,308.3247563540116,12,12,12,12,0.48785594722679715,0.48785594722679715,0.48785594722679715,10.772895760841624,23.387128961615215,2.0137796544844964,2.0143854178267513
core,200,3000000.0,12600.0,5,10,504.65809178308604,275.7418087812471,260.31444347016895,64.22857142857143,157.73787154834716,310.4683813832847,310.2349894449445,10,10,10,10,0.0,0.0,0.0,14.835301261688803,28.760428065179692,2.0169152528520495,2.017297697142262
core,200,3000000.0,12600.0,6,30,562.2212093028459,266.4902110289481,257.42135671389286,76.6470588235294,177.5278519886768,313.3273951414431,312.9922917872188,9,9,9,9,0.24386166236173756,0.24386166236173756,0.24386166236173756,13.896258213938049,30.350127889770402,2.0214243189246717,2.02197096361466
core,200,3000000.0,12600.0,7,30,533.2024090208297,289.97884162646795,268.6852863083338,61.05769230769231,149.46587295558064,310.80251820644435,310.4095935269091,10,10,10,10,1.4360509138983564,1.4360509138983564,1.4360509138983564,13.978474661913745,27.74009871019073,2.017201378828055,2.0178449754365744
core,200,3000000.0,12600.0,8,30,635.5159884012697,309.25368847835324,284.6324985486243,62.179245283018865,156.50859638956288,310.69330775451687,310.30757398952693,11,11,11,11,0.2722387193056115,0.2722387193056115,0.2722387193056115,10.023761576248347,22.380651464997396,2.0170342078637717,2.0176661334552324
core,200,3000000.0,12600.0,9,31,506.5288873210692,278.41702734731194,265.1018277810595,63.55238095238095,157.99493702228565,310.44752948734344,310.185979885507,10,10,10,10,0.16803920294087038,0.16803920294087038,0.16803920294087038,14.668995220584938,28.027984150065652,2.016834925779511,2.0172635343366756
core,200,3000000.0,12600.0,10,30,545.3754905379801,284.83905855601034,270.7489416003355,64.65384615384616,156.78332199856973,310.4530500720782,310.1634263240629,11,11,11,11,0.12694450898669962,0.12694450898669962,0.12694450898669962,12.037288157063788,24.246971731827987,2.0167979581740303,2.0172725791253105
core,200,3000000.0,12600.0,11,30,545.8997627712369,303.3846592119651,279.02315820867096,62.72380952380952,144.4427789912874,310.60991660060506,310.3505243648206,11,11,11,11,0.6265869099731893,0.6265869099731893,0.6265869099731893,12.385986253201038,24.232780535920856,2.0171045904344034,2.0175295517422005
core,200,3000000.0,12600.0,12,29,602.6649958693278,298.23015557735243,288.18509113374313,59.83018867924528,149.41922309156237,310.4822464836518,310.1862233559302,10,10,10,10,1.1332675654328694,1.1332675654328694,1.1332675654328694,12.016489267593537,25.12939661912349,2.0168353248452284,2.0173204124621567
paper,50,1500000.0,12600.0,1,5,2544.406763507266,1845.353454179363,1761.6171306997248,26.0,52.180717704180125,307.02001444445204,306.57691669915613,5,5,5,5,0.0,0.0,0.0,2.702977612607081,3.90406882362367,2.010902099940372,2.0116323680805066
paper,50,1500000.0,12600.0,2,4,1384.0328412999797,742.671375030586,581.9846730933896,24.764705882352942,43.01287970867601,306.56883505093094,306.22009295222557,4,4,4,4,0.0,0.0,0.0,5.946750034819427,14.142120450431792,2.010313636042831,2.010888775700095
paper,50,1500000.0,12600.0,3,5,1888.3734029949221,1110.763238546721,869.2454761856458,24.484848484848484,47.498867721397104,307.12941542087117,306.71517285925506,5,5,5,5,0.0,0.0,0.0,3.7566179770337613,8.160982906890725,2.011130016135833,2.011812590388937
paper,50,1500000.0,12600.0,4,4,1217.679091476722,615.3174789878292,389.2528523824186,24.393939393939394,43.77264142303421,307.11550080384984,306.7500659470389,4,4,4,4,0.0,0.0,0.0,6.36339261677983,19.906264251848356,2.0111875295035353,2.011789669848844
paper,50,1500000.0,12600.0,5,5,2081.4139864459285,1338.7514480712089,1201.418635208831,24.242424242424242,41.9858057775953,306.6600970486869,306.2640525090578,5,5,5,5,0.0,0.0,0.0,3.507078583700828,6.075885791808988,2.0103861514441856,2.0110392294543384
paper,50,1500000.0,12600.0,6,5,2210.2473183266384,1525.2058766496775,1371.7798408449773,23.676470588235293,44.668162017279435,307.0692435588211,306.6975654235709,5,5,5,5,0.0,0.0,0.0,3.1440491529983814,5.065773677517631,2.011100993016311,2.011713469909376
paper,50,1500000.0,12600.0,7,5,1085.027641189867,562.0807331808965,387.2342581776768,26.666666666666668,48.67844089239106,306.86087939853485,306.5416108224727,5,5,5,5,0.0,0.0,0.0,7.013208341608964,19.65095996382002,2.010843889731863,2.0113701587426416
paper,50,1500000.0,12600.0,8,4,1423.4086166120642,912.4259891628521,667.5263932757551,22.818181818181817,41.58090937189795,306.7901781127271,306.48611308659997,4,4,4,4,0.0,0.0,0.0,5.638600033286299,12.023542370545993,2.01075238162239,2.011253641299958
paper,50,1500000.0,12600.0,9,4,1974.5214991480746,1204.265591435332,804.0811790527497,22.363636363636363,42.78224282682193,307.2564947312448,306.69058667749005,5,5,5,5,0.01957824856808621,0.01957824856808621,0.01957824856808621,3.8404936433840406,9.430810549671918,2.0110894894081497,2.0120218949068325
paper,50,1500000.0,12600.0,10,4,2402.9328693934663,1746.200707769205,1645.9139501692255,23.454545454545453,43.0360289733513,307.08443769881103,306.70202140507786,4,4,4,4,0.0,0.0,0.0,3.4791720987919885,5.079376715656587,2.0111083380875954,2.011738499973867
paper,50,1500000.0,12600.0,11,5,1305.5854957843699,714.3585589340835,531.4951590812572,24.03030303030303,44.07497386483226,306.365454313705,306.034791119258,5,5,5,5,0.0,0.0,0.0,5.4506098835567816,13.389091293798044,2.0100079061064458,2.0105534033615857
paper,50,1500000.0,12600.0,12,4,2335.0428675574294,1733.3609142509388,1542.313345797764,22.818181818181817,39.145130030461665,307.330600568282,306.9435609203649,4,4,4,4,0.0,0.0,0.0,3.5672836313906178,5.400822227680619,2.0115064028803196,2.0121439300947306
paper,50,3000000.0,12600.0,1,11,3051.585730560057,1948.8260587395296,1781.1528730778257,14.238532110091743,42.91322150261566,303.08445261259317,302.69706161710144,11,11,11,11,0.0,0.0,0.0,2.2537379337738472,3.8612488703689585,2.004485044881375,2.0051276081715415
paper,50,3000000.0,12600.0,2,9,1984.1262443126266,878.5214638179269,573.1902140015692,18.028985507246375,44.9170711576123,303.4233418057961,303.1076864949422,9,9,9,9,0.0,0.0,0.0,4.148172209698899,14.359103044926293,2.0051661330263473,2.0056893851247777
paper,50,3000000.0,12600.0,3,11,2537.3541553666055,1374.9002739801076,927.4799629804601,14.0,39.53730634866735,303.0992846398145,302.7262131721433,10,10,10,10,0.13310688569220952,0.13310688569220952,0.13310688569220952,2.795785309685393,7.648572213082512,2.0045334127048626,2.005152201807956
paper,50,3000000.0,12600.0,4,10,1760.119558563795,842.0800158387015,378.1269403683384,17.14864864864865,45.88920927681282,303.68218945410734,303.37235935901515,9,9,9,9,0.04561751201041653,0.04561751201041653,0.04561751201041653,4.402297618141774,20.49198116580152,2.0056048915271765,2.006118265835098
paper,50,3000000.0,12600.0,5,10,2860.0014047032123,1550.4461188172647,1240.6021620241522,14.19047619047619,34.69057229744294,302.9301751315606,302.55154793511167,10,10,10,10,0.0,0.0,0.0,2.5523352553868355,5.883983309983761,2.0042435759235433,2.0048717582052626
paper,50,3000000.0,12600.0,6,11,2821.261603084711,1709.9465129885145,1409.7992090706962,14.41904761904762,36.94901482221429,303.0684496501541,302.7343945572266,10,10,10,10,0.09939449018491486,0.09939449018491486,0.09939449018491486,2.4631272057521274,4.929160240969704,2.004546986717938,2.0051010722810485
paper,50,3000000.0,12600.0,7,10,2323.3884439691515,857.2375333552329,428.2839109624734,14.128440366972477,40.78334844549651,303.0901476820511,302.6360635180951,10,10,10,10,0.0,0.0,0.0,3.2751841061365403,17.76747785591186,2.0043838302131562,2.005137051487758
paper,50,3000000.0,12600.0,8,9,1921.802721863262,1048.6841593837366,653.040013571981,17.58823529411765,43.51777784582363,303.5216879781097,303.2394332211005,9,9,9,9,0.0,0.0,0.0,4.176303728629983,12.290260483593054,2.0053845586326666,2.005852354934377
paper,50,3000000.0,12600.0,9,10,2776.340921339659,1549.0069527419664,914.1904763936939,13.89423076923077,35.51087909115414,303.1424319539028,302.7232682753099,10,10,10,10,0.0,0.0,0.0,2.7313422526453413,8.294920437278376,2.0045285266818955,2.005223742845182
paper,50,3000000.0,12600.0,10,9,3125.654134123281,1830.7114579793258,1640.5596611166898,17.15714285714286,45.089895129219826,303.70938532105134,303.3469458526362,9,9,9,9,0.0,0.0,0.0,2.67470956021463,5.095954260373147,2.005562770877807,2.0061633156385885
paper,50,3000000.0,12600.0,11,11,2149.6142673856757,1001.1547229865856,574.6273279478463,13.764150943396226,36.690259049906125,302.7562140825795,302.4367093344623,10,10,10,10,0.02392112232241117,0.02392112232241117,0.02392112232241117,3.31047170421199,12.384091150980803,2.0040529689454676,2.0045831873345605
paper,50,3000000.0,12600.0,12,9,3235.171551733045,1874.241234781165,1527.8374285106795,16.62857142857143,41.10559672032676,303.9508687846014,303.46593522077967,9,9,9,9,0.0,0.0,0.0,2.574750694617993,5.451993808106137,2.0057599700736746,2.0065632432268417
paper,100,1500000.0,8000.0,1,7,1427.6565262935583,1111.652247922109,1006.6912202636022,29.986486486486488,62.37186422111516,309.51276085446113,309.04878191454384,7,7,7,7,0.0,0.0,0.0,3.633256473243564,5.15256536593839,2.0149692637621164,2.015730871268666
paper,100,1500000.0,8000.0,2,7,764.7380623650753,428.04752846722994,349.63371850152765,32.63513513513514,58.557561803454,308.8265138362947,308.43330498515434,6,6,6,6,0.1367846200206284,0.1367846200206284,0.1367846200206284,7.039542219090993,15.397273179592565,2.0139580941129576,2.014604214848159
paper,100,1500000.0,8000.0,3,7,1027.8630548952335,564.3826982629389,405.3926658923285,33.17567567567568,68.39868370859745,308.7846548382299,308.2716286951135,7,7,7,7,0.0,0.0,0.0,4.682849097508295,11.873247801322268,2.0136923081736287,2.014535451718716
paper,100,1500000.0,8000.0,4,7,813.5883085714793,381.33054425977656,243.44734838015492,32.63513513513514,70.83131710954771,309.03738379135837,308.50845273922346,7,7,7,7,0.0,0.0,0.0,6.28433302743352,21.00191237369955,2.014081608713394,2.0149505468927345
paper,100,1500000.0,8000.0,5,7,1288.063056034124,825.3474323627137,736.8854694095703,30.135135135135137,55.16268032550088,309.3524415081573,308.8376458415054,7,7,7,7,0.0,0.0,0.0,4.0157853891502775,7.019523406901516,2.0146225009685548,2.015467776459298
paper,100,1500000.0,8000.0,6,7,1374.5646311670532,980.3657474167305,895.0808233071836,30.92,59.640784985311505,309.6683227129819,309.1809292037046,7,7,7,7,0.0,0.0,0.0,3.7304892319645258,5.728866513150811,2.0151862377641265,2.0159860935941034
paper,100,1500000.0,8000.0,7,8,992.6829176418119,622.0466615557082,392.8346518026849,24.526315789473685,52.26569882921884,307.3456235200968,306.80624818900355,8,8,8,8,0.0,0.0,0.0,4.689354010610745,11.849875258577153,2.0112801263563647,2.0121686676308723
paper,100,1500000.0,8000.0,8,7,634.227072873235,382.13903390131,299.5657237792194,32.432432432432435,59.646914145912135,308.9016519568958,308.5668392538277,7,7,7,7,0.0,0.0,0.0,8.028708058611501,16.99801948877088,2.0141775637658785,2.014727634978792
paper,100,1500000.0,10000.0,1,5,1738.6368590147415,1357.2188097354183,1239.833727309724,35.1764705882353,71.31964886337299,313.7785688685867,313.3841958250831,5,5,5,5,0.0,0.0,0.0,3.7292450467948117,5.229574540389874,2.0220635919959236,2.022706489123487
paper,100,1500000.0,10000.0,2,5,918.2515040917474,494.7955088948844,423.05673660940795,39.8235294117647,66.53535794944479,313.13264729895945,312.5863303312706,5,5,5,5,0.0,0.0,0.0,7.328337950681571,15.90627630619401,2.020761693265166,2.021653312526579
paper,100,1500000.0,10000.0,3,6,1175.7773507682264,782.531921638894,562.484577078757,26.635135135135137,53.97409241412977,308.9037992908057,308.3762175425607,6,6,6,6,0.0,0.0,0.0,5.117175857990189,10.6965767932165,2.0138642538041616,2.0147311619189354
paper,100,1500000.0,10000.0,4,6,870.8210759007393,420.96930076891937,289.42235338515655,38.911764705882355,80.30762515821937,313.26163386727546,312.7148447694415,5,5,5,5,0.07458881976785836,0.07458881976785836,0.07458881976785836,7.339136620288216,22.082174279596178,2.020971505918818,2.021863712157473
paper,100,1500000.0,10000.0,5,6,1477.3410730405694,996.2326312608601,902.7818306231306,35.705882352941174,62.889553498971466,313.6642045747246,313.12040114344467,5,5,5,5,0.030392497069028357,0.030392497069028357,0.030392497069028357,4.376600041045537,7.162008340868742,2.0216333346549282,2.022520096908816
paper,100,1500000.0,10000.0,6,6,1764.9882345413648,1192.8522270637955,1102.3207997280322,36.73529411764706,67.9893611704512,314.26308631179774,313.6023109470464,5,5,5,5,0.20915248487038451,0.20915248487038451,0.20915248487038451,3.6316095872874534,5.814775694690156,2.0224192078057586,2.0234957845733055
paper,100,1500000.0,10000.0,7,6,1148.0382938292028,738.7362675319424,479.574308482454,26.83783783783784,54.20266287107028,309.64428332143154,309.0455335914155,6,6,6,6,0.0,0.0,0.0,5.068473811075844,12.133264696347675,2.0149639297226534,2.015946657591548
paper,100,1500000.0,10000.0,8,6,697.3232106286821,450.47711801501083,355.95945117468864,37.55882352941177,67.6695864237468,313.0627774133369,312.79066622966565,5,5,5,5,0.09173395798819817,0.09173395798819817,0.09173395798819817,9.127804605801334,17.881334496678363,2.021095271803217,2.021539324440224
paper,100,1500000.0,12600.0,1,4,2081.7163648070527,1758.34350083478,1608.6778853778735,29.147058823529413,55.26073730305771,313.9136614657743,313.66484716220606,4,4,4,4,0.0,0.0,0.0,3.924449932459116,5.078450895312123,2.0225211443000513,2.022926620805511
paper,100,1500000.0,12600.0,2,4,1338.8348866240483,693.6820622369754,568.6872130465398,30.5,52.33760946293334,313.19383064810626,312.68464883308525,4,4,4,4,0.0,0.0,0.0,6.333017118316584,14.909539129897146,2.020922211912813,2.0217531186611017
paper,100,1500000.0,12600.0,3,5,1261.6391313361328,924.9942532001089,670.4108772533939,30.5,61.141834844301606,312.8450496053259,312.4543278669662,5,5,5,5,0.0,0.0,0.0,6.008842583110238,11.307977233229455,2.0205461411534613,2.021184034353139
paper,100,1500000.0,12600.0,4,4,893.9296028574402,616.1175345484262,402.80848119829096,31.529411764705884,63.29835294942825,313.2133971680976,312.79154735791025,4,4,4,4,0.0,0.0,0.0,9.008264501550702,19.991521241931984,2.021096710009896,2.021785034744095
paper,100,1500000.0,12600.0,5,4,1877.972884093109,1312.1436744640207,1183.506253211925,28.852941176470587,49.03090804911624,313.8515970990075,313.3248396103464,4,4,4,4,0.0,0.0,0.0,4.338093020484569,6.883631614986304,2.02196679595498,2.022825493586284
paper,100,1500000.0,12600.0,6,4,2084.634128367309,1553.5797584813045,1430.4991543355275,29.794117647058822,52.82603235866927,314.36833685862587,313.85380566317747,4,4,4,4,0.0,0.0,0.0,3.874196730520734,5.6457794469679605,2.0228290923759413,2.0236671608464443
paper,100,1500000.0,12600.0,7,5,1409.3931815415478,853.0664376816922,559.2038363248929,31.176470588235293,61.03442139075352,314.22118143668433,313.4588048992281,5,5,5,5,0.0,0.0,0.0,5.202019315310281,13.1109446627367,2.02218524886511,2.0234275441487206
paper,100,1500000.0,12600.0,8,4,920.7353279955344,622.3477122542376,493.79619032439865,29.852941176470587,53.25548703075942,313.2651512645181,312.8849310415461,4,4,4,4,0.0,0.0,0.0,8.71036178739066,16.241392652309088,2.021249122466447,2.0218694490402025
paper,100,1500000.0,12600.0,9,4,2041.691555269164,1534.4217900803328,1322.2557911705483,27.970588235294116,52.20269423781831,313.5744843038541,312.89663500321745,4,4,4,4,0.0,0.0,0.0,3.9696941054041837,6.129593824528093,2.0212682230168815,2.022373846013701
paper,100,1500000.0,12600.0,10,5,1735.9459089530328,1264.07615063385,1151.8111797220527,31.294117647058822,57.6009133525397,313.3939038151041,313.1336172489945,5,5,5,5,0.0,0.0,0.0,4.204894683914707,6.337383985004862,2.0216548948462565,2.0220794225745604
paper,100,1500000.0,12600.0,11,4,862.0154204373068,485.0693592514017,339.0050511851634,29.823529411764707,55.36471671443296,313.41292087149895,313.05322598028425,4,4,4,4,0.0,0.0,0.0,9.791493270918602,24.8976177762904,2.0215237409221647,2.0221104325063557
paper,100,1500000.0,12600.0,12,4,1306.3513196400645,909.6136651324724,652.5231387376054,29.323529411764707,54.505454396002754,313.0384598288368,312.4795383078347,4,4,4,4,0.0,0.0,0.0,6.637635442885011,13.288546114821132,2.020587311809291,2.021499648929352
paper,100,1500000.0,16000.0,1,3,2634.337853465353,2132.942892270911,1977.130871438379,39.888888888888886,73.63695420949443,322.1349815469707,326.45657251662846,3,3,3,3,0.0,0.0,0.0,3.9380235977713873,5.247039931100641,2.0431627749567314,2.0362351431133936
paper,100,1500000.0,16000.0,2,4,1203.048043080029,758.6624587919881,671.5092213945592,44.888888888888886,68.85526962800239,321.77474727588697,325.07381428857457,3,3,3,3,0.019583699177342595,0.019583699177342595,0.019583699177342595,8.949610794897698,16.033751153512924,2.040951190480089,2.0356555850859026
paper,100,1500000.0,16000.0,3,4,1986.5911530128428,1273.0471825717686,955.7771554647019,25.705882352941178,47.30352797190974,313.3767231898899,312.64881681247755,4,4,4,4,0.0,0.0,0.0,4.845815981490124,10.072070778126117,2.0208637140716963,2.0220514063879724
paper,100,1500000.0,16000.0,4,4,1368.9756503136675,623.9801408687994,457.8514914267993,43.77777777777778,82.75746713729222,322.2971147314523,325.3608544204607,3,3,3,3,0.012378512659125374,0.012378512659125374,0.012378512659125374,7.4696140535706865,22.334140978142724,2.0414106689493514,2.0364958831425755
paper,100,1500000.0,16000.0,5,4,2259.5232397048367,1539.0255040686045,1437.8637811452777,42.888888888888886,64.90995695206902,322.52603183802773,326.0202546050829,3,3,3,3,0.009870975566743878,0.009870975566743878,0.009870975566743878,4.5784745293452165,7.194818964848057,2.042465434447082,2.0368639123787777
paper,100,1500000.0,16000.0,6,4,3322.0655007444634,1869.9978771408125,1758.7310237727065,42.333333333333336,69.76438242665904,322.7267850524392,326.926220563756,3,3,3,3,0.024229990271843915,0.024229990271843915,0.024229990271843915,3.0871146604778623,5.831248196450401,2.043912864441211,2.0371865551456003
paper,100,1500000.0,16000.0,7,4,1812.8842660320831,1256.7826627733184,838.6618482183181,24.08823529411765,47.230418611408815,314.3473603712034,313.6640347416877,4,4,4,4,0.0,0.0,0.0,5.135508877571145,11.101116930495255,2.022519820087754,2.023633007757506
paper,100,1500000.0,16000.0,8,3,1295.2245891201828,689.4220119751772,562.8203520407791,42.0,69.70680106778589,321.7701937346626,325.49574506312223,3,3,3,3,0.0,0.0,0.0,7.8627661237126825,18.094669080474134,2.0416265246608662,2.035648257107052
paper,100,1500000.0,20000.0,1,3,3584.820255115019,2763.8819988718146,2540.4440879549993,31.11111111111111,57.618192656122886,319.0764176451791,326.89008455532354,3,3,3,3,0.0,0.0,0.0,3.6173656882261627,5.104464156796248,2.043855169640124,2.031304057403666
paper,100,1500000.0,20000.0,2,3,1839.1047220002433,1027.250854678109,891.2597364496224,36.111111111111114,54.63909654096419,319.95722781575387,325.2265500042992,2,2,2,2,0.1900928078442008,0.1900928078442008,0.1900928078442008,7.31797082048392,15.10055278052236,2.0411957068747117,2.0327265333664957
paper,100,1500000.0,20000.0,3,3,2533.5976606105496,1319.6287535446609,1041.4986821540647,38.22222222222222,64.21964942463492,320.1607339148903,324.735921267466,3,3,3,3,0.0,0.0,0.0,4.7494987600145855,11.553849422601209,2.04041004939954,2.033054909665003
paper,100,1500000.0,20000.0,4,3,1953.2643809369915,894.1323413003618,628.3144078544617,35.666666666666664,65.79126345083965,320.2241423461264,325.47998229238664,3,3,3,3,0.0,0.0,0.0,6.543993644932046,20.34355656330034,2.0416013029503928,2.0331572038273853
paper,100,1500000.0,20000.0,5,3,3257.571221782121,2014.862044644283,1865.5686622231065,33.77777777777778,51.081917298494716,319.99508340021845,326.3377114523028,3,3,3,3,0.0,0.0,0.0,3.969663630175615,6.9316462393860325,2.042972852718457,2.0327876248293877
paper,100,1500000.0,20000.0,6,3,3234.988567864447,2403.2390813702987,2260.832540557811,35.0,54.7186823455328,320.6842520497742,327.3170814303643,3,3,3,3,0.0,0.0,0.0,3.962764046638547,5.67025472167745,2.0445367097910987,2.03389917633809
paper,100,1500000.0,20000.0,7,3,2266.277686886423,1251.5792014214126,870.9932728910285,35.55555555555556,62.82537946994083,321.04293725854814,326.765796957307,3,3,3,3,0.0,0.0,0.0,5.1351183132194205,13.361301877961827,2.0436567075389416,2.0344772226565264
paper,100,1500000.0,20000.0,8,3,1169.6297380799347,931.3891200155961,771.8430090262631,34.55555555555556,55.33501728062259,319.21530631485314,325.6432084992483,3,3,3,3,0.0,0.0,0.0,10.883837519653865,16.49306902899493,2.0418624485334718,2.0315284877547057
paper,100,3000000.0,12600.0,1,9,2308.7937150089574,1766.6025810769268,1589.518475866656,28.257575757575758,61.04226316460559,307.14610825702334,306.81267186087496,9,9,9,9,0.0,0.0,0.0,3.538467553059143,5.139664477829837,2.0112907130014177,2.011840086602989
paper,100,3000000.0,12600.0,2,9,1378.613731574163,699.2384308168441,553.8258067323404,29.939393939393938,57.352355115068775,306.78139257014163,306.3335677406215,9,9,9,9,0.0,0.0,0.0,6.150282752448717,15.30962290402496,2.010500812700682,2.011239161573795
paper,100,3000000.0,12600.0,3,10,1859.1486051146592,1053.2698216184829,710.1314521482225,23.114285714285714,53.7383981431498,305.5042845482077,305.0351058445757,10,10,10,10,0.0,0.0,0.0,4.077668087443296,10.675475524929178,2.0083569239850467,2.0091321098650523
paper,100,3000000.0,12600.0,4,9,1272.6042641227446,628.5777958089454,386.69253855707944,30.696969696969695,69.42368245597306,306.8284796161775,306.3876637385101,9,9,9,9,0.0,0.0,0.0,6.3277756764842135,20.82469534673303,2.0105900318436256,2.011316764777778
paper,100,3000000.0,12600.0,5,9,2237.2690524571535,1332.9825152382634,1164.5407451460417,26.861538461538462,54.01299099480105,307.1568864857527,306.6468276751652,9,9,9,9,0.0,0.0,0.0,3.6414132007038145,6.995737242428494,2.011017355068918,2.0118578399586786
paper,100,3000000.0,12600.0,6,9,2307.3582018822153,1565.2867304204826,1413.1525370062786,28.5,58.43103868771077,307.38985275657984,306.908879305575,9,9,9,9,0.0,0.0,0.0,3.500229274268895,5.7150820686080595,2.01144925610989,2.012241494171195
paper,100,3000000.0,12600.0,7,10,1999.0982735654609,1004.1065787022778,604.2560994154521,23.476190476190474,54.20370107264757,306.0918918895094,305.43528700581487,10,10,10,10,0.0,0.0,0.0,3.667498816938808,12.133415881673853,2.009018148178077,2.0101021266675785
paper,100,3000000.0,12600.0,8,9,1219.4612821756564,639.4093058527578,475.64895840857923,27.939393939393938,58.45842634298214,306.79841353274725,306.4329382324428,9,9,9,9,0.0,0.0,0.0,6.576623575095747,16.861043581606744,2.010664695851931,2.0112672141637393
paper,100,3000000.0,12600.0,9,9,2134.3287277934555,1541.1654263318512,1293.9176657363414,27.49230769230769,57.34921422665081,306.79031498859814,306.42920323980866,9,9,9,9,0.0,0.0,0.0,3.7973957930953883,6.263838222962337,2.010658536532507,2.0112538668877002
paper,100,3000000.0,12600.0,10,10,2062.001695926487,1342.2250886794304,1169.734793081129,23.8,50.65240937661382,305.7674837753954,305.3348930274901,10,10,10,10,0.0,0.0,0.0,3.5399921050212018,6.240277511873433,2.008852306712088,2.0095667119700336
paper,100,3000000.0,12600.0,11,9,960.7556637424631,498.29328719822433,323.06179382187577,28.59090909090909,60.8438866730597,306.8317042257074,306.5188060073694,9,9,9,9,0.0,0.0,0.0,8.785187022225529,26.12632737777,2.0108062887407745,2.0113220789733726
paper,100,3000000.0,12600.0,12,9,1673.6281926631668,943.1039220046291,625.1650800297257,27.50769230769231,59.67640831621146,306.6503873265578,306.2265501252592,8,8,8,8,0.06473940382939758,0.06473940382939758,0.06473940382939758,5.181009652033051,13.870070637486982,2.01032428807992,2.011023223153253
paper,100,6000000.0,12600.0,1,19,3011.8158091990676,1897.3884098358574,1604.3872066057186,17.970588235294116,56.47438052290657,303.4283887697249,303.0609984917038,18,18,18,18,0.08930861279799407,0.08930861279799407,0.08930861279799407,2.712513700975165,5.092032405662138,2.005088716634347,2.0056977491104124
paper,100,6000000.0,12600.0,2,18,2191.718540366407,893.7923660951146,565.6774968517307,17.770114942528735,53.27430512895495,303.1792789729603,302.8261162717116,18,18,18,18,0.0,0.0,0.0,3.8685917463526414,14.988866099108641,2.0046991527678184,2.0052848335554128
paper,100,6000000.0,12600.0,3,21,2636.1703641612767,1256.6090055027873,698.9662052839161,15.55813953488372,55.66481234824469,302.9474461476012,302.51476380462924,20,20,20,20,0.06896114056564473,0.06896114056564473,0.06896114056564473,2.875759108726166,10.846004970743055,2.004182526244821,2.0049004032698985
paper,100,6000000.0,12600.0,4,19,2374.1580287493625,960.0065265805748,399.12994147593736,17.790697674418606,64.58643043958115,303.2931823703915,302.84744696711584,19,19,19,19,0.0,0.0,0.0,3.391835846979382,20.17577102466385,2.0047345370247736,2.0054736568244698
paper,100,6000000.0,12600.0,5,19,2822.5816606104117,1465.408553920905,1179.2887040412222,18.2,50.067921708312156,303.35888407714464,302.9779198104083,18,18,18,18,0.03901311249901118,0.03901311249901118,0.03901311249901118,2.8863012804319577,6.908249890994309,2.004950943761947,2.0055825576535966
paper,100,6000000.0,12600.0,6,19,3134.341642771908,1730.9282167079757,1426.046056532977,17.028248587570623,54.18017199001289,303.59570308801756,303.1000469513586,19,19,19,19,0.0,0.0,0.0,2.576707852852369,5.663409458238495,2.005153465813983,2.005974988237808
paper,100,6000000.0,12600.0,7,21,2533.131834118334,1248.7983975506081,589.3705758274131,15.700934579439252,56.31916305878269,303.16067408901705,302.71406618404285,20,20,20,20,0.04192903356755884,0.04192903356755884,0.04192903356755884,2.8943185879615156,12.439865262959275,2.0045132588871803,2.0052539879536533
paper,100,6000000.0,12600.0,8,19,2046.5544010126719,777.6153039137025,489.7220652375157,17.82183908045977,54.36626899508635,303.2092236643482,302.86944424388753,19,19,19,19,0.0,0.0,0.0,3.9187513477797116,16.376509017177387,2.0047710257298883,2.005334477780651
paper,100,6000000.0,12600.0,9,19,3049.43610483363,1735.139392500846,1317.7150401348517,17.781065088757398,52.98793847728818,303.27903443966767,302.8845705104061,18,18,18,18,0.021469442809427752,0.021469442809427752,0.021469442809427752,2.6578326790184326,6.150715962971831,2.0047961161522707,2.005450205032001
paper,100,6000000.0,12600.0,10,21,2621.5345010405804,1501.957210687901,1164.3131830509285,15.746543778801843,52.559808372603804,303.0400003215441,302.66473086104816,20,20,20,20,0.04191590043240723,0.04191590043240723,0.04191590043240723,2.7844263431294434,6.269335287429108,2.0044313994511986,2.0050538962688256
paper,100,6000000.0,12600.0,11,18,2101.8604729005033,706.3147051381964,334.88200923496004,17.00578034682081,56.689572411724775,303.3233557145568,302.9046830299604,18,18,18,18,0.0,0.0,0.0,4.015689098997347,25.20415536183071,2.0048294764618197,2.0055236707218063
paper,100,6000000.0,12600.0,12,18,2497.3475275877045,1136.920826854367,612.9227795686693,19.772058823529413,62.332850915086844,303.53639438209575,303.1102798174076,17,17,17,17,0.031913718529152035,0.031913718529152035,0.031913718529152035,3.4721174062939775,14.14710646943907,2.0051704330069398,2.0058767227019683
paper,200,1500000.0,12600.0,1,5,1928.8779687171414,1503.0330122966577,1306.372174981388,34.17142857142857,65.97942795363436,326.30476797914326,327.02776317678854,4,4,4,4,0.06313010018486831,0.06313010018486831,0.06313010018486831,4.19874220711888,6.1995053896105645,2.0440749704511783,2.0429202078445297
paper,200,1500000.0,12600.0,2,4,1063.0636785695062,654.5132206121241,514.7590228883702,34.457142857142856,63.56340972438922,324.82489807167957,325.7549114853961,4,4,4,4,0.0,0.0,0.0,7.7679749226230745,16.042170470259336,2.0420411244050403,2.0405525744713393
paper,200,1500000.0,12600.0,3,5,1344.0602365227062,843.484772314029,619.1388749781022,33.97142857142857,67.18719827707248,324.75597726839106,325.59580308724213,4,4,4,4,0.0015517546252841186,0.0015517546252841186,0.0015517546252841186,5.832639034525598,12.661809033673276,2.04178661136729,2.0404421772630954
paper,200,1500000.0,12600.0,4,4,1134.1426470574816,707.726790887107,437.5508682310501,32.34285714285714,65.45669033928903,324.51122871108805,326.0191963033515,4,4,4,4,0.0,0.0,0.0,6.928998682929735,17.960135559749457,2.0424637424603818,2.0400500448072805
paper,200,1500000.0,12600.0,5,4,1550.0385421721714,1187.7303882608355,957.5080727695794,32.17142857142857,65.06324746080472,325.00345598564996,326.50644077883663,4,4,4,4,0.0,0.0,0.0,5.125933035507739,8.297991417083976,2.04324244669977,2.0408385337243717
paper,200,1500000.0,12600.0,6,4,1609.1670188856667,1098.0163037413809,945.0438370192306,33.94285714285714,63.31114304065698,324.9761152969624,325.6800814052977,4,4,4,4,0.0,0.0,0.0,4.99027717577554,8.497160800163499,2.041921432427125,2.040794752896334
paper,200,1500000.0,12600.0,7,5,1272.3084773196333,826.0465100720222,561.7806136456692,35.142857142857146,68.82826492961213,324.32608004426703,324.8109664072675,4,4,4,4,0.06820846607974662,0.06820846607974662,0.06820846607974662,6.60548419614137,14.95995649442667,2.0405302597029835,2.039753304145214
paper,200,1500000.0,12600.0,8,4,906.3275673582434,635.3485231408732,498.60201890321355,33.142857142857146,60.53475411619861,323.83347973666173,325.4135340911729,4,4,4,4,0.0,0.0,0.0,8.815852328506674,16.024905018757963,2.041494973729547,2.0389633932220805
paper,200,1500000.0,12600.0,9,4,1768.4591578582297,1428.5357884977668,1207.5008509012628,33.74285714285714,63.7076985776791,325.9748062018525,327.7806869533813,4,4,4,4,0.0,0.0,0.0,4.455383986479852,6.525183486855762,2.0452761787415823,2.0423927701876625
paper,200,1500000.0,12600.0,10,4,1650.216798630714,1346.5224927678305,1215.451945332175,32.861111111111114,62.75329989469967,325.6151002182907,327.2624923319228,4,4,4,4,0.0,0.0,0.0,5.004824555907552,6.795040797849892,2.044449603590208,2.0418174827647606
paper,200,1500000.0,12600.0,11,4,1141.1850024062612,493.6825276465578,335.37027820069784,32.77142857142857,62.44692513281635,323.9647349508359,324.63422513676386,4,4,4,4,0.0,0.0,0.0,7.671595702382009,26.10460893270792,2.0402471263066353,2.0391739266533393
paper,200,1500000.0,12600.0,12,4,1586.2114286877559,1126.0160748311084,836.5480160302038,30.82857142857143,59.938954558666104,325.0210437095469,325.84642252093863,4,4,4,4,0.0,0.0,0.0,5.407118257520938,10.25264851747167,2.042187479168917,2.0408666960912063
paper,200,3000000.0,12600.0,1,9,1945.060908484494,1466.2381478665773,1250.5810947689283,38.338235294117645,81.91087543537303,314.3027330718832,313.4323460878857,9,9,9,9,0.0,0.0,0.0,4.163808600700668,6.476078499436159,2.02214210702799,2.0235603435588336
paper,200,3000000.0,12600.0,2,9,1057.1003848905257,632.9073756453683,482.9269308290808,37.220588235294116,77.82615516931958,313.3370388241574,312.8413665648069,9,9,9,9,0.0,0.0,0.0,7.811795468350485,17.099588921459446,2.0211780232731327,2.0219866907550825
paper,200,3000000.0,12600.0,3,9,1370.848663388229,806.094769191241,569.8709956324192,37.470588235294116,82.23490657003937,313.4065652326152,312.7472378468887,9,9,9,9,0.0,0.0,0.0,5.718660571123812,13.756478677417478,2.021024384049158,2.0221000688657567
paper,200,3000000.0,12600.0,4,9,1212.427061562964,629.8435001912494,384.29985801811694,38.19117647058823,80.44255981636262,313.7079964494061,312.960459037915,9,9,9,9,0.0,0.0,0.0,6.481604672849531,20.44880512900232,2.0213723758386966,2.0225914734135135
paper,200,3000000.0,12600.0,5,9,1674.4828822736831,1127.595582680126,899.5124525781903,37.8955223880597,80.3717423415042,314.0507238299383,313.18332774660394,9,9,9,9,0.0,0.0,0.0,4.744983572983439,8.833000306841148,2.021735986359497,2.0231499137955273
paper,200,3000000.0,12600.0,6,9,1503.381152065723,1064.6582678836971,904.017224860509,38.23880597014925,77.52517787072148,313.3383380943047,312.7854216369431,9,9,9,9,0.0,0.0,0.0,5.34141952978592,8.882783674387374,2.021086711363508,2.021988809616336
paper,200,3000000.0,12600.0,7,9,1133.9479755756386,766.6184659312115,501.68617266129866,40.19117647058823,83.69231128800926,312.97073389241547,312.35132848322615,9,9,9,9,0.0,0.0,0.0,7.411463065829986,16.75193377359721,2.0203779177070067,2.02138914212037
paper,200,3000000.0,12600.0,8,9,1005.7442294403836,601.5609302834088,464.71142936101137,37.63235294117647,73.89398246931347,313.2137797771057,312.67041258604047,9,9,9,9,0.0,0.0,0.0,7.944415449970601,17.19357323763579,2.0208989708194123,2.0217856588298506
paper,200,3000000.0,12600.0,9,9,2091.795888900314,1390.2878068415434,1135.5189808058162,37.411764705882355,79.73703775256374,314.6709154368113,313.79633733431035,9,9,9,9,0.0,0.0,0.0,3.7666985839652773,6.938822464309479,2.0227354453202295,2.024159680643618
paper,200,3000000.0,12600.0,10,9,1709.820517737447,1319.3283681228504,1180.9463378046382,36.89705882352941,77.96800847979881,314.0667350632052,313.56765712378535,9,9,9,9,0.0,0.0,0.0,4.8303581988167315,6.993582427895571,2.0223627163321005,2.023175995065048
paper,200,3000000.0,12600.0,11,8,942.9853546106272,447.7121963295983,303.0838773847086,38.23529411764706,75.67451902128741,312.8298937029421,312.287636559345,8,8,8,8,0.0,0.0,0.0,9.28403597922009,28.88543605693087,2.0202738791771306,2.0211592982209683
paper,200,3000000.0,12600.0,12,9,1653.7733197292469,1044.459658615007,765.5356108643396,36.37313432835821,73.64201752146523,313.7514661044702,312.8503019425203,8,8,8,8,0.009750784952940572,0.009750784952940572,0.009750784952940572,5.186220308445974,11.203701897893598,2.0211926066165975,2.0226623198046525
paper,400,1500000.0,12600.0,1,4,1804.0812589973552,1259.943823953922,1112.3830036118977,33.19444444444444,50.899844098542395,338.1301806447935,352.644681524843,4,4,4,4,0.0,0.0,0.0,4.761547730601223,7.7223573146179785,2.0841966019820743,2.0616499433190354
paper,400,1500000.0,12600.0,2,5,1308.5641851493722,782.3555884494871,653.1331121064634,34.111111111111114,57.49120633327822,336.79856901795296,351.3207849811838,4,4,4,4,0.003598842884519282,0.003598842884519282,0.003598842884519282,6.280240014353619,12.5825762078122,2.0821595461255296,2.059557406055241
paper,400,1500000.0,12600.0,3,4,1095.462933893453,682.3931459760179,528.5653463238805,34.333333333333336,56.016220722529084,336.69959795000693,350.54158208441106,4,4,4,4,0.0,0.0,0.0,7.864640334849968,16.299634539326007,2.080958806005747,2.0594017147270858
paper,400,1500000.0,12600.0,4,4,1182.843046197702,789.4855459340927,600.072026474912,33.02777777777778,52.35103620664881,336.88198375902283,351.8993111538912,4,4,4,4,0.0,0.0,0.0,7.497039207966782,14.777927153692747,2.083050185285199,2.05968860797095
paper,400,1500000.0,12600.0,5,4,1757.9938043645382,1104.3434017616648,942.1244965057921,33.416666666666664,52.565583650360075,338.59589542950334,352.9667080605998,4,4,4,4,0.0,0.0,0.0,4.870395096617365,9.088102938004981,2.0846915199886706,2.0623808096746714
paper,400,1500000.0,12600.0,6,4,1747.7734535354787,1104.1852730898613,979.3545921815978,33.37837837837838,52.39542428730247,339.9728310335563,354.4181919036573,4,4,4,4,0.0,0.0,0.0,5.014917873325817,8.94971075913862,2.086919487824278,2.0645387593281206
paper,400,1500000.0,12600.0,7,4,1268.7470079989876,738.5520686049821,535.384219826994,32.916666666666664,55.67593799504744,335.8674124490676,350.76945483633693,4,4,4,4,0.0,0.0,0.0,6.374507369267537,15.106229979731479,2.0813100924901806,2.05809169805688
paper,400,1500000.0,12600.0,8,5,1098.6993066644302,771.6109284096881,638.9929927599558,34.44444444444444,54.62101138649563,338.3091843430935,353.04106146897,4,4,4,4,0.008868016611362384,0.008868016611362384,0.008868016611362384,7.21360210828709,12.403234033437082,2.0848057605995187,2.061930921078977
paper,400,1500000.0,12600.0,9,4,1529.7691739547809,1061.8677746339815,803.3869265629464,32.02777777777778,55.28949527388858,337.6624271538486,352.3873414068187,4,4,4,4,0.0,0.0,0.0,5.556271152597224,10.579973422944994,2.0838009371448534,2.0609153707276384
paper,400,1500000.0,12600.0,10,4,1491.8425272908019,1142.4031863887112,965.5974632902108,32.47222222222222,52.985096507483476,337.77832381722436,352.799282765365,4,4,4,4,0.0,0.0,0.0,5.681288192969599,8.77755758303998,2.0844342346209306,2.0610974253372847
paper,400,1500000.0,12600.0,11,5,987.5853761112876,559.6928531808641,438.74526246234956,35.69444444444444,58.130282912233696,337.6859993836598,351.3347248033043,4,4,4,4,0.028217201300788197,0.028217201300788197,0.028217201300788197,8.724212831189083,19.63760237959072,2.0821810150544815,2.060952401357164
paper,400,1500000.0,12600.0,12,4,1693.8276857568806,1204.3303376425495,983.9105915803287,33.388888888888886,54.77964952599502,339.05350576543674,353.29542614026843,4,4,4,4,0.0,0.0,0.0,5.137687193155669,8.844662190848211,2.085196489336176,2.0630984679470927
ring,50,1500000.0,12600.0,1,3,6658.340007113507,6320.268071685146,6306.540810686747,23.5,51.608857672893116,308.8338439905824,308.540390536622,3,3,3,3,0.0,0.0,0.0,1.1674410432341518,1.23256467173576,2.014134097866454,2.0146162558500995
ring,50,1500000.0,12600.0,2,4,6596.162061580786,6307.06926565694,6304.171701435237,23.323529411764707,45.310182815947094,309.9032409452848,309.5663626458871,3,3,3,3,0.054444856352440674,0.054444856352440674,0.054444856352440674,1.2020080011780772,1.257681413290554,2.015818820206778,2.0163713903642453
ring,50,1500000.0,12600.0,3,3,6671.641000679632,6339.706727186747,6325.926233217818,22.41176470588235,45.947855562601916,309.07747019563413,308.73838835799745,3,3,3,3,0.0,0.0,0.0,1.2018444953376113,1.2675258477455975,2.014459442852855,2.0150163712893736
ring,50,1500000.0,12600.0,4,3,6707.101222384659,6301.682291065225,6300.333096514818,23.470588235294116,46.69737736857707,309.39700852812723,309.0296114211493,3,3,3,3,0.0,0.0,0.0,1.1883812421314202,1.2651066474830948,2.0149377836779774,2.0155409207710067
ring,50,1500000.0,12600.0,5,3,6611.712042603145,6313.979033967069,6305.684752261179,23.294117647058822,40.60857960077294,309.2561902150555,308.962924199197,3,3,3,3,0.0,0.0,0.0,1.2019511418454354,1.2602841961470304,2.014828268229321,2.0153097888740747
ring,50,1500000.0,12600.0,6,4,6673.762435323406,6314.03474300777,6303.392395753095,22.794117647058822,52.98205588710796,309.9325797145828,309.46126354250407,3,3,3,3,0.027395001007351816,0.027395001007351816,0.027395001007351816,1.1766610855696455,1.2457984619952185,2.015646368152656,2.016419499541705
ring,50,1500000.0,12600.0,7,3,6657.843346396484,6367.352977369221,6338.435273134407,22.0,38.99130124029754,309.56519199814477,309.3572733115717,3,3,3,3,0.0,0.0,0.0,1.1749213540818877,1.2341282955067525,2.0154757067692817,2.0158168995085433
ring,50,1500000.0,12600.0,8,4,6740.105176534208,6311.5117582168,6303.589800133147,23.38235294117647,46.66643216733396,309.3541756521756,308.8859772192065,3,3,3,3,0.009715241906945282,0.009715241906945282,0.009715241906945282,1.1792032185951709,1.2608615042925588,2.0147018892581317,2.0154706226707164
ring,50,1500000.0,12600.0,9,3,6764.772431392544,6312.244582692753,6305.30947658877,22.352941176470587,47.56630691460519,309.56678878515345,309.14445970358383,3,3,3,3,0.0,0.0,0.0,1.1707262491604078,1.256036152457429,2.0151263627476528,2.0158195193785713
ring,50,1500000.0,12600.0,10,3,6682.768295312626,6308.560858193157,6303.357433316167,23.205882352941178,42.02111306553784,309.65691332936706,309.31182959642763,3,3,3,3,0.0,0.0,0.0,1.1779047297752534,1.248805016424335,2.015401118764448,2.0159673769850537
ring,50,1500000.0,12600.0,11,3,6699.982401604001,6307.9614868290455,6302.61962254708,23.676470588235293,51.34153398180057,309.08164515948613,308.66296573703454,3,3,3,3,0.0,0.0,0.0,1.1486466383498208,1.2210656399243784,2.01433552262394,2.015023226597116
ring,50,1500000.0,12600.0,12,4,6653.448431791268,6312.284117376064,6305.917581608716,22.764705882352942,40.19501053640462,309.89259140681696,309.57047162578203,3,3,3,3,0.021860853985649742,0.021860853985649742,0.021860853985649742,1.1689927926121353,1.2334181603426995,2.0158255618392067,2.0163539268824566
ring,50,3000000.0,12600.0,1,9,6576.816197122147,6332.658907553139,6305.971327562986,16.140845070422536,54.793318938368316,304.6259535648879,304.2509354383447,6,6,6,6,0.2711102875270919,0.2711102875270919,0.2711102875270919,1.1819122157486555,1.2326759828634255,2.007059970803369,2.007680428120093
ring,50,3000000.0,12600.0,2,8,6759.034228204415,6311.953293619891,6304.029904590276,15.681159420289855,48.47191850647148,305.16580846431,304.7592127969646,6,6,6,6,0.1510252194346331,0.1510252194346331,0.1510252194346331,1.1730432643767932,1.2577097023784978,2.0079008099295033,2.008572933182177
ring,50,3000000.0,12600.0,3,8,6775.6695761882565,6351.275388525434,6325.368954173174,16.308823529411764,48.85434570074436,304.73390412984656,304.3489798156429,6,6,6,6,0.21977450731952075,0.21977450731952075,0.21977450731952075,1.1833922716234808,1.2676375195861826,2.0072222194657323,2.007858958601263
ring,50,3000000.0,12600.0,4,8,6866.022433765248,6305.171169239829,6300.296143652217,15.957142857142857,49.75636756537871,304.9086043013148,304.4934906217529,6,6,6,6,0.21705982149077574,0.21705982149077574,0.21705982149077574,1.160874925569922,1.2651140676600283,2.007461315422339,2.0081478137345314
ring,50,3000000.0,12600.0,5,8,6485.6003837259905,6325.399470153296,6305.119319389691,15.647887323943662,43.24911200583665,304.8248758334853,304.4602674295588,6,6,6,6,0.2265705240811995,0.2265705240811995,0.2265705240811995,1.2253229260163767,1.2603972163891257,2.007406352024112,2.0080093846016274
ring,50,3000000.0,12600.0,6,8,6689.657641984667,6328.939863890878,6303.080076477644,15.257142857142858,56.63545237574211,305.1433079512866,304.7071285381757,6,6,6,6,0.27896291424100816,0.27896291424100816,0.27896291424100816,1.1738652367943645,1.2458601916366459,2.0078146796214993,2.0085357504013537
ring,50,3000000.0,12600.0,7,9,6826.311482737632,6387.165251075006,6335.587798787578,15.942028985507246,41.65598134677418,305.00490453714707,304.6546408156915,6,6,6,6,0.25690047067181965,0.25690047067181965,0.25690047067181965,1.1459251954140424,1.234682963640753,2.0077278746693663,2.008307004400854
ring,50,3000000.0,12600.0,8,9,6600.1576554009725,6321.326418982716,6303.189582955364,15.492753623188406,49.67191236523457,304.73077669802035,304.42221487129075,6,6,6,6,0.22352466001981441,0.22352466001981441,0.22352466001981441,1.204206646690511,1.2609415619246802,2.0073433953908846,2.0078537868461215
ring,50,3000000.0,12600.0,9,9,6654.081207068615,6318.387158869266,6304.928555099313,16.114285714285714,50.72680114590592,304.90223654986636,304.55023736636633,6,6,6,6,0.30591741230373093,0.30591741230373093,0.30591741230373093,1.1902013829670202,1.2561120377204935,2.007555188507254,2.0081372865337115
ring,50,3000000.0,12600.0,10,9,6545.416579028793,6313.860744148033,6302.997990572281,16.857142857142858,44.86888146261001,304.9350044613503,304.6331286296208,6,6,6,6,0.20018712593643007,0.20018712593643007,0.20018712593643007,1.2026223675757004,1.248876232360363,2.0076922953455263,2.0081914574480226
ring,50,3000000.0,12600.0,11,9,6585.153683828892,6313.918537590684,6302.375596224656,16.52173913043478,54.55742583879642,304.60799749759843,304.31178618638154,6,6,6,6,0.2563391235316561,0.2563391235316561,0.2563391235316561,1.168676181621119,1.2211129192642083,2.007160672693921,2.007650729002198
ring,50,3000000.0,12600.0,12,8,6705.479878048354,6318.62882157588,6305.4977634051675,17.0,43.00206495313782,304.9919068735444,304.7611419680189,6,6,6,6,0.2849690290672151,0.2849690290672151,0.2849690290672151,1.159921945071031,1.233500280964374,2.0079040000053228,2.008285519869487
ring,100,1500000.0,12600.0,1,3,6626.683314800556,6311.465675996111,6303.045543282928,33.3235294117647,72.52387543723322,319.6793513313724,319.0686729998331,3,3,3,3,0.0,0.0,0.0,1.1923320755903632,1.2535538600758465,2.031291541385256,2.032277984736302
ring,100,1500000.0,12600.0,2,3,6679.889399485818,6302.107928167396,6300.578799940033,34.05882352941177,72.098197332817,320.2434213648439,319.5383564257224,3,3,3,3,0.0,0.0,0.0,1.1748550441132826,1.2455842557162295,2.032050315998405,2.0331883038517935
ring,100,1500000.0,12600.0,3,3,6681.525663174339,6308.446512332576,6303.573232590308,31.705882352941178,70.9608960763345,317.97245077291427,317.50005773089964,3,3,3,3,0.0,0.0,0.0,1.1903126658472214,1.261681958883426,2.028753384329629,2.0295184161747897
ring,100,1500000.0,12600.0,4,3,6572.83519657868,6302.325112509296,6300.280592054392,32.205882352941174,68.36152712555524,318.982423601232,318.17526155426435,3,3,3,3,0.0,0.0,0.0,1.2163028420664044,1.2689209652209918,2.0298466901344496,2.031152144611764
ring,100,1500000.0,12600.0,5,3,6705.806662749815,6309.695462923016,6305.892624011378,31.558823529411764,62.861429189900676,318.56631958031073,318.04107618279676,3,3,3,3,0.0,0.0,0.0,1.1939212722041201,1.269638685482742,2.029629506477608,2.0304793699702914
ring,100,1500000.0,12600.0,6,3,6689.766133152032,6305.254819721323,6300.764243189179,30.08823529411765,63.61706047138147,319.10183919982273,318.54196828676663,3,3,3,3,0.0,0.0,0.0,1.167454134587052,1.239531401291677,2.0304399841601106,2.0313451397726867
ring,100,1500000.0,12600.0,7,4,6671.756879880306,6304.907281011367,6301.206817471643,33.55882352941177,73.64469177017928,319.5100175230147,318.7300493628464,3,3,3,3,0.00945739128064349,0.00945739128064349,0.00945739128064349,1.1454241490610555,1.212782196846776,2.0307441476312897,2.032004550253235
ring,100,1500000.0,12600.0,8,3,6617.546029577743,6306.880765171688,6302.474845833965,30.647058823529413,73.19596802269875,319.1557594732699,318.5881348104201,3,3,3,3,0.0,0.0,0.0,1.193997604063685,1.2536875271021324,2.0305146526702407,2.031432271929459
ring,100,1500000.0,12600.0,9,3,6615.899160457293,6305.11028456465,6301.170947997878,31.852941176470587,62.82776836626768,318.5413736402286,318.16329715572795,3,3,3,3,0.0,0.0,0.0,1.207619849190071,1.2679375329353217,2.0298273272021996,2.0304390223592863
ring,100,1500000.0,12600.0,10,3,6608.270972230192,6303.774291328705,6300.610125633736,28.352941176470587,59.78192850471576,319.0511317409927,318.4555048802182,3,3,3,3,0.0,0.0,0.0,1.2079699694897514,1.26695553692937,2.030300125983069,2.0312631926283298
ring,100,1500000.0,12600.0,11,3,6575.424458273478,6314.294843655179,6305.979417626152,31.941176470588236,64.65380069196101,317.61005503751903,317.4191558386043,3,3,3,3,0.0,0.0,0.0,1.2115834084701802,1.2633525499663263,2.0286223081361534,2.0289315737493903
ring,100,1500000.0,12600.0,12,3,6689.063938222189,6307.274055768214,6302.536647836896,30.529411764705884,73.32817358073191,319.40501245454885,318.88257620931427,3,3,3,3,0.0,0.0,0.0,1.1971195488333175,1.2705375075589709,2.0309907471445676,2.031834955236784
ring,100,3000000.0,12600.0,1,8,6706.125598232767,6316.310756628232,6302.293410145115,26.397058823529413,83.68294235979344,309.9349623983,309.4392539332786,6,6,6,6,0.16192757108182332,0.16192757108182332,0.16192757108182332,1.1782074396426967,1.2537034626628474,2.015610249937246,2.0164234065229247
ring,100,3000000.0,12600.0,2,8,6673.114417212381,6302.834312258008,6300.470322601997,29.47761194029851,83.52095402204814,310.0466061471666,309.66989891980256,6,6,6,6,0.21898264838103976,0.21898264838103976,0.21898264838103976,1.1760478338063822,1.2456057013635289,2.0159886792673145,2.0166064563818304
ring,100,3000000.0,12600.0,3,8,6670.129323866644,6312.179731382787,6303.195012298932,24.808823529411764,80.80529123596608,309.022548819418,308.6700784579008,6,6,6,6,0.19489508454502658,0.19489508454502658,0.19489508454502658,1.1923463905868157,1.2617576655238176,2.0143472095522004,2.014926185853628
ring,100,3000000.0,12600.0,4,7,6625.411657340415,6303.513491194232,6300.192354480475,27.235294117647058,78.28326249819962,309.3900234454614,309.0016725780839,6,6,6,6,0.15337050153944687,0.15337050153944687,0.15337050153944687,1.206650777869089,1.2689387371398737,2.0148919032390986,2.0155294570575184
ring,100,3000000.0,12600.0,5,8,6749.505151008076,6311.966543749378,6305.5446885176425,25.691176470588236,71.90564634439797,309.39378231617053,308.935588895524,6,6,6,6,0.17164906885362186,0.17164906885362186,0.17164906885362186,1.1861914381603744,1.2697087432469354,2.014783374084545,2.0155356260223316
ring,100,3000000.0,12600.0,6,8,6712.211306788104,6307.48638157612,6300.576453262805,26.073529411764707,73.07575982654559,309.6675832846095,309.1814650269337,6,6,6,6,0.17223296643300512,0.17223296643300512,0.17223296643300512,1.1635502481381172,1.2395683457700613,2.015187117443436,2.0159848806037246
ring,100,3000000.0,12600.0,7,8,6751.912625127125,6310.901099096916,6301.680298350628,21.5188679245283,60.73876385045023,309.02856037609615,308.39411243141194,6,6,6,6,0.1665315926903359,0.1665315926903359,0.1665315926903359,1.1318261759548849,1.2126910736616265,2.0138936703478194,2.014936057716768
ring,100,3000000.0,12600.0,8,8,6672.211760572569,6307.523844541277,6302.184051036936,28.582089552238806,84.11236195703717,309.6506585530447,309.20400893219517,6,6,6,6,0.1958808778647596,0.1958808778647596,0.1958808778647596,1.184215128001113,1.253745374636738,2.0152241278525564,2.015957116143926
ring,100,3000000.0,12600.0,9,8,6711.547556408758,6308.167564489309,6300.847901387804,24.88235294117647,71.94054564388469,309.4804107653545,308.9956321115348,6,6,6,6,0.19798066265285819,0.19798066265285819,0.19798066265285819,1.190409675154444,1.2680025405229054,2.014881983469892,2.0156777880892385
ring,100,3000000.0,12600.0,10,7,6690.782027313767,6304.97365412753,6300.426418610171,25.0,68.6203864338716,309.5780257137616,309.1390666418659,6,6,6,6,0.2138653943925648,0.2138653943925648,0.2138653943925648,1.1930732240443032,1.2669924786560427,2.015117508209215,2.015837955768146
ring,100,3000000.0,12600.0,11,7,6683.634071251422,6317.885169865406,6305.1264645530455,26.46268656716418,73.57669390671025,309.0649864381809,308.6300228874258,6,6,6,6,0.16314540489383011,0.16314540489383011,0.16314540489383011,1.1919675871485158,1.2635234554106451,2.0142813923946776,2.0149958726322996
ring,100,3000000.0,12600.0,12,8,6766.8108377144745,6308.986503717841,6302.17520141882,25.691176470588236,84.47477806326583,309.79676107696025,309.348320684593,6,6,6,6,0.18628623482154683,0.18628623482154683,0.18628623482154683,1.18336530987563,1.270610376245807,2.015461013012633,2.016196767489709
ring,200,1500000.0,12600.0,1,3,6603.2186301468555,6304.421832229679,6301.078459012024,35.17142857142857,77.20133386400073,337.4894790738183,338.547358072338,3,3,3,3,0.0,0.0,0.0,1.213995812405249,1.2722075780423654,2.062304661372838,2.0606436396104306
ring,200,1500000.0,12600.0,2,3,6712.354226581016,6306.779284317521,6301.49097682765,32.82857142857143,79.66608233144714,337.18720702869274,338.58407583075586,3,3,3,3,0.0,0.0,0.0,1.1915743726249834,1.2692661634820728,2.0623622668856982,2.0601685511098267
ring,200,1500000.0,12600.0,3,3,6658.036233998688,6303.555346280254,6301.075781638183,32.77142857142857,76.81704173381293,336.5531328830434,338.49061824281296,3,3,3,3,0.0,0.0,0.0,1.1913823374448573,1.2588749994674155,2.062215637622313,2.0591712686231682
ring,200,1500000.0,12600.0,4,3,6597.120977734545,6302.95039279669,6300.434644874096,33.47222222222222,81.68614959762986,335.51538018505215,337.0939651748336,3,3,3,3,0.0,0.0,0.0,1.2006136515445602,1.2571503321922595,2.0600219575946426,2.0575370445600667
ring,200,1500000.0,12600.0,5,3,6569.281584281882,6306.484201000705,6301.181683993264,34.19444444444444,76.94451764670059,336.7186285035882,338.2026009750622,3,3,3,3,0.0,0.0,0.0,1.2202087467371812,1.2721256505399325,2.061763628709426,2.059431653456368
ring,200,1500000.0,12600.0,6,3,6546.669482522874,6308.092939940374,6302.449390868775,32.94444444444444,73.3763343294165,337.16949865794805,338.96324601044233,3,3,3,3,0.0,0.0,0.0,1.2199575952889574,1.2672309865147955,2.0629569543031714,2.0601407118207593
ring,200,1500000.0,12600.0,7,3,6634.552039728929,6303.121806680104,6301.0016020559415,34.22857142857143,78.11669222391454,336.670839838306,338.85771580747,3,3,3,3,0.0,0.0,0.0,1.1963992552306233,1.2597319633327133,2.0627914750120238,2.059356471068334
ring,200,1500000.0,12600.0,8,3,6608.078300823299,6303.639814816896,6300.601957384868,33.6,77.0678869940088,336.7330100904582,338.4185396894427,3,3,3,3,0.0,0.0,0.0,1.2114342037565875,1.2705535326408277,2.0621025369354924,2.059454277903579
ring,200,1500000.0,12600.0,9,3,6594.03043592893,6302.002498013864,6300.330768122556,34.22857142857143,82.62681033249348,336.13729612770726,337.99738832993967,3,3,3,3,0.0,0.0,0.0,1.1992337650758562,1.2551379027136844,2.0614414543910553,2.0585167234196273
ring,200,1500000.0,12600.0,10,3,6587.335679027417,6302.923963746428,6300.48539406967,33.6,80.02349015270057,335.93187163412915,337.8958204840217,3,3,3,3,0.0,0.0,0.0,1.2036771598622589,1.2584785147909778,2.061281961409599,2.0581932268953045
ring,200,1500000.0,12600.0,11,3,6661.760329218056,6303.479136898037,6300.692532123437,34.51428571428571,80.09341593630863,337.101425501779,338.6001143803358,3,3,3,3,0.0,0.0,0.0,1.1982399778894797,1.2669063771783606,2.062387428358625,2.060033687360578
ring,200,1500000.0,12600.0,12,3,6605.348252239996,6302.232717174576,6300.449465411034,34.857142857142854,81.02903430068622,335.86056190472425,337.93880714473937,3,3,3,3,0.0,0.0,0.0,1.2129164357576947,1.271613319498719,2.0613494667085224,2.0580809072793445
ring,200,3000000.0,12600.0,1,7,6626.60819702871,6303.285255688193,6300.584821658799,41.5,108.1804867115743,319.67921145171584,318.89057976500715,6,6,6,6,0.04014037015848415,0.04014037015848415,0.04014037015848415,1.2097108395497125,1.2723072527867507,2.0310036853555324,2.0322777588932737
ring,200,3000000.0,12600.0,2,7,6646.598316328044,6304.187744829127,6300.823295412573,44.1764705882353,111.68457364412949,319.5347489790427,318.9079364026681,6,6,6,6,0.05075846837462428,0.05075846837462428,0.05075846837462428,1.2033628174469893,1.269400664227199,2.0310317428069613,2.0320444902862196
ring,200,3000000.0,12600.0,3,7,6707.308252853023,6302.304400006091,6300.809180161746,42.25,107.56765728405618,319.6281015269561,318.8636571047334,6,6,6,6,0.07648492617798341,0.07648492617798341,0.07648492617798341,1.1826304192713732,1.2589282653137397,2.030960162671564,2.0321952359364257
ring,200,3000000.0,12600.0,4,7,6670.615243100836,6301.815839976489,6300.228021481,42.411764705882355,112.54278166073274,319.11425387766644,318.1923770105279,6,6,6,6,0.020462317252736062,0.020462317252736062,0.020462317252736062,1.187385753503181,1.2571915619170226,2.029874388797857,2.031365201852487
ring,200,3000000.0,12600.0,5,7,6645.4173076367115,6304.263237106218,6300.532778264691,42.44117647058823,107.38601669730338,319.38619110557585,318.72471893215544,6,6,6,6,0.02085847283017661,0.02085847283017661,0.02085847283017661,1.2062289661942849,1.272256669558665,2.030735528529919,2.0318045536915346
ring,200,3000000.0,12600.0,6,7,6599.718593307109,6305.682284429228,6301.399126150868,41.779411764705884,103.33407742242127,319.89716723014556,319.0893953924927,6,6,6,6,0.01854204775979773,0.01854204775979773,0.01854204775979773,1.2101514702686902,1.267442198020039,2.0313250302280923,2.0326295999859543
ring,200,3000000.0,12600.0,7,7,6659.040375991207,6302.290024110553,6300.654587249747,41.455882352941174,109.8643805097307,319.81968834069943,319.0398539442629,6,6,6,6,0.010216925974720681,0.010216925974720681,0.010216925974720681,1.191999548123927,1.2598013443211582,2.0312449659582392,2.032504541298648
ring,200,3000000.0,12600.0,8,6,6591.913504695867,6302.465777696974,6300.274432888601,40.75,107.82793264496348,319.4795766615365,318.8289701091988,6,6,6,6,0.0,0.0,0.0,1.2144049021602563,1.2706195833200784,2.03090408559542,2.031955387701
ring,200,3000000.0,12600.0,9,7,6587.9467062283875,6301.175074255309,6300.180662886709,43.470588235294116,115.03439484519572,319.42286642707114,318.6268729207487,6,6,6,6,0.07728609910173856,0.07728609910173856,0.07728609910173856,1.200341213936605,1.2551678070578594,2.030577302487541,2.0318637933808112
ring,200,3000000.0,12600.0,10,7,6608.868903518052,6301.769448200831,6300.295754672834,42.25,111.27857463751157,319.361293478263,318.57798840083007,6,6,6,6,0.06836447462803696,0.06836447462803696,0.06836447462803696,1.1997553010879434,1.258516395093073,2.0304982426005234,2.0317643359447657
ring,200,3000000.0,12600.0,11,7,6616.169899721235,6302.252034344834,6300.437060358266,42.220588235294116,112.30041080169357,319.671724408393,318.9162925671066,6,6,6,6,0.026316070218681098,0.026316070218681098,0.026316070218681098,1.2064967602968575,1.2669577480285705,2.031045250489532,2.03226567059776
ring,200,3000000.0,12600.0,12,7,6624.141339539894,6301.513925343211,6300.227353005198,43.13235294117647,112.73366460278464,319.4854737755178,318.59860578634107,6,6,6,6,0.06959417033128035,0.06959417033128035,0.06959417033128035,1.209475318894953,1.2716581498005257,2.0305315873961054,2.0319649118316603
