layout,M,Emax,K,seed,planner,slot,J_dynsim,J_slot,Jage_dynsim,Jage_slot,n_never_slot
paper,50,1500000.0,3,13,rr_tour,5.0,356413.5969801203,377338.7487554841,246097.04235172778,254842.35667575855,0
paper,50,1500000.0,3,14,rr_tour,5.0,297166.94092514063,321569.9449996039,208388.79803100604,216701.69819813906,0
paper,50,1500000.0,3,15,rr_tour,5.0,361581.2617534411,366295.7406131516,244039.21503590985,247934.13332696795,0
paper,50,1500000.0,3,13,greedy,5.0,400482.7852455996,422841.2999094849,270782.8371651649,273574.26178732153,0
paper,50,1500000.0,3,14,greedy,5.0,289209.88878252316,312269.81218524143,208857.68657748788,214866.15202154996,0
paper,50,1500000.0,3,15,greedy,5.0,366997.0381345501,379678.928686307,246603.0267121146,249421.8981342335,0
paper,50,1500000.0,3,13,cluster_patrol,5.0,342208.8822209226,347102.9160706196,238843.3768483365,251873.29134996157,0
paper,50,1500000.0,3,14,cluster_patrol,5.0,407166.42840087437,423347.3608029821,260281.0740522842,262775.61371604603,0
paper,50,1500000.0,3,15,cluster_patrol,5.0,398035.30459501216,412777.48435052275,256604.81652848053,256681.42252163385,0
paper,50,1500000.0,5,13,rr_tour,5.0,466401.7204441656,501657.766785104,395234.0068283755,412409.5188209856,1
paper,50,1500000.0,5,14,rr_tour,5.0,311173.86110520305,324916.5729456048,245672.80829807065,249520.43473032498,1
paper,50,1500000.0,5,15,rr_tour,5.0,319225.95431681524,331929.4324985504,223636.34447419073,225917.2534830873,0
paper,50,1500000.0,5,13,greedy,5.0,470461.17118010775,500561.0419686894,397430.37762052676,414085.0775346906,1
paper,50,1500000.0,5,14,greedy,5.0,261075.6560772017,286151.30312221666,220476.47952362534,234500.50159434846,1
paper,50,1500000.0,5,15,greedy,5.0,261981.71959960568,264424.1820312284,187575.5992431543,192018.0731291323,0
paper,50,1500000.0,5,13,cluster_patrol,5.0,512164.91828007833,518275.7329445823,417372.79637778783,423796.7055020753,1
paper,50,1500000.0,5,14,cluster_patrol,5.0,325317.40227143513,328059.5021816724,254946.38555406878,256187.51569981244,1
paper,50,1500000.0,5,15,cluster_patrol,5.0,331046.7208000683,323934.4703651856,224339.32535475932,225305.85161680588,0
core,100,3000000.0,6,13,rr_tour,5.0,251692.9804783998,258002.6921216889,234367.31428504855,242344.34693993418,0
core,100,3000000.0,6,14,rr_tour,5.0,269734.3179440696,281696.1610597456,246456.4886881893,259402.6270555158,0
core,100,3000000.0,6,15,rr_tour,5.0,253030.4610296355,271126.2496744936,233171.8808298607,253323.15215931286,0
core,100,3000000.0,6,13,greedy,5.0,240678.53916061012,263172.05115970556,226574.72132632803,245351.49003742452,0
core,100,3000000.0,6,14,greedy,5.0,268039.04663488595,276336.65277531545,249757.02722141813,255763.20406483716,0
core,100,3000000.0,6,15,greedy,5.0,234627.04105710256,259604.96969690017,218493.86557378102,238023.5252087986,0
core,100,3000000.0,6,13,cluster_patrol,5.0,120974.8216773305,130555.38592875819,117428.64423145389,126299.89642140252,0
core,100,3000000.0,6,14,cluster_patrol,5.0,132321.33411842666,142658.29338451067,128658.40810064432,137225.15245315817,0
core,100,3000000.0,6,15,cluster_patrol,5.0,116828.99204717587,127295.57707347689,112963.14784441877,122859.07004254992,0
ring,100,3000000.0,6,13,rr_tour,5.0,342321.5055679035,441261.67092225124,316396.85699358437,380992.4040012515,0
ring,100,3000000.0,6,14,rr_tour,5.0,385502.2163453157,446597.6040549846,355251.3936198016,398233.44627169217,0
ring,100,3000000.0,6,15,rr_tour,5.0,366164.70660670305,421255.17005206924,331620.198446944,382410.67290718347,0
ring,100,3000000.0,6,13,greedy,5.0,402781.9058409594,434414.63826347265,367971.7480967881,392046.7423952825,0
ring,100,3000000.0,6,14,greedy,5.0,444153.34817380446,463218.30981410336,400221.98452323425,421875.158159929,0
ring,100,3000000.0,6,15,greedy,5.0,451434.2851310832,477881.472555499,404104.4423115929,415590.1148565271,0
ring,100,3000000.0,6,13,cluster_patrol,5.0,321381.83215866034,322675.0241506538,298653.1152695876,300241.1062949702,0
ring,100,3000000.0,6,14,cluster_patrol,5.0,338366.9211535288,342453.55229719204,317609.35361277463,319892.46256402915,0
ring,100,3000000.0,6,15,cluster_patrol,5.0,340071.7234943761,1760715.8183545836,311040.8700020084,1663586.8667754675,10
