layout,M,Emax,seed,K_a,K_b,censored_a,censored_b
core,50,1500000.0,13,6,6,False,False
core,50,1500000.0,14,6,6,False,False
core,50,1500000.0,15,5,5,False,False
core,50,3000000.0,13,12,12,False,False
core,50,3000000.0,14,12,12,False,False
core,50,3000000.0,15,11,11,False,False
core,100,1500000.0,13,5,5,False,False
core,100,1500000.0,14,6,6,False,False
core,100,1500000.0,15,6,6,False,False
core,100,3000000.0,13,11,11,False,False
core,100,3000000.0,14,12,12,False,False
core,100,3000000.0,15,12,12,False,False
core,200,1500000.0,13,12,13,False,False
core,200,1500000.0,14,5,5,False,False
core,200,1500000.0,15,12,13,False,False
core,200,3000000.0,13,29,30,False,False
core,200,3000000.0,14,10,10,False,False
core,200,3000000.0,15,12,12,False,False
paper,50,1500000.0,13,3,4,False,False
paper,50,1500000.0,14,4,4,False,False
paper,50,1500000.0,15,4,4,False,False
paper,50,3000000.0,13,8,9,False,False
paper,50,3000000.0,14,9,9,False,False
paper,50,3000000.0,15,9,10,False,False
paper,100,1500000.0,13,5,5,False,False
paper,100,1500000.0,14,5,4,False,False
paper,100,1500000.0,15,5,4,False,False
paper,100,3000000.0,13,7,9,False,False
paper,100,3000000.0,14,7,10,False,False
paper,100,3000000.0,15,8,10,False,False
paper,200,1500000.0,13,4,4,False,False
paper,200,1500000.0,14,4,4,False,False
paper,200,1500000.0,15,3,4,False,False
paper,200,3000000.0,13,9,8,False,False
paper,200,3000000.0,14,9,9,False,False
paper,200,3000000.0,15,7,9,False,False
ring,50,1500000.0,13,2,3,False,False
ring,50,1500000.0,14,4,3,False,False
ring,50,1500000.0,15,2,2,False,False
ring,50,3000000.0,13,6,8,False,False
ring,50,3000000.0,14,7,8,False,False
ring,50,3000000.0,15,8,8,False,False
ring,100,1500000.0,13,3,3,False,False
ring,100,1500000.0,14,3,3,False,False
ring,100,1500000.0,15,3,3,False,False
ring,100,3000000.0,13,6,7,False,False
ring,100,3000000.0,14,6,6,False,False
ring,100,3000000.0,15,6,6,False,False
ring,200,1500000.0,13,3,3,False,False
ring,200,1500000.0,14,3,3,False,False
ring,200,1500000.0,15,3,3,False,False
ring,200,3000000.0,13,5,6,False,False
ring,200,3000000.0,14,4,5,False,False
ring,200,3000000.0,15,6,5,False,False
