layout,M,Emax,K,seed,coord,replan,q,belief,tau,Th,J,J_age,J_event,n_replans,n_never,share_never,n_reach_inf,K_reach_i,K_commute_i,r_max,r_c,rmax_over_rc,regime_bnd,P_bar,dup_frac,trunc_frac,empty_frac,T_s_over_t_c,mean_n,catch_rate,T_rev,n_sorties,secs
paper,100,1500000.0,4,9,exclude,per_leg_sa,0.0,prior,0.0,43200,897974.9522676355,570119.1326933356,327855.81957429985,2388,0,0.0,0,4.740333835912077,8.03081366348137,8104.8909320055,2473.878309264432,3.276188202812352,2.013363121106157,308.0714445654038,0.03095632946379215,0.0,0.0,2.022401812432315,13.365671641791044,0.7275784753363229,1858.565118796363,134,118.34752798080444
paper,100,1500000.0,4,1,exclude,per_leg_sa,0.0,prior,0.0,43200,783911.3321916558,522938.1299256525,260973.20226600324,2465,0,0.0,0,4.704263543576533,7.864186673519872,8169.591647266075,2525.5104605217007,3.234827879342247,2.013988590007238,308.45185819946005,0.03160149973219068,0.0,0.0,2.0201175008129786,13.781954887218046,0.7554824561403509,1802.995812139667,133,120.70877647399902
paper,100,1500000.0,4,5,exclude,per_leg_sa,0.0,prior,0.0,43200,803340.479760383,535207.0635859699,268133.4161744131,2540,0,0.0,0,4.716895252054816,9.077147994065243,8146.821061143593,2188.7810836054914,3.7220812634782376,2.0132988635111984,308.0323760379259,0.04659685863874346,0.0,0.0,2.0209475996328345,14.007407407407408,0.7358288770053476,1761.7350059692833,135,122.75645470619202
paper,100,1500000.0,4,6,exclude,per_leg_sa,0.0,prior,0.0,43200,799095.7865317448,519619.12750173965,279476.6590300051,2637,0,0.0,0,4.756459715300161,8.277285648961142,8076.28272445257,2399.2145624480145,3.366219449840291,2.014201706550333,308.5815304708822,0.02472250252270434,0.0,0.0,2.020632879788773,14.64179104477612,0.7341227125941873,1695.7768327493582,134,127.33137798309326
paper,100,1500000.0,4,12,exclude,per_leg_sa,0.0,prior,0.0,43200,833734.6503809413,557797.8710757559,275936.77930518537,2673,0,0.0,0,4.442264204156416,11.716692487566789,8671.083820102498,1696.7079613273793,5.110534056384624,2.012092128001932,307.2991426690438,0.052788844621513946,0.0,0.0,2.0220755038875713,14.843283582089553,0.7644444444444445,1676.8310697488514,134,127.93361830711365
paper,100,1500000.0,4,11,exclude,per_leg_sa,0.0,prior,0.0,43200,730430.7357833522,496378.98495681724,234051.750826535,2747,0,0.0,0,4.559053205441548,15.589886765321632,8440.41818863996,1275.1124799279794,6.619351877974474,2.0121879051314906,307.35730658834274,0.06246949731576379,0.0,0.0,2.0254015043066156,15.14179104477612,0.7610132158590308,1642.0385965967096,134,129.8364224433899
paper,100,1500000.0,4,7,exclude,per_leg_sa,0.0,prior,0.0,43200,753356.8735698476,510270.06399199576,243086.80957785176,2783,0,0.0,0,5.218509503934779,10.890844305059158,7331.690553245741,1824.244954170231,4.01902745378874,2.0133314989911506,308.05221805429545,0.0548604427333975,0.0,0.0,2.020819579804201,15.365671641791044,0.7610993657505285,1613.463369164815,134,130.83355736732483
paper,100,1500000.0,4,4,exclude,per_leg_sa,0.0,prior,0.0,43200,849876.4376195747,551364.8629010475,298511.57471852726,2843,0,0.0,0,4.769804670462605,13.479921279042353,8052.7543083059945,1474.6931338631252,5.460630502300432,2.0121992238861037,307.36418065068915,0.0764872521246459,0.0,0.0,2.0222668719003036,15.671641791044776,0.7699481865284974,1582.0208678972804,134,131.3596863746643
paper,100,1500000.0,4,10,exclude,per_leg_sa,0.0,prior,0.0,43200,786289.2524833678,524340.9409284138,261948.31155495404,2785,0,0.0,0,5.240538724622278,10.099280541693469,7299.469724120093,1967.6008553835559,3.7098325629143747,2.012947982675806,307.8190846820956,0.03712517848643503,0.0,0.0,2.0230379599091437,15.507462686567164,0.7413419913419913,1602.2565944768405,134,133.22651147842407
paper,100,1500000.0,4,8,exclude,per_leg_sa,0.0,prior,0.0,43200,736139.8298030265,495315.8651652009,240823.9646378256,2866,0,0.0,0,4.788543228013972,17.491759380166283,8019.937817272908,1136.6915579534766,7.055509263843019,2.0117956385282936,307.119124243463,0.06412639405204461,0.0,0.0,2.026925145877472,15.93984962406015,0.776608187134503,1565.9555937865027,133,136.50310134887695
paper,100,1500000.0,4,2,exclude,per_leg_sa,0.0,prior,0.0,43200,766350.7966296031,523870.6866481001,242480.10998150302,2862,0,0.0,0,4.539162858794823,11.727947105453186,8478.86425558954,1694.7868594094675,5.002908895897341,2.0124398322062214,307.5103241513286,0.05329593267882188,0.0,0.0,2.02374902613075,15.93984962406015,0.7699890470974808,1560.8288504208087,133,138.43210864067078
paper,100,1500000.0,4,3,exclude,per_leg_sa,0.0,prior,0.0,43200,715777.2790235099,485721.02311848215,230056.25590502773,2883,0,0.0,0,5.054127002413989,11.91994875051338,7580.990936890765,1667.7397552787963,4.545667819511474,2.0121359553392635,307.3257576271572,0.053694355208811384,0.0,0.0,2.0218675500631735,16.2406015037594,0.755939524838013,1533.458934465342,133,141.0784833431244
paper,100,1500000.0,4,1,exclude,per_leg_sa,0.0,kernel,0.0,43200,767113.2287640502,539934.4251681373,227178.80359591293,2398,0,0.0,0,4.704263543576533,7.998240993968836,8169.591647266075,2483.2369862777264,3.2898960882150714,2.013943754939727,308.4245814543819,0.03829078801331853,0.0,0.0,2.016402864224722,13.335820895522389,0.7628415300546448,1853.158044590782,134,68.4128520488739
paper,100,1500000.0,4,9,exclude,per_leg_sa,0.0,kernel,0.0,43200,869040.2770414747,578919.0448617844,290121.2321796902,2327,0,0.0,0,4.740333835912077,7.933807548863796,8104.8909320055,2503.962791775482,3.236825626413791,2.013494551278997,308.15136164166444,0.03128555176336746,0.0,0.0,2.0236748810770306,12.985074626865671,0.7513873473917869,1915.4654663549452,134,68.97063326835632
paper,100,1500000.0,4,12,exclude,per_leg_sa,0.0,kernel,0.0,43200,845321.6996830441,572410.6830994766,272911.01658356754,2551,0,0.0,0,4.442264204156416,10.253219525917217,8671.083820102498,1938.4197652788725,4.473274558699635,2.0125742229374857,307.59196708723596,0.04744525547445255,0.0,0.0,2.027839854554082,14.225563909774436,0.7830923248053393,1755.0394918717966,133,72.63831186294556
paper,100,1500000.0,4,5,exclude,per_leg_sa,0.0,kernel,0.0,43200,788250.355404754,536420.1797904407,251830.17561431343,2447,0,0.0,0,4.716895252054816,8.476088579914238,8146.821061143593,2343.6445965478288,3.4761333152406304,2.0135979071933963,308.21421524004984,0.03218767048554282,0.0,0.0,2.016587992755995,13.544776119402986,0.7640086206896551,1827.5103209324884,134,73.43224430084229
paper,100,1500000.0,4,6,exclude,per_leg_sa,0.0,kernel,0.0,43200,788209.6288186061,534705.1146528147,253504.51416579136,2577,0,0.0,0,4.756459715300161,8.050892248809102,8076.28272445257,2466.597920677533,3.274259925685071,2.0142696826038873,308.62289671481716,0.025507548152004164,0.0,0.0,2.019867827318931,14.261194029850746,0.7513397642015005,1738.092929716288,134,74.09003281593323
paper,100,1500000.0,4,11,exclude,per_leg_sa,0.0,kernel,0.0,43200,741033.3300603605,504460.50482557755,236572.82523478297,2607,0,0.0,0,4.559053205441548,15.462584224910902,8440.41818863996,1285.581640376803,6.565447050228626,2.012232928167702,307.38465026008805,0.0548436699128652,0.0,0.0,2.02725277762419,14.533834586466165,0.7725274725274726,1718.2566346657436,133,77.21003222465515
paper,100,1500000.0,4,4,exclude,per_leg_sa,0.0,kernel,0.0,43200,841114.5403036765,564612.3842837814,276502.1560198951,2677,0,0.0,0,4.769804670462605,13.613415290751952,8052.7543083059945,1460.1920890673503,5.514859564435407,2.0122544978128794,307.3977505027212,0.05297351324337831,0.0,0.0,2.0254522424053207,14.954887218045112,0.7865979381443299,1665.6947586160748,133,77.52946519851685
paper,100,1500000.0,4,7,exclude,per_leg_sa,0.0,kernel,0.0,43200,769427.5901533351,512266.94033627555,257160.64981705963,2671,0,0.0,0,5.218509503934779,11.87681890201076,7331.690553245741,1673.0055037376405,4.382346941995172,2.0130867356543902,307.90342018766046,0.05963528831936915,0.0,0.0,2.0204630576239873,14.970149253731343,0.7806652806652806,1661.2245822987236,134,78.05909514427185
paper,100,1500000.0,4,10,exclude,per_leg_sa,0.0,kernel,0.0,43200,760901.9532694907,523710.54308958433,237191.41017990638,2733,0,0.0,0,5.240538724622278,9.664039676079437,7299.469724120093,2056.2290744883067,3.549930216766616,2.0129351860236753,307.8113073254451,0.050268423621278674,0.0,0.0,2.0246601431277256,15.210526315789474,0.774054054054054,1635.9839273691186,133,78.8542091846466
paper,100,1500000.0,4,8,exclude,per_leg_sa,0.0,kernel,0.0,43200,711575.7381361899,496466.36772263655,215109.3704135533,2735,0,0.0,0,4.788543228013972,15.97304329858771,8019.937817272908,1244.638699707919,6.443587057959035,2.0120048440443443,307.24614131076527,0.04494925084581924,0.0,0.0,2.0254892756007146,15.406015037593985,0.7922535211267606,1616.8280944164778,133,79.1335220336914
paper,100,1500000.0,4,3,exclude,per_leg_sa,0.0,kernel,0.0,43200,712779.2684954407,497887.88220315956,214891.38629228112,2778,0,0.0,0,5.054127002413989,11.276602648465628,7580.990936890765,1762.8023356457131,4.300533748790305,2.012232210008878,307.384214093837,0.03857142857142857,0.0,0.0,2.022910616095325,15.544776119402986,0.7475935828877005,1595.8767542667458,134,81.49912309646606
paper,100,1500000.0,4,2,exclude,per_leg_sa,0.0,kernel,0.0,43200,747404.2882411146,514348.2596426613,233056.02859845324,2820,0,0.0,0,4.539162858794823,12.303896109642297,8478.86425558954,1615.5694842159987,5.248220109643969,2.0122952151527653,307.422480786355,0.050118203309692674,0.0,0.0,2.0248815594270595,15.729323308270677,0.8071895424836601,1581.5221802809726,133,82.93611669540405
paper,100,1500000.0,4,9,exclude,per_leg_sa,0.5,prior,0.0,43200,888606.9568397389,570119.1326933366,318487.8241464023,2388,0,0.0,0,4.740333835912077,8.03081366348137,8104.8909320055,2473.878309264432,3.276188202812352,2.013363121106157,308.0714445654038,0.03095632946379215,0.0,0.0,2.022401812432315,13.365671641791044,0.7573033707865169,1858.565118796363,134,67.72148084640503
paper,100,1500000.0,4,1,exclude,per_leg_sa,0.5,prior,0.0,43200,811635.1657671555,522938.1299256531,288697.0358415024,2465,0,0.0,0,4.704263543576533,7.864186673519872,8169.591647266075,2525.5104605217007,3.234827879342247,2.013988590007238,308.45185819946005,0.03160149973219068,0.0,0.0,2.0201175008129786,13.781954887218046,0.7222767419038273,1802.995812139667,133,68.43378496170044
paper,100,1500000.0,4,5,exclude,per_leg_sa,0.5,prior,0.0,43200,820727.6811831992,535207.0635859696,285520.6175972295,2540,0,0.0,0,4.716895252054816,9.077147994065243,8146.821061143593,2188.7810836054914,3.7220812634782376,2.0132988635111984,308.0323760379259,0.04659685863874346,0.0,0.0,2.0209475996328345,14.007407407407408,0.7704402515723271,1761.7350059692833,135,70.69293308258057
paper,100,1500000.0,4,6,exclude,per_leg_sa,0.5,prior,0.0,43200,769327.3374931826,519619.1275017406,249708.20999144207,2637,0,0.0,0,4.756459715300161,8.277285648961142,8076.28272445257,2399.2145624480145,3.366219449840291,2.014201706550333,308.5815304708822,0.02472250252270434,0.0,0.0,2.020632879788773,14.64179104477612,0.7383474576271186,1695.7768327493582,134,72.38930153846741
paper,100,1500000.0,4,11,exclude,per_leg_sa,0.5,prior,0.0,43200,728618.5124405774,496378.9849568168,232239.52748376058,2747,0,0.0,0,4.559053205441548,15.589886765321632,8440.41818863996,1275.1124799279794,6.619351877974474,2.0121879051314906,307.35730658834274,0.06246949731576379,0.0,0.0,2.0254015043066156,15.14179104477612,0.7546549835706462,1642.0385965967096,134,74.02280640602112
paper,100,1500000.0,4,12,exclude,per_leg_sa,0.5,prior,0.0,43200,837930.3214772968,557797.8710757578,280132.45040153887,2673,0,0.0,0,4.442264204156416,11.716692487566789,8671.083820102498,1696.7079613273793,5.110534056384624,2.012092128001932,307.2991426690438,0.052788844621513946,0.0,0.0,2.0220755038875713,14.843283582089553,0.727076591154261,1676.8310697488514,134,74.86742067337036
paper,100,1500000.0,4,4,exclude,per_leg_sa,0.5,prior,0.0,43200,813098.2247188432,551364.8629010469,261733.3618177964,2843,0,0.0,0,4.769804670462605,13.479921279042353,8052.7543083059945,1474.6931338631252,5.460630502300432,2.0121992238861037,307.36418065068915,0.0764872521246459,0.0,0.0,2.0222668719003036,15.671641791044776,0.7956043956043956,1582.0208678972804,134,75.78024816513062
paper,100,1500000.0,4,10,exclude,per_leg_sa,0.5,prior,0.0,43200,785509.3406140103,524340.9409284119,261168.39968559844,2785,0,0.0,0,5.240538724622278,10.099280541693469,7299.469724120093,1967.6008553835559,3.7098325629143747,2.012947982675806,307.8190846820956,0.03712517848643503,0.0,0.0,2.0230379599091437,15.507462686567164,0.7505399568034558,1602.2565944768405,134,76.093017578125
paper,100,1500000.0,4,7,exclude,per_leg_sa,0.5,prior,0.0,43200,776354.2171663736,510270.06399199646,266084.1531743772,2783,0,0.0,0,5.218509503934779,10.890844305059158,7331.690553245741,1824.244954170231,4.01902745378874,2.0133314989911506,308.05221805429545,0.0548604427333975,0.0,0.0,2.020819579804201,15.365671641791044,0.7765843179377014,1613.463369164815,134,76.14063668251038
paper,100,1500000.0,4,2,exclude,per_leg_sa,0.5,prior,0.0,43200,789544.1997819389,523870.6866481003,265673.5131338386,2862,0,0.0,0,4.539162858794823,11.727947105453186,8478.86425558954,1694.7868594094675,5.002908895897341,2.0124398322062214,307.5103241513286,0.05329593267882188,0.0,0.0,2.02374902613075,15.93984962406015,0.7434077079107505,1560.8288504208087,133,78.23670792579651
paper,100,1500000.0,4,8,exclude,per_leg_sa,0.5,prior,0.0,43200,728457.6686589675,495315.86516520253,233141.80349376486,2866,0,0.0,0,4.788543228013972,17.491759380166283,8019.937817272908,1136.6915579534766,7.055509263843019,2.0117956385282936,307.119124243463,0.06412639405204461,0.0,0.0,2.026925145877472,15.93984962406015,0.7920673076923077,1565.9555937865027,133,79.00616407394409
paper,100,1500000.0,4,3,exclude,per_leg_sa,0.5,prior,0.0,43200,699704.9439974849,485721.02311848465,213983.92087900022,2883,0,0.0,0,5.054127002413989,11.91994875051338,7580.990936890765,1667.7397552787963,4.545667819511474,2.0121359553392635,307.3257576271572,0.053694355208811384,0.0,0.0,2.0218675500631735,16.2406015037594,0.7583682008368201,1533.458934465342,133,79.40752243995667
paper,100,1500000.0,4,9,exclude,per_leg_sa,0.5,kernel,0.0,43200,883042.2929214204,578788.6024963009,304253.69042511954,2297,0,0.0,0,4.740333835912077,8.287283995294736,8104.8909320055,2397.64163910367,3.3803595999589904,2.0130914171103123,307.9062658267742,0.029754959159859977,0.0,0.0,2.021849046520562,12.62406015037594,0.7445589919816724,1972.9604974734457,133,52.10466527938843
paper,100,1500000.0,4,1,exclude,per_leg_sa,0.5,kernel,0.0,43200,826269.0658364635,546008.6704091602,280260.3954273033,2343,0,0.0,0,4.704263543576533,8.174154056851686,8169.591647266075,2429.769555377297,3.362290728018235,2.0139657783933966,308.43797992587787,0.02912621359223301,0.0,0.0,2.0173026617603798,12.962686567164178,0.757,1905.4052026119923,134,54.85918641090393
paper,100,1500000.0,4,5,exclude,per_leg_sa,0.5,kernel,0.0,43200,818858.90659959,537819.8121854549,281039.094414135,2453,0,0.0,0,4.716895252054816,8.90185376087252,8146.821061143593,2231.7506139857073,3.650417304733748,2.0134176572365106,308.1046043996213,0.02795698924731183,0.0,0.0,2.022463891709616,13.721804511278195,0.7577639751552795,1816.6540501192176,133,55.77549910545349
paper,100,1500000.0,4,12,exclude,per_leg_sa,0.5,kernel,0.0,43200,870446.4936261596,578970.2857805362,291476.2078456234,2547,0,0.0,0,4.442264204156416,10.840404548199341,8671.083820102498,1833.6970829286233,4.728743858965947,2.012273034563797,307.4090089514995,0.058394160583941604,0.0,0.0,2.0208584369574742,14.285714285714286,0.7497243660418964,1746.4923966305835,133,57.91845631599426
paper,100,1500000.0,4,11,exclude,per_leg_sa,0.5,kernel,0.0,43200,720916.9967438928,497611.78099883726,223305.2157450555,2637,0,0.0,0,4.559053205441548,14.74035183036751,8440.41818863996,1348.5728366086764,6.2587781390180615,2.012230530288062,307.38319393417527,0.05119107957425241,0.0,0.0,2.027515306278451,14.631578947368421,0.7655099894847529,1706.805225859474,133,61.48325300216675
paper,100,1500000.0,4,6,exclude,per_leg_sa,0.5,kernel,0.0,43200,765835.7115155836,526752.4552846114,239083.25623097218,2591,0,0.0,0,4.756459715300161,8.486690623129313,8076.28272445257,2340.192562091769,3.4511188759755846,2.0140489711040352,308.4885947391459,0.027878162106350027,0.0,0.0,2.014624015695595,14.35820895522388,0.7690700104493208,1730.2765352761728,134,61.646342515945435
paper,100,1500000.0,4,4,exclude,per_leg_sa,0.5,kernel,0.0,43200,831323.4936743962,566667.0430140248,264656.4506603714,2681,0,0.0,0,4.769804670462605,14.55697564756398,8052.7543083059945,1365.6035590063495,5.89684631033431,2.012167804814748,307.3450995310518,0.05580246913580247,0.0,0.0,2.028684781084795,15.045112781954888,0.7653927813163482,1659.0547211975415,133,62.72493267059326
paper,100,1500000.0,4,7,exclude,per_leg_sa,0.5,kernel,0.0,43200,704765.2155086196,508265.27880220604,196499.93670641354,2705,0,0.0,0,5.218509503934779,11.59404231929691,7331.690553245741,1713.7796391443721,4.278082424241069,2.0131221682319027,307.9249583288735,0.050342130987292275,0.0,0.0,2.025192850189729,15.165413533834586,0.7983870967741935,1646.4593045637635,133,62.99792218208313
paper,100,1500000.0,4,3,exclude,per_leg_sa,0.5,kernel,0.0,43200,718829.8171746077,492925.2143384598,225904.60283614785,2795,0,0.0,0,5.054127002413989,11.984648057503527,7580.990936890765,1658.8374320588835,4.570062617577624,2.0120134498385305,307.25136679622517,0.03928064363464269,0.0,0.0,2.021051709880853,15.537313432835822,0.7718052738336714,1601.8364275846434,134,65.1005539894104
paper,100,1500000.0,4,10,exclude,per_leg_sa,0.5,kernel,0.0,43200,758189.4025443717,522435.9797289501,235753.42281542154,2748,0,0.0,0,5.240538724622278,10.228841252335362,7299.469724120093,1942.8158464304934,3.757159865424868,2.0128059874070887,307.7327904382944,0.06044487427466151,0.0,0.0,2.019483441627999,15.298507462686567,0.789906103286385,1624.326602861486,134,65.54756689071655
paper,100,1500000.0,4,8,exclude,per_leg_sa,0.5,kernel,0.0,43200,755596.9824774174,510354.98739674897,245241.99508066845,2694,0,0.0,0,4.788543228013972,16.00051363471967,8019.937817272908,1242.542775638406,6.454456115727964,2.0119385796331306,307.2059066849752,0.04416094210009813,0.0,0.0,2.0249323191735695,15.112781954887218,0.7993235625704622,1649.5383003496913,133,67.03375172615051
paper,100,1500000.0,4,2,exclude,per_leg_sa,0.5,kernel,0.0,43200,753775.7151917471,525781.1150451665,227994.60014658057,2807,0,0.0,0,4.539162858794823,13.006255523027841,8478.86425558954,1528.4256905825416,5.547449449346746,2.012164026565453,307.34280500195723,0.0438512869399428,0.0,0.0,2.0240610242974695,15.548872180451127,0.7689969604863222,1602.6988386176058,133,69.912118434906
paper,100,1500000.0,4,9,exclude,per_leg_sa,1.0,prior,0.0,43200,867919.1051449936,570119.132693334,297799.97245165956,2388,0,0.0,0,4.740333835912077,8.03081366348137,8104.8909320055,2473.878309264432,3.276188202812352,2.013363121106157,308.0714445654038,0.03095632946379215,0.0,0.0,2.022401812432315,13.365671641791044,0.7358916478555305,1858.565118796363,134,69.8176519870758
paper,100,1500000.0,4,1,exclude,per_leg_sa,1.0,prior,0.0,43200,810462.264849019,522938.1299256504,287524.1349233686,2465,0,0.0,0,4.704263543576533,7.864186673519872,8169.591647266075,2525.5104605217007,3.234827879342247,2.013988590007238,308.45185819946005,0.03160149973219068,0.0,0.0,2.0201175008129786,13.781954887218046,0.713026444662096,1802.995812139667,133,71.11496829986572
paper,100,1500000.0,4,5,exclude,per_leg_sa,1.0,prior,0.0,43200,804129.4308414464,535207.0635859702,268922.3672554761,2540,0,0.0,0,4.716895252054816,9.077147994065243,8146.821061143593,2188.7810836054914,3.7220812634782376,2.0132988635111984,308.0323760379259,0.04659685863874346,0.0,0.0,2.0209475996328345,14.007407407407408,0.7264050901378579,1761.7350059692833,135,72.2500364780426
paper,100,1500000.0,4,12,exclude,per_leg_sa,1.0,prior,0.0,43200,855761.4400244225,557797.8710757556,297963.568948667,2673,0,0.0,0,4.442264204156416,11.716692487566789,8671.083820102498,1696.7079613273793,5.110534056384624,2.012092128001932,307.2991426690438,0.052788844621513946,0.0,0.0,2.0220755038875713,14.843283582089553,0.7336842105263158,1676.8310697488514,134,74.75164937973022
paper,100,1500000.0,4,6,exclude,per_leg_sa,1.0,prior,0.0,43200,826717.7852328476,519619.1275017395,307098.65773110813,2637,0,0.0,0,4.756459715300161,8.277285648961142,8076.28272445257,2399.2145624480145,3.366219449840291,2.014201706550333,308.5815304708822,0.02472250252270434,0.0,0.0,2.020632879788773,14.64179104477612,0.766798418972332,1695.7768327493582,134,75.36890769004822
paper,100,1500000.0,4,11,exclude,per_leg_sa,1.0,prior,0.0,43200,715906.050582729,496378.98495681933,219527.0656259097,2747,0,0.0,0,4.559053205441548,15.589886765321632,8440.41818863996,1275.1124799279794,6.619351877974474,2.0121879051314906,307.35730658834274,0.06246949731576379,0.0,0.0,2.0254015043066156,15.14179104477612,0.7786343612334802,1642.0385965967096,134,76.35229086875916
paper,100,1500000.0,4,7,exclude,per_leg_sa,1.0,prior,0.0,43200,780375.7206991425,510270.06399199733,270105.6567071452,2783,0,0.0,0,5.218509503934779,10.890844305059158,7331.690553245741,1824.244954170231,4.01902745378874,2.0133314989911506,308.05221805429545,0.0548604427333975,0.0,0.0,2.020819579804201,15.365671641791044,0.7412236710130391,1613.463369164815,134,77.58672785758972
paper,100,1500000.0,4,4,exclude,per_leg_sa,1.0,prior,0.0,43200,816362.410355466,551364.8629010455,264997.5474544204,2843,0,0.0,0,4.769804670462605,13.479921279042353,8052.7543083059945,1474.6931338631252,5.460630502300432,2.0121992238861037,307.36418065068915,0.0764872521246459,0.0,0.0,2.0222668719003036,15.671641791044776,0.8002049180327869,1582.0208678972804,134,79.05648016929626
paper,100,1500000.0,4,10,exclude,per_leg_sa,1.0,prior,0.0,43200,759026.9835219114,524340.9409284131,234686.04259349848,2785,0,0.0,0,5.240538724622278,10.099280541693469,7299.469724120093,1967.6008553835559,3.7098325629143747,2.012947982675806,307.8190846820956,0.03712517848643503,0.0,0.0,2.0230379599091437,15.507462686567164,0.7711111111111111,1602.2565944768405,134,80.33361554145813
paper,100,1500000.0,4,8,exclude,per_leg_sa,1.0,prior,0.0,43200,728069.8018314607,495315.86516520265,232753.93666625797,2866,0,0.0,0,4.788543228013972,17.491759380166283,8019.937817272908,1136.6915579534766,7.055509263843019,2.0117956385282936,307.119124243463,0.06412639405204461,0.0,0.0,2.026925145877472,15.93984962406015,0.7751479289940828,1565.9555937865027,133,81.22130465507507
paper,100,1500000.0,4,3,exclude,per_leg_sa,1.0,prior,0.0,43200,697536.8588753623,485721.0231184836,211815.83575687878,2883,0,0.0,0,5.054127002413989,11.91994875051338,7580.990936890765,1667.7397552787963,4.545667819511474,2.0121359553392635,307.3257576271572,0.053694355208811384,0.0,0.0,2.0218675500631735,16.2406015037594,0.7630385487528345,1533.458934465342,133,83.32341957092285
paper,100,1500000.0,4,2,exclude,per_leg_sa,1.0,prior,0.0,43200,771054.7688605092,523870.686648101,247184.08221240816,2862,0,0.0,0,4.539162858794823,11.727947105453186,8478.86425558954,1694.7868594094675,5.002908895897341,2.0124398322062214,307.5103241513286,0.05329593267882188,0.0,0.0,2.02374902613075,15.93984962406015,0.7782608695652173,1560.8288504208087,133,83.56965613365173
paper,100,1500000.0,4,9,exclude,per_leg_sa,1.0,kernel,0.0,43200,871886.8863507408,574003.0532319688,297883.8331187719,2353,0,0.0,0,4.740333835912077,8.495728332059851,8104.8909320055,2338.8489822624842,3.465333158947799,2.0130622006853116,307.8885067372098,0.03137478608100399,0.0,0.0,2.0198064081758673,12.970149253731343,0.7858880778588808,1910.3765525739848,134,65.09971833229065
paper,100,1500000.0,4,1,exclude,per_leg_sa,1.0,kernel,0.0,43200,772442.7468021866,533611.5901643279,238831.15663785874,2424,0,0.0,0,4.704263543576533,8.504285502498641,8169.591647266075,2335.724753997825,3.4976688213296567,2.0137265505949964,308.292455814369,0.03730115194733955,0.0,0.0,2.015963052314246,13.4,0.8042452830188679,1838.6496652379951,135,66.17566061019897
paper,100,1500000.0,4,5,exclude,per_leg_sa,1.0,kernel,0.0,43200,781447.6229550247,538769.2292455571,242678.39370946767,2489,0,0.0,0,4.716895252054816,8.418149491923918,8146.821061143593,2359.6915224146783,3.4524941009267733,2.0136691901518433,308.25756811892813,0.032137118371719335,0.0,0.0,2.0153267073278096,13.746268656716419,0.7680180180180181,1798.1151385911285,134,69.06627178192139
paper,100,1500000.0,4,12,exclude,per_leg_sa,1.0,kernel,0.0,43200,878390.9025008066,576859.1680825709,301531.73441823566,2527,0,0.0,0,4.442264204156416,10.703598269845921,8671.083820102498,1857.0489842614306,4.669281151757602,2.0123653516982385,307.46508159572943,0.047743966421825816,0.0,0.0,2.0225517248337863,14.142857142857142,0.7477017364657814,1759.4911942152785,133,70.2428207397461
paper,100,1500000.0,4,6,exclude,per_leg_sa,1.0,kernel,0.0,43200,788958.3608188559,531373.0052438464,257585.3555750096,2543,0,0.0,0,4.756459715300161,8.35321703387853,8076.28272445257,2377.61179114074,3.396804623255043,2.0140269612851704,308.4752034639709,0.028406102051551814,0.0,0.0,2.0206608397333246,14.052631578947368,0.7759674134419552,1778.0560519048795,133,71.09890842437744
paper,100,1500000.0,4,4,exclude,per_leg_sa,1.0,kernel,0.0,43200,824115.1513260644,558420.6257224255,265694.52560363885,2741,0,0.0,0,4.769804670462605,14.285406546266424,8052.7543083059945,1391.5800038272394,5.786770639243621,2.0121446920264607,307.3310632792017,0.05482775351770985,0.0,0.0,2.0238640291745145,15.253731343283581,0.8067581837381204,1631.4888088891353,134,74.14765453338623
paper,100,1500000.0,4,7,exclude,per_leg_sa,1.0,kernel,0.0,43200,745040.8733566996,509908.3836570308,235132.48969966883,2670,0,0.0,0,5.218509503934779,11.427372051315732,7331.690553245741,1738.6899247996403,4.216790152557315,2.013221160316686,307.98513591404736,0.0425531914893617,0.0,0.0,2.0202707031772777,14.940298507462687,0.7558139534883721,1659.107043173885,134,75.18682289123535
paper,100,1500000.0,4,11,exclude,per_leg_sa,1.0,kernel,0.0,43200,734800.6820389198,495206.7882694275,239593.89376949228,2662,0,0.0,0,4.559053205441548,16.06150927496031,8440.41818863996,1237.5941010299468,6.820021347561127,2.012312420848251,307.43293122109395,0.052763819095477386,0.0,0.0,2.0340309079216037,14.74436090225564,0.7507447864945382,1695.4118731928424,133,75.32076334953308
paper,100,1500000.0,4,10,exclude,per_leg_sa,1.0,kernel,0.0,43200,763332.0127087942,520126.40712810645,243205.6055806877,2727,0,0.0,0,5.240538724622278,10.070065715786791,7299.469724120093,1973.4206868929457,3.6988918645688016,2.012834233447579,307.74995533300336,0.05552873008208595,0.0,0.0,2.0237363620054887,15.261194029850746,0.7815315315315315,1627.439307314257,134,76.30997204780579
paper,100,1500000.0,4,8,exclude,per_leg_sa,1.0,kernel,0.0,43200,710325.9827327001,498864.5117442153,211461.47098848474,2771,0,0.0,0,4.788543228013972,17.250627157926555,8019.937817272908,1152.5480876328222,6.958440956459158,2.0118520880929847,307.15339445343983,0.04702495201535509,0.0,0.0,2.0290117350400156,15.443609022556391,0.8056872037914692,1619.5364956721755,133,76.37308406829834
paper,100,1500000.0,4,2,exclude,per_leg_sa,1.0,kernel,0.0,43200,716933.2728758879,512210.6484338505,204722.62444203743,2858,0,0.0,0,4.539162858794823,11.871550731251148,8478.86425558954,1674.369100644187,5.063915866774794,2.0123398975441047,307.4496204478827,0.04690431519699812,0.0,0.0,2.0226768844110947,15.746268656716419,0.8370986920332937,1576.2535161416736,134,77.63586163520813
paper,100,1500000.0,4,3,exclude,per_leg_sa,1.0,kernel,0.0,43200,723552.6935441368,495877.8516717785,227674.8418723583,2754,0,0.0,0,5.054127002413989,11.467194256096532,7580.990936890765,1733.564185025777,4.373066196437393,2.01216178095694,307.34144124897716,0.04793863854266539,0.0,0.0,2.0183311673082156,15.402985074626866,0.7629399585921325,1608.7982032885018,134,77.7099256515503
paper,100,1500000.0,2,1,exclude,per_leg_sa,1.0,kernel,0.0,43200,1609027.6584492165,1016242.2041422675,592785.454306949,1241,0,0.0,0,4.704263543576533,8.78687064026661,8169.591647266075,2250.0321055500635,3.630877811527432,2.0231917409194997,314.0764016057628,0.024891774891774892,0.0,0.0,3.971997507369719,26.558823529411764,0.5890710382513661,3655.518895531304,34,69.25319933891296
paper,100,1500000.0,2,3,exclude,per_leg_sa,1.0,kernel,0.0,43200,1548890.2106424388,945913.2860768099,602976.9245656289,1443,0,0.0,0,5.054127002413989,12.633456801018184,7580.990936890765,1566.2382850346971,4.840253880476956,2.021528907457748,313.05639263154603,0.0195712954333644,0.0,0.0,3.9744363317459,30.88235294117647,0.617989417989418,3143.180656466241,34,74.71766972541809
paper,100,1500000.0,2,2,exclude,per_leg_sa,1.0,kernel,0.0,43200,1636136.1388720525,1017618.8784446407,618517.260427412,1427,0,0.0,0,4.539162858794823,16.363518999617877,8478.86425558954,1209.137321000482,7.012325323457748,2.0216578665386047,313.1354388780639,0.036757775683317624,0.0,0.0,3.978107297953104,30.5,0.6797153024911032,3189.3934607139877,34,77.25945711135864
paper,100,1500000.0,3,1,exclude,per_leg_sa,1.0,kernel,0.0,43200,1010564.3867652785,667193.2364455144,343371.15031976404,1889,0,0.0,0,4.704263543576533,8.482065473018155,8169.591647266075,2338.0087870951547,3.4942519003174217,2.017029415418446,310.30464954791574,0.02335456475583864,0.0,0.0,2.6662565352596856,18.333333333333332,0.7368421052631579,2370.3220490835747,75,81.64417243003845
paper,100,1500000.0,5,1,exclude,per_leg_sa,1.0,kernel,0.0,43200,1311132.4435380618,1060431.785184752,250700.65835330993,2837,4,0.5497295549426169,4,4.704263543576533,7.846545632159427,8169.591647266075,2533.927471413159,3.2240826698602914,2.0118115940228827,307.12881053973797,0.03627906976744186,0.0,0.0,1.6179129316134513,10.1875,0.8277310924369747,1551.8096683732845,208,92.75460743904114
paper,100,1500000.0,3,2,exclude,per_leg_sa,1.0,kernel,0.0,43200,1061617.974892311,665108.9403002671,396509.034592044,2181,0,0.0,0,4.539162858794823,14.432445010046346,8478.86425558954,1375.3447598432067,6.16490097839625,2.015155214971223,309.16203314498125,0.043478260869565216,0.0,0.0,2.6855891714624907,20.96,0.7552581261950286,2093.1342817831246,75,95.16031551361084
paper,100,1500000.0,6,1,exclude,per_leg_sa,1.0,kernel,0.0,43200,1863782.209581493,1636500.135519664,227282.0740618289,3171,9,0.7483047023777635,10,4.704263543576533,7.098421766323036,8169.591647266075,2802.225020333951,2.915394583941184,2.0109218111968565,306.5888725060598,0.040268456375838924,0.0,0.0,1.3519597292908707,7.912751677852349,0.7657841140529531,1398.0539372385315,298,102.1814546585083
paper,100,1500000.0,7,1,exclude,per_leg_sa,1.0,kernel,0.0,43200,2626089.5449277605,2319988.6625166866,306100.88241107384,3272,14,0.8347185817387165,17,4.704263543576533,6.859883777743727,8169.591647266075,2900.3336163428385,2.8167765257182658,2.0104592610285863,306.30837545953096,0.05855855855855856,0.0,0.0,1.1602700840433045,5.982758620689655,0.8252212389380531,1351.2205782038181,406,108.0876886844635
paper,100,1500000.0,5,2,exclude,per_leg_sa,1.0,kernel,0.0,43200,831661.7961295833,639130.4294442028,192531.3666853805,3434,2,0.2830632278595511,2,4.539162858794823,11.264295048818129,8478.86425558954,1766.2841234466846,4.800396574388093,2.0104598691647206,306.3087441577151,0.0659213569776407,0.0,0.0,1.629839816768486,12.444444444444445,0.8538380651945321,1280.5731030878735,207,108.15950131416321
paper,100,1500000.0,8,1,exclude,per_leg_sa,1.0,kernel,0.0,43200,4632750.0054456815,4075570.2186956275,557179.7867500546,3489,27,0.9400179486245267,34,4.704263543576533,6.965772131690387,8169.591647266075,2858.4795047754415,2.85802001855104,2.0088876329402527,305.3562767699357,0.06626047220106626,0.0,0.0,1.0167844388694238,4.918867924528302,0.7147270854788877,1258.7722819596966,530,116.40151476860046
paper,100,1500000.0,6,2,exclude,per_leg_sa,1.0,kernel,0.0,43200,1103146.218399235,918232.2433357182,184913.97506351682,3778,5,0.5373164562450633,7,4.539162858794823,9.729010116534894,8478.86425558954,2045.8692857894357,4.144382201973288,2.009617731173707,305.79838893010316,0.07925325818950335,0.0,0.0,1.363221731587117,9.5,0.8424101969872537,1170.6872362335416,296,117.69288110733032
paper,100,1500000.0,7,2,exclude,per_leg_sa,1.0,kernel,0.0,43200,2585459.3021343923,2282644.4532381985,302814.8488961938,4675,14,0.8772678027432731,16,4.539162858794823,10.057705224686739,8478.86425558954,1980.5679867818742,4.281026610637296,2.0080352546274383,304.8405223715413,0.10712250712250712,0.0,0.0,1.1656921526612205,8.609876543209877,0.8480278422273781,941.9219419940431,405,134.5672845840454
paper,100,1500000.0,3,3,exclude,per_leg_sa,1.0,kernel,0.0,43200,970540.8821882355,634433.5911675392,336107.2910206963,2130,0,0.0,0,5.054127002413989,12.887487492669175,7580.990936890765,1540.2701009528607,4.921858141764175,2.0150918631189487,309.1234471710896,0.03265557609365373,0.0,0.0,2.679422359737075,20.92,0.7196367763904654,2087.1731149350244,75,71.91119003295898
paper,100,1500000.0,2,4,exclude,per_leg_sa,1.0,kernel,0.0,43200,1782293.1381451373,1045034.4141790759,737258.7239660615,1446,0,0.0,0,4.769804670462605,18.511924774727383,8052.7543083059945,1068.8511889515987,7.534027553643533,2.0215811055401827,313.08838655901064,0.027472527472527472,0.0,0.0,3.9745488207394954,31.323529411764707,0.6556016597510373,3088.667625346642,34,52.760547399520874
paper,100,1500000.0,5,3,exclude,per_leg_sa,1.0,kernel,0.0,43200,680320.3966674954,477332.28516308457,202988.11150441083,3032,0,0.0,0,5.054127002413989,9.278428193326642,7580.990936890765,2143.750683619266,3.5363211752272785,2.0109964521337744,306.63414786812393,0.04942630185348632,0.0,0.0,1.634934476807502,10.93658536585366,0.7876106194690266,1472.730476852487,205,84.45762753486633
paper,100,1500000.0,3,4,exclude,per_leg_sa,1.0,kernel,0.0,43200,1143456.3319702079,718129.5587798642,425326.7731903435,2078,0,0.0,0,4.769804670462605,15.311205287446738,8052.7543083059945,1296.28279412505,6.2121894580428725,2.015351743247571,309.2817487547645,0.046556122448979595,0.0,0.0,2.684134614091003,20.24,0.7475832438238453,2158.6549424191585,75,63.48150634765625
paper,100,1500000.0,6,3,exclude,per_leg_sa,1.0,kernel,0.0,43200,1906667.5985096225,1636109.0474660436,270558.551043579,3615,8,0.7528705413479234,9,5.054127002413989,8.996912749833653,7580.990936890765,2212.6244042926896,3.426243931045397,2.009364773773125,305.6451739602215,0.06688717383314957,0.0,0.0,1.3596067608903653,9.057239057239057,0.7463837994214079,1218.5527152734862,297,92.1661536693573
paper,100,1500000.0,7,3,exclude,per_leg_sa,1.0,kernel,0.0,43200,2627551.434053973,2293532.405222766,334019.02883120714,4002,12,0.8584334948982634,17,5.054127002413989,8.244332245513169,7580.990936890765,2415.188894102701,3.1388811680120283,2.0088772608928998,305.349998264028,0.07087930458040789,0.0,0.0,1.1693078416118956,7.3740648379052365,0.7973273942093542,1107.4007213134205,401,97.11984848976135
paper,100,1500000.0,2,5,exclude,per_leg_sa,1.0,kernel,0.0,43200,1889993.314592042,1042824.7178373934,847168.5967546485,1296,0,0.0,0,4.716895252054816,9.221523970086892,8146.821061143593,2144.120095843061,3.799610421514328,2.023057304166795,313.993874282709,0.008238928939237899,0.0,0.0,3.976497973525277,27.91176470588235,0.5974534769833496,3471.8305573064595,34,45.868963956832886
paper,100,1500000.0,5,4,exclude,per_leg_sa,1.0,kernel,0.0,43200,907676.5623449304,651105.3702677283,256571.19207720205,3027,1,0.16658737136171728,2,4.769804670462605,11.57731394157081,8052.7543083059945,1718.3491845564015,4.686331730872759,2.01066982341532,306.43604758870606,0.06590509666080843,0.0,0.0,1.629207678416305,10.893203883495145,0.8063851699279093,1464.8812495369114,206,76.83253169059753
paper,100,1500000.0,6,4,exclude,per_leg_sa,1.0,kernel,0.0,43200,1701610.8756855403,1476070.1094934272,225540.76619211287,3473,6,0.6597821169423268,7,4.769804670462605,9.834692542063678,8052.7543083059945,2023.8567529541435,3.9789151561995224,2.0096454021829566,305.8151514447553,0.08816705336426914,0.0,0.0,1.3678912465685393,8.700680272108844,0.8442622950819673,1287.025176966742,294,82.37627840042114
paper,100,1500000.0,3,5,exclude,per_leg_sa,1.0,kernel,0.0,43200,1114999.6067525237,694420.8020648509,420578.8046876728,1923,0,0.0,0,4.716895252054816,9.509868421122867,8146.821061143593,2085.8960693106897,3.9056696932344344,2.0164748862323387,309.9663583023138,0.03379310344827586,0.0,0.0,2.679634790982455,18.8,0.7069672131147541,2320.464325316404,75,58.32691144943237
paper,100,1500000.0,7,4,exclude,per_leg_sa,1.0,kernel,0.0,43200,2740580.727439263,2321924.5715410933,418656.15589816944,3496,12,0.804290525667522,18,4.769804670462605,8.965102751442142,8052.7543083059945,2221.124766455859,3.625529925162819,2.0087771755935657,305.2894169995596,0.09080547112462006,0.0018832391713747645,0.0,1.1833326850267725,6.551637279596977,0.7739463601532567,1261.024841311823,397,85.03105282783508
paper,100,1500000.0,8,3,exclude,per_leg_sa,1.0,kernel,0.0,43200,4128858.3277227026,3671410.5965689123,457447.7311537898,4855,22,0.9477592852379431,27,5.054127002413989,8.841802719573046,7580.990936890765,2253.6659246241325,3.363848587343364,2.007380183292806,304.4444501073144,0.08763736263736263,0.0,0.0,1.0165037803103734,6.815094339622641,0.7620650953984287,908.6784507368787,530,118.6441547870636
paper,100,1500000.0,5,5,exclude,per_leg_sa,1.0,kernel,0.0,43200,888953.007154449,650010.6153899052,238942.39176454398,2825,3,0.21637546340178343,3,4.716895252054816,7.834620854392517,8146.821061143593,2537.539939199652,3.2105193440672015,2.0120053009834304,307.2464187655692,0.04861773117254528,0.0,0.0,1.6221684173138637,10.03864734299517,0.7376705141657922,1581.3707312115896,207,71.8137559890747
paper,100,1500000.0,8,4,exclude,per_leg_sa,1.0,kernel,0.0,43200,5513705.253271597,4802890.702779414,710814.5504921837,4626,27,0.9589651974096423,28,4.769804670462605,10.021696474838748,8052.7543083059945,1989.3728640547934,4.047885870873222,2.0063308748693647,303.8105489146024,0.138801261829653,0.0,0.0,1.020576494370247,6.558712121212121,0.7340425531914894,946.757783596048,528,110.81249761581421
paper,100,1500000.0,2,6,exclude,per_leg_sa,1.0,kernel,0.0,43200,1766828.133714988,1026518.0041448645,740310.1295701234,1302,0,0.0,0,4.756459715300161,8.656081375427348,8076.28272445257,2283.520000628844,3.536768989204602,2.023642729191546,314.3533311080152,0.013360739979445015,0.0,0.0,3.9610798187448926,27.794117647058822,0.6006600660066007,3468.886301577797,34,49.90466594696045
paper,100,1500000.0,6,5,exclude,per_leg_sa,1.0,kernel,0.0,43200,1325655.9070368926,1123737.95372803,201917.95330886266,2966,7,0.5477938958755557,9,4.716895252054816,6.937629710820963,8146.821061143593,2866.1906683290463,2.8423862903346517,2.0116100539471127,307.0064703740641,0.0552286102308737,0.0,0.0,1.3569620310167787,7.355704697986577,0.7605294825511432,1504.9318027862357,298,74.89557099342346
paper,100,1500000.0,3,6,exclude,per_leg_sa,1.0,kernel,0.0,43200,1011885.4011663151,669531.0777690562,342354.3233972589,2009,0,0.0,0,4.756459715300161,8.590049384216007,8076.28272445257,2308.371242645681,3.4986931803898855,2.017245128901799,310.4362956823313,0.03176704169424222,0.0,0.0,2.6747689754369297,19.533333333333335,0.778169014084507,2240.892166285118,75,62.91936135292053
paper,100,1500000.0,7,5,exclude,per_leg_sa,1.0,kernel,0.0,43200,3148348.4212547643,2798322.327907614,350026.0933471499,3238,19,0.8742778787590905,22,4.716895252054816,7.057818445380658,8146.821061143593,2819.913698481256,2.8890320528359767,2.009803932562386,305.91119466553823,0.06920556920556921,0.0,0.0,1.1656508270519275,6.007425742574258,0.6872246696035242,1355.2198537597599,404,82.79718542098999
paper,100,1500000.0,5,6,exclude,per_leg_sa,1.0,kernel,0.0,43200,874983.7880968169,687911.019248137,187072.76884867973,2975,1,0.27536847244415513,1,4.756459715300161,7.882061389915892,8076.28272445257,2521.7377915681855,3.202665539397812,2.0124275367179028,307.5028551314041,0.03191011235955056,0.0,0.0,1.618628314932991,10.555023923444976,0.8170731707317073,1495.6206552675558,209,73.41376805305481
paper,100,1500000.0,2,7,exclude,per_leg_sa,1.0,kernel,0.0,43200,1827199.4124020732,1029474.0839878256,797725.3284142476,1355,0,0.0,0,5.218509503934779,12.789691387977225,7331.690553245741,1545.9570799908674,4.742492950249985,2.0230307943126427,313.9776018335869,0.02551521099116781,0.0,0.0,3.968952717039314,29.11764705882353,0.6413934426229508,3326.1518048239036,34,50.920435190200806
paper,100,1500000.0,8,5,exclude,per_leg_sa,1.0,kernel,0.0,43200,5517816.249151083,4820204.026271399,697612.2228796841,3753,34,0.9622262993208806,39,4.716895252054816,7.323438517548383,8146.821061143593,2720.329843322513,2.99479163570597,2.0078135716543044,304.70645856318174,0.10179010179010178,0.0,0.0,1.0127700699303812,5.317669172932331,0.611764705882353,1158.0514308574302,532,96.58842754364014
paper,100,1500000.0,6,6,exclude,per_leg_sa,1.0,kernel,0.0,43200,1079452.6657809669,823896.6811464762,255555.98463449074,2925,3,0.34995575508883503,3,4.756459715300161,6.767959036128004,8076.28272445257,2936.693948512821,2.7501274787393157,2.012535647305607,307.5685311193755,0.03610603290676417,0.0,0.0,1.3572475256816188,7.274247491638796,0.774,1517.04186353166,299,75.84282779693604
paper,100,1500000.0,7,6,exclude,per_leg_sa,1.0,kernel,0.0,43200,3328285.652807006,2938855.105457797,389430.54734920926,2956,17,0.849489355881448,22,4.756459715300161,6.324722118005238,8076.28272445257,3143.476366136705,2.5692201193095734,2.0119090428663604,307.1879733104142,0.04805077062556664,0.0,0.0,1.1588223194945009,5.411330049261084,0.7330791229742613,1499.1425138053435,406,79.69797277450562
paper,100,1500000.0,3,7,exclude,per_leg_sa,1.0,kernel,0.0,43200,991948.5724094545,664784.3165908986,327164.2558185559,2074,0,0.0,0,5.218509503934779,12.721368916520754,7331.690553245741,1559.3708021944626,4.701697981601323,2.0164002652941457,309.92084978700296,0.05988409529942048,0.0,0.0,2.6783192606694355,20.053333333333335,0.7415254237288136,2180.7094109741142,75,65.86872339248657
paper,100,1500000.0,2,8,exclude,per_leg_sa,1.0,kernel,0.0,43200,1726837.8313917571,1018052.8869517422,708784.944440015,1326,0,0.0,0,4.788543228013972,18.001703335385947,8019.937817272908,1099.0579245570814,7.297102034458221,2.021742352384279,313.1872303967277,0.022155085599194362,0.0,0.0,3.979570331576914,28.558823529411764,0.6363636363636364,3388.73087036567,34,49.059120893478394
paper,100,1500000.0,8,6,exclude,per_leg_sa,1.0,kernel,0.0,43200,6546026.776502668,5759882.871713698,786143.9047889696,3809,36,0.9718103752291755,41,4.756459715300161,7.450000478848211,8076.28272445257,2674.208202686172,3.020065048166465,2.0077446349484362,304.66477478020715,0.0784039201960098,0.0,0.0,1.0147681467629854,5.340866290018832,0.6128668171557562,1157.082759244248,531,97.2001702785492
paper,100,1500000.0,5,7,exclude,per_leg_sa,1.0,kernel,0.0,43200,686769.8879596541,476485.87617033924,210284.0117893148,3005,0,0.0,0,5.218509503934779,10.156880238339825,7331.690553245741,1957.7014760806655,3.745050327041611,2.0116535659394748,307.0328812434164,0.047936085219707054,0.0,0.0,1.6338309664121493,10.815533980582524,0.7699481865284974,1477.876578922427,206,78.40993595123291
paper,100,1500000.0,6,7,exclude,per_leg_sa,1.0,kernel,0.0,43200,1085755.920831949,859086.5103613123,226669.41047063662,3250,4,0.39465025977671625,5,5.218509503934779,8.843652667674426,7331.690553245741,2249.4700094143745,3.259296866622582,2.0107038361347387,306.45667331324285,0.0732811856731165,0.0,0.0,1.3641973462555583,8.135135135135135,0.8248095756256801,1370.6276550013697,296,80.09158325195312
paper,100,1500000.0,7,7,exclude,per_leg_sa,1.0,kernel,0.0,43200,2544305.3622726547,2291161.285786001,253144.076486654,3641,15,0.8424606470461572,16,5.218509503934779,8.516227896532891,7331.690553245741,2337.980053214923,3.1359080857700383,2.008962892445947,305.4018354998672,0.08977647489923049,0.0,0.0018552875695732839,1.1653379075779227,6.693827160493827,0.7921787709497207,1213.534617359003,405,89.41100478172302
paper,100,1500000.0,3,8,exclude,per_leg_sa,1.0,kernel,0.0,43200,947613.6122836422,613161.0893322629,334452.5229513792,2171,0,0.0,0,4.788543228013972,18.84736803498883,8019.937817272908,1053.1772138084566,7.61499367069625,2.0151520740686677,309.16012004577533,0.05067155067155067,0.0,0.0,2.679977450224008,21.293333333333333,0.7569676700111483,2049.371975431727,75,68.25900197029114
paper,100,1500000.0,2,9,exclude,per_leg_sa,1.0,kernel,0.0,43200,1741958.5265536883,1052004.66615604,689953.8603976483,1273,0,0.0,0,4.740333835912077,9.327639372318151,8104.8909320055,2120.7235213664267,3.8217574569943698,2.0221072725813842,313.410982999127,0.027225130890052355,0.0,0.0,3.973900405007535,27.323529411764707,0.6220302375809935,3540.7008629361726,34,44.244699239730835
paper,100,1500000.0,8,7,exclude,per_leg_sa,1.0,kernel,0.0,43200,4583925.4607749125,4037039.2941357987,546886.1666391141,3527,28,0.9283881280644367,39,5.218509503934779,7.9362446037339796,7331.690553245741,2510.2583045148804,2.9206916834252348,2.007828128017116,304.71526068674535,0.128003003003003,0.0,0.0,1.0237151831085929,5.030418250950571,0.710174717368962,1240.168164911235,526,93.87303757667542
paper,100,1500000.0,5,8,exclude,per_leg_sa,1.0,kernel,0.0,43200,834385.8993355131,647191.7109840753,187194.1883514378,3226,1,0.2841806817382088,1,4.788543228013972,14.978217306207625,8019.937817272908,1328.5703857448664,6.036517073784172,2.0100890445325565,306.08396336540784,0.05826446280991736,0.0,0.0,1.6274882833401683,11.584541062801932,0.8487179487179487,1374.597850202875,207,82.88003754615784
paper,100,1500000.0,6,8,exclude,per_leg_sa,1.0,kernel,0.0,43200,1420416.8369310503,1219293.8450216907,201122.99190935952,3506,5,0.6289127381095414,6,4.788543228013972,11.70990348059076,8019.937817272908,1700.253240636392,4.716907826196,2.009060729240237,305.4610665884515,0.06300114547537228,0.0,0.0,1.3704993401687795,8.816326530612244,0.8508771929824561,1268.5477953510576,294,86.31449890136719
paper,100,1500000.0,3,9,exclude,per_leg_sa,1.0,kernel,0.0,43200,1036234.3794549645,684978.1579012383,351256.22155372624,1931,0,0.0,0,4.740333835912077,9.741261972718045,8104.8909320055,2037.196396332662,3.9784534012507744,2.0156348982905614,309.4542739877036,0.03824756606397774,0.0,0.0,2.675862078560605,18.52,0.7361963190184049,2350.51180825632,75,57.56802701950073
paper,100,1500000.0,5,9,exclude,per_leg_sa,1.0,kernel,0.0,43200,930126.7265029592,628983.5779025106,301143.1486004485,2398,1,0.045677353819838624,1,4.740333835912077,6.7575508358372565,8104.8909320055,2941.0085904796933,2.7558202169969017,2.0126783582307497,307.655237168678,0.03434684684684685,0.0,0.0,1.627963013988901,8.548543689320388,0.7583815028901734,1871.2551853477296,206,64.20044684410095
paper,100,1500000.0,7,8,exclude,per_leg_sa,1.0,kernel,0.0,43200,2969050.077109063,2740999.072319352,228051.00478971147,4239,17,0.9024957261573808,18,4.788543228013972,11.469395057899302,8019.937817272908,1737.4045034933483,4.6160452566730745,2.007328895707887,304.4134512384215,0.08425370779425687,0.0,0.0,1.1723273207447888,7.840399002493766,0.8322056833558863,1043.0423068967605,401,101.34496068954468
paper,100,1500000.0,6,9,exclude,per_leg_sa,1.0,kernel,0.0,43200,2097871.0169458985,1670947.582089448,426923.4348564505,2440,11,0.6331688430717074,16,4.740333835912077,6.010202115254636,8104.8909320055,3307.9221332222637,2.4501456218107784,2.0119428320725827,307.20848861492374,0.043931905546403076,0.0,0.0,1.3603345357783743,6.0641891891891895,0.7135250266240681,1826.3580962259255,296,64.17396831512451
paper,100,1500000.0,2,10,exclude,per_leg_sa,1.0,kernel,0.0,43200,1665250.1726191198,987597.8315490743,677652.3410700455,1424,0,0.0,0,5.240538724622278,11.725130533584757,7299.469724120093,1687.0252265195163,4.326829029806241,2.022184272013964,313.4582057858152,0.023651844843897825,0.0,0.0,3.9626359365207464,30.470588235294116,0.6411428571428571,3177.896978809484,34,55.422119140625
paper,100,1500000.0,7,9,exclude,per_leg_sa,1.0,kernel,0.0,43200,4633593.926523199,3969058.6992042777,664535.2273189217,2977,28,0.9240099181173544,30,4.740333835912077,6.574416649806717,8104.8909320055,3028.910460376887,2.67584368637857,2.00870579504612,305.2462142878875,0.07427293064876958,0.0,0.0,1.163316945751166,5.487623762376238,0.6530386740331492,1482.6881410115263,404,75.03073620796204
paper,100,1500000.0,8,8,exclude,per_leg_sa,1.0,kernel,0.0,43200,4442922.18714714,4037672.43674388,405249.7504032593,4938,27,0.9570203716005224,30,4.788543228013972,12.330891160689392,8019.937817272908,1617.3456674213076,4.9587036208900725,2.0056847731061422,303.42055885726575,0.11561158798283262,0.0,0.0,1.021696370132518,7.0361216730038025,0.7682198327359617,884.9411257077243,526,115.34199857711792
paper,100,1500000.0,3,10,exclude,per_leg_sa,1.0,kernel,0.0,43200,968544.4633608238,657351.3279071795,311193.13545364427,2156,0,0.0,0,5.240538724622278,11.23130556472633,7299.469724120093,1766.6973786594804,4.131703489399369,2.015893495818249,309.6118784537468,0.038153846153846156,0.0,0.0,2.6760117159747927,21.133333333333333,0.7305524239007892,2060.733237514369,75,69.32617402076721
paper,100,1500000.0,8,9,exclude,per_leg_sa,1.0,kernel,0.0,43200,7552558.042456445,6530994.335967503,1021563.7064889433,3151,45,0.975451371391672,52,4.740333835912077,6.718638096191617,8104.8909320055,2966.722958620174,2.7319338694756636,2.0067891794469324,304.08733555542835,0.09202714164546226,0.0,0.0,1.012841354793495,4.410546139359699,0.5168067226890757,1401.0119381939037,531,84.7805528640747
paper,100,1500000.0,2,11,exclude,per_leg_sa,1.0,kernel,0.0,43200,1650543.5383092547,989645.1134565752,660898.4248526794,1326,0,0.0,0,4.559053205441548,20.21847577994507,8440.41818863996,978.3957465551975,8.626793624520099,2.0220738984415587,313.3905161626577,0.03873598369011213,0.0,0.0,3.971491115057557,28.176470588235293,0.6191919191919192,3439.0500646216615,34,49.589293479919434
paper,100,1500000.0,5,10,exclude,per_leg_sa,1.0,kernel,0.0,43200,683740.8259349122,486982.2914434048,196758.53449150748,3057,0,0.0,0,5.240538724622278,8.867602047021967,7299.469724120093,2242.4448142796227,3.255139068590645,2.011555559392253,306.9733949212121,0.04553415061295972,0.0,0.0,1.6245961469803953,10.956521739130435,0.7865296803652968,1455.3864486637879,207,85.90065264701843
paper,100,1500000.0,6,10,exclude,per_leg_sa,1.0,kernel,0.0,43200,1276180.9909390367,1056607.3254752303,219573.66546380628,3343,4,0.5528632676368717,5,5.240538724622278,7.828105616622798,7299.469724120093,2541.1253248150597,2.8725343267559387,2.0108386791016404,306.53845055038454,0.050975706889685383,0.0,0.0,1.3567193781181117,8.368243243243244,0.760485651214128,1323.867355287475,296,83.69972681999207
paper,100,1500000.0,3,11,exclude,per_leg_sa,1.0,kernel,0.0,43200,954423.1537231669,619227.1431860427,335196.0105371241,2045,0,0.0,0,4.559053205441548,21.67799744905924,8440.41818863996,915.6255035717231,9.21819909527979,2.015222250226568,309.202865206529,0.05184705119896306,0.0,0.0,2.6805829460475388,19.826666666666668,0.7089249492900609,2203.7474743068833,75,63.74747443199158
paper,100,1500000.0,2,12,exclude,per_leg_sa,1.0,kernel,0.0,43200,1748757.71946187,1109362.7849807409,639394.9344811289,1288,0,0.0,0,4.442264204156416,12.862006393347185,8671.083820102498,1538.6324497329085,5.635578413550106,2.021233011810989,312.87505932376325,0.02494802494802495,0.0,0.0,3.9790056978216324,27.294117647058822,0.5658995815899581,3560.077360534375,34,47.746169567108154
paper,100,1500000.0,5,11,exclude,per_leg_sa,1.0,kernel,0.0,43200,1201001.084517314,965380.875206932,235620.20931038223,3027,3,0.4909008711507525,4,4.559053205441548,13.248557969874145,8440.41818863996,1501.9134667213189,5.6197766220615994,2.0102333310252387,306.17141493430495,0.060379021595416485,0.0,0.0,1.6339005165747509,10.893203883495145,0.7867494824016563,1469.251063219749,206,71.91542196273804
paper,100,1500000.0,7,10,exclude,per_leg_sa,1.0,kernel,0.0,43200,2791094.0360897216,2532231.3314622026,258862.7046275188,3693,13,0.8404174888532707,16,5.240538724622278,7.511501300400146,7299.469724120093,2649.82615648462,2.754697588842546,2.009628873458812,305.8051386365131,0.06974209952778787,0.0,0.0,1.1676397356225838,6.7611940298507465,0.78,1205.814117321803,402,90.9592957496643
paper,100,1500000.0,8,10,exclude,per_leg_sa,1.0,kernel,0.0,43200,5131705.056655804,4529260.882652394,602444.1740034099,4395,27,0.9538286025088154,29,5.240538724622278,8.21161544324756,7299.469724120093,2426.5325941474775,3.00818943941886,2.007452413781302,304.4881098101314,0.1093421447882247,0.0014204545454545455,0.0,1.0189872319357276,6.25426944971537,0.6747368421052632,994.0705914736377,527,103.83537316322327
paper,100,1500000.0,3,12,exclude,per_leg_sa,1.0,kernel,0.0,43200,1153629.5017364628,721687.9551728102,431941.5465636527,2004,0,0.0,0,4.442264204156416,12.318271672376746,8671.083820102498,1611.379803610138,5.381154586073245,2.015172821758979,309.17275741142606,0.031291611185086554,0.0,0.0,2.6829815097321665,19.413333333333334,0.7046843177189409,2249.1827105417883,75,60.42759919166565
paper,100,1500000.0,6,11,exclude,per_leg_sa,1.0,kernel,0.0,43200,1922146.419330389,1692587.2684903387,229559.15084005037,3617,9,0.7821300225655656,9,4.559053205441548,12.034304879275522,8440.41818863996,1654.7440206584745,5.100739500047418,2.008668000829653,305.2233407693066,0.07500928332714445,0.0,0.0,1.3646915773459039,9.006756756756756,0.7894179894179895,1236.7039556869252,296,82.72674775123596
paper,100,1500000.0,7,11,exclude,per_leg_sa,1.0,kernel,0.0,43200,2692560.055560912,2386252.9257334815,306307.12982743053,3756,15,0.8485123061214965,22,4.559053205441548,9.870910118447574,8440.41818863996,2018.0509014684822,4.18246050310133,2.008032222983556,304.8386887719511,0.09942979330007128,0.0,0.0,1.1719446218087088,6.922693266832917,0.7838364167478091,1184.8185099275604,401,85.75602960586548
paper,100,1500000.0,5,12,exclude,per_leg_sa,1.0,kernel,0.0,43200,888633.5936476559,668801.9773278107,219831.61631984517,2883,1,0.16465910519903643,1,4.442264204156416,8.797644198894714,8671.083820102498,2260.694596929056,3.835583909423839,2.0111835171745396,306.74763162164186,0.06098696461824953,0.0,0.0,1.6267544412297583,10.285024154589372,0.7676300578034682,1547.7439728097975,207,65.52752184867859
paper,100,1500000.0,6,12,exclude,per_leg_sa,1.0,kernel,0.0,43200,1776432.803563496,1448602.0738898942,327830.72967360204,2926,5,0.5908386722901673,6,4.442264204156416,7.559023131679796,8671.083820102498,2631.7562007528772,3.2947899268260206,2.010706408571285,306.45823329811964,0.07106598984771574,0.0,0.0,1.3612077913427503,7.226351351351352,0.7266035751840169,1540.883169679368,296,65.1797194480896
paper,100,1500000.0,7,12,exclude,per_leg_sa,1.0,kernel,0.0,43200,4029773.207912235,3454466.9845070564,575306.2234051785,3200,21,0.8848211983602863,26,4.442264204156416,7.5485400756591865,8671.083820102498,2637.806363121263,3.2872328846163597,2.008880553414013,305.35199131708947,0.08760330578512397,0.0,0.0018656716417910447,1.1708081648407196,5.982543640897756,0.717948717948718,1370.8988801972885,401,69.13340330123901
paper,100,1500000.0,4,9,exclude,per_leg_sa,1.0,prior,15.0,43200,691909.2800801765,570119.1326933352,121790.14738684136,2388,0,0.0,0,4.740333835912077,8.03081366348137,8104.8909320055,2473.878309264432,3.276188202812352,2.013363121106157,308.0714445654038,0.03095632946379215,0.0,0.0,2.022401812432315,13.365671641791044,0.4616252821670429,1858.565118796363,134,61.18445181846619
paper,100,1500000.0,4,1,exclude,per_leg_sa,1.0,prior,15.0,43200,640790.7993326825,522938.1299256506,117852.66940703194,2465,0,0.0,0,4.704263543576533,7.864186673519872,8169.591647266075,2525.5104605217007,3.234827879342247,2.013988590007238,308.45185819946005,0.03160149973219068,0.0,0.0,2.0201175008129786,13.781954887218046,0.4485798237022527,1802.995812139667,133,65.50228714942932
paper,100,1500000.0,4,12,exclude,per_leg_sa,1.0,prior,15.0,43200,701801.8748914595,557797.8710757543,144004.00381570516,2673,0,0.0,0,4.442264204156416,11.716692487566789,8671.083820102498,1696.7079613273793,5.110534056384624,2.012092128001932,307.2991426690438,0.052788844621513946,0.0,0.0,2.0220755038875713,14.843283582089553,0.46,1676.8310697488514,134,69.81306195259094
paper,100,1500000.0,4,11,exclude,per_leg_sa,1.0,prior,15.0,43200,600037.1782340934,496378.98495681875,103658.19327727465,2747,0,0.0,0,4.559053205441548,15.589886765321632,8440.41818863996,1275.1124799279794,6.619351877974474,2.0121879051314906,307.35730658834274,0.06246949731576379,0.0,0.0,2.0254015043066156,15.14179104477612,0.5022026431718062,1642.0385965967096,134,70.17152500152588
paper,100,1500000.0,4,5,exclude,per_leg_sa,1.0,prior,15.0,43200,651177.7356121275,535207.0635859679,115970.67202615959,2540,0,0.0,0,4.716895252054816,9.077147994065243,8146.821061143593,2188.7810836054914,3.7220812634782376,2.0132988635111984,308.0323760379259,0.04659685863874346,0.0,0.0,2.0209475996328345,14.007407407407408,0.4443266171792153,1761.7350059692833,135,70.4133849143982
paper,100,1500000.0,4,4,exclude,per_leg_sa,1.0,prior,15.0,43200,686811.6839413571,551364.8629010456,135446.82104031148,2843,0,0.0,0,4.769804670462605,13.479921279042353,8052.7543083059945,1474.6931338631252,5.460630502300432,2.0121992238861037,307.36418065068915,0.0764872521246459,0.0,0.0,2.0222668719003036,15.671641791044776,0.5297131147540983,1582.0208678972804,134,71.20765590667725
paper,100,1500000.0,4,6,exclude,per_leg_sa,1.0,prior,15.0,43200,650698.8196302279,519619.127501739,131079.69212848882,2637,0,0.0,0,4.756459715300161,8.277285648961142,8076.28272445257,2399.2145624480145,3.366219449840291,2.014201706550333,308.5815304708822,0.02472250252270434,0.0,0.0,2.020632879788773,14.64179104477612,0.4782608695652174,1695.7768327493582,134,71.24443984031677
paper,100,1500000.0,4,10,exclude,per_leg_sa,1.0,prior,15.0,43200,633093.5962986125,524340.940928416,108752.65537019656,2785,0,0.0,0,5.240538724622278,10.099280541693469,7299.469724120093,1967.6008553835559,3.7098325629143747,2.012947982675806,307.8190846820956,0.03712517848643503,0.0,0.0,2.0230379599091437,15.507462686567164,0.5022222222222222,1602.2565944768405,134,71.98346471786499
paper,100,1500000.0,4,7,exclude,per_leg_sa,1.0,prior,15.0,43200,644714.0884729669,510270.06399199803,134444.02448096886,2783,0,0.0,0,5.218509503934779,10.890844305059158,7331.690553245741,1824.244954170231,4.01902745378874,2.0133314989911506,308.05221805429545,0.0548604427333975,0.0,0.0,2.020819579804201,15.365671641791044,0.48244734202607825,1613.463369164815,134,72.55789279937744
paper,100,1500000.0,4,3,exclude,per_leg_sa,1.0,prior,15.0,43200,589463.6230430311,485721.02311848104,103742.59992455006,2883,0,0.0,0,5.054127002413989,11.91994875051338,7580.990936890765,1667.7397552787963,4.545667819511474,2.0121359553392635,307.3257576271572,0.053694355208811384,0.0,0.0,2.0218675500631735,16.2406015037594,0.4965986394557823,1533.458934465342,133,77.78257846832275
paper,100,1500000.0,4,2,exclude,per_leg_sa,1.0,prior,15.0,43200,636557.8804020116,523870.68664810015,112687.19375391133,2862,0,0.0,0,4.539162858794823,11.727947105453186,8478.86425558954,1694.7868594094675,5.002908895897341,2.0124398322062214,307.5103241513286,0.05329593267882188,0.0,0.0,2.02374902613075,15.93984962406015,0.5152173913043478,1560.8288504208087,133,77.94494414329529
paper,100,1500000.0,4,8,exclude,per_leg_sa,1.0,prior,15.0,43200,595573.9048256889,495315.8651652037,100258.03966048521,2866,0,0.0,0,4.788543228013972,17.491759380166283,8019.937817272908,1136.6915579534766,7.055509263843019,2.0117956385282936,307.119124243463,0.06412639405204461,0.0,0.0,2.026925145877472,15.93984962406015,0.5112426035502958,1565.9555937865027,133,78.46859359741211
paper,100,1500000.0,4,9,exclude,per_leg_sa,1.0,kernel,15.0,43200,727779.9355025906,590520.2012673366,137259.73423525394,2423,0,0.0,0,4.740333835912077,8.365451927426765,8104.8909320055,2375.1190057251874,3.4124146674203635,2.013192058579791,307.9674442707464,0.04550438596491228,0.00558659217877095,0.0,2.0248314619512757,13.522388059701493,0.4480932203389831,1834.4135859425346,134,66.19457697868347
paper,100,1500000.0,4,5,exclude,per_leg_sa,1.0,kernel,15.0,43200,650096.546525909,556581.3056856098,93515.2408402992,2584,0,0.0,0,4.716895252054816,8.902287233573896,8146.821061143593,2231.5495967310408,3.65074613312549,2.0135009785014066,308.1552700269925,0.049565661727133364,0.0,0.0,2.0155056027455265,14.447761194029852,0.5291529152915292,1717.629200172642,134,67.8606629371643
paper,100,1500000.0,4,1,exclude,per_leg_sa,1.0,kernel,15.0,43200,649515.8037830025,559651.7616329916,89864.04215001097,2471,0,0.0,0,4.704263543576533,7.92849008853178,8169.591647266075,2505.0201584576694,3.2612877863210725,2.01399449269286,308.45544936343543,0.032327586206896554,0.0,0.0,2.013923236345216,13.708955223880597,0.5342136854741897,1796.325636620439,134,70.4907603263855
paper,100,1500000.0,4,12,exclude,per_leg_sa,1.0,kernel,15.0,43200,745823.389267116,611412.2897196014,134411.09954751466,2592,0,0.0,0,4.442264204156416,10.896760590786004,8671.083820102498,1824.1213838286017,4.753567332182128,2.0123746948949437,307.47075685908897,0.04884318766066838,0.0,0.0,2.0268721412362134,14.473684210526315,0.515832482124617,1725.1802086403295,133,70.52558398246765
paper,100,1500000.0,4,4,exclude,per_leg_sa,1.0,kernel,15.0,43200,711143.7752096433,581308.1206893246,129835.65452031863,2782,0,0.0,0,4.769804670462605,12.799855239755646,8052.7543083059945,1552.9332465135894,5.185512208193636,2.0123436401867805,307.45189374798645,0.05440539239287434,0.0,0.0,2.0302541233211584,15.473684210526315,0.5171696149843913,1620.0088394469572,133,75.82111263275146
paper,100,1500000.0,4,11,exclude,per_leg_sa,1.0,kernel,15.0,43200,628546.1305534004,533194.0748580031,95352.05569539733,2712,0,0.0,0,4.559053205441548,13.770832359906887,8440.41818863996,1443.316945475474,5.847931194252985,2.012510196234955,307.5530692439242,0.06636948984645864,0.0,0.0,2.028885651117924,15.007518796992482,0.5252643948296122,1663.647737516332,133,76.47433161735535
paper,100,1500000.0,4,10,exclude,per_leg_sa,1.0,kernel,15.0,43200,653355.5384011567,543796.8831959448,109558.65520521188,2787,0,0.0,0,5.240538724622278,9.925679319994865,7299.469724120093,2002.1759041870819,3.645768440652473,2.0127856201189256,307.720413695903,0.051536643026004726,0.0,0.0,2.0191123229349492,15.646616541353383,0.5209251101321586,1589.0761715078286,133,77.77961826324463
paper,100,1500000.0,4,7,exclude,per_leg_sa,1.0,kernel,15.0,43200,659057.6601238472,526376.2080428326,132681.45208101464,2797,0,0.0,0,5.218509503934779,11.882469030311581,7331.690553245741,1672.1819966886403,4.3845051362617316,2.013120433035169,307.92390355001044,0.05701964542405367,0.0,0.0,2.0191257396414666,15.425373134328359,0.503690036900369,1611.3180850842848,134,77.94991874694824
paper,100,1500000.0,4,6,exclude,per_leg_sa,1.0,kernel,15.0,43200,657763.172314046,546280.0418450076,111483.13046903844,2657,0,0.0,0,4.756459715300161,8.510470498940244,8076.28272445257,2333.659294491412,3.4607805618911827,2.0140440722781956,308.4856141567639,0.04110275689223058,0.0,0.0,2.017272545596559,14.753731343283581,0.5331325301204819,1677.0731204391373,134,79.1817238330841
paper,100,1500000.0,4,3,exclude,per_leg_sa,1.0,kernel,15.0,43200,623583.2538822173,512559.62824662105,111023.62563559628,2866,0,0.0,0,5.054127002413989,11.17847586476503,7580.990936890765,1778.2703265864782,4.263126265759064,2.012239251389988,307.38849061636904,0.04950957496496964,0.0,0.0,2.0219695254441965,15.813432835820896,0.520174482006543,1569.6378375166714,134,80.25529074668884
paper,100,1500000.0,4,8,exclude,per_leg_sa,1.0,kernel,15.0,43200,642901.736361918,534917.9974799864,107983.73888193164,2781,0,0.0,0,4.788543228013972,16.37546124430448,8019.937817272908,1214.1272297383316,6.605516803211278,2.011880820544743,307.17083849589073,0.05200381679389313,0.0,0.0,2.028656383826947,15.598484848484848,0.5730858468677494,1598.5645833960393,132,80.65283250808716
paper,100,1500000.0,4,2,exclude,per_leg_sa,1.0,kernel,15.0,43200,637483.8409965346,535812.8823202025,101670.95867633203,2916,0,0.0,0,4.539162858794823,13.539727842455962,8478.86425558954,1468.2986397164095,5.774618341420767,2.0120355972307897,307.2648150186844,0.06,0.0,0.0,2.0262205577512105,16.338345864661655,0.5921052631578947,1531.6189011754022,133,81.91460108757019
paper,100,1500000.0,4,9,exclude,per_leg_sa,1.0,prior,5.0,43200,592785.9690467654,570119.1326933342,22666.8363534311,2388,0,0.0,0,4.740333835912077,8.03081366348137,8104.8909320055,2473.878309264432,3.276188202812352,2.013363121106157,308.0714445654038,0.03095632946379215,0.0,0.0,2.022401812432315,13.365671641791044,0.15575620767494355,1858.565118796363,134,57.16658568382263
paper,100,1500000.0,4,5,exclude,per_leg_sa,1.0,prior,5.0,43200,556172.0956707187,535207.0635859715,20965.03208474728,2540,0,0.0,0,4.716895252054816,9.077147994065243,8146.821061143593,2188.7810836054914,3.7220812634782376,2.0132988635111984,308.0323760379259,0.04659685863874346,0.0,0.0,2.0209475996328345,14.007407407407408,0.18875927889713678,1761.7350059692833,135,57.939449310302734
paper,100,1500000.0,4,6,exclude,per_leg_sa,1.0,prior,5.0,43200,544721.0396444994,519619.1275017389,25101.912142760473,2637,0,0.0,0,4.756459715300161,8.277285648961142,8076.28272445257,2399.2145624480145,3.366219449840291,2.014201706550333,308.5815304708822,0.02472250252270434,0.0,0.0,2.020632879788773,14.64179104477612,0.16304347826086957,1695.7768327493582,134,59.0123872756958
paper,100,1500000.0,4,1,exclude,per_leg_sa,1.0,prior,5.0,43200,544336.1938448668,522938.1299256524,21398.06391921439,2465,0,0.0,0,4.704263543576533,7.864186673519872,8169.591647266075,2525.5104605217007,3.234827879342247,2.013988590007238,308.45185819946005,0.03160149973219068,0.0,0.0,2.0201175008129786,13.781954887218046,0.19196865817825662,1802.995812139667,133,59.810725688934326
paper,100,1500000.0,4,7,exclude,per_leg_sa,1.0,prior,5.0,43200,536372.7626644088,510270.0639919978,26102.698672410937,2783,0,0.0,0,5.218509503934779,10.890844305059158,7331.690553245741,1824.244954170231,4.01902745378874,2.0133314989911506,308.05221805429545,0.0548604427333975,0.0,0.0,2.020819579804201,15.365671641791044,0.16349047141424272,1613.463369164815,134,61.11638641357422
paper,100,1500000.0,4,11,exclude,per_leg_sa,1.0,prior,5.0,43200,515774.65208434,496378.984956818,19395.66712752201,2747,0,0.0,0,4.559053205441548,15.589886765321632,8440.41818863996,1275.1124799279794,6.619351877974474,2.0121879051314906,307.35730658834274,0.06246949731576379,0.0,0.0,2.0254015043066156,15.14179104477612,0.17951541850220265,1642.0385965967096,134,61.35716915130615
paper,100,1500000.0,4,12,exclude,per_leg_sa,1.0,prior,5.0,43200,583853.4529859748,557797.8710757573,26055.581910217534,2673,0,0.0,0,4.442264204156416,11.716692487566789,8671.083820102498,1696.7079613273793,5.110534056384624,2.012092128001932,307.2991426690438,0.052788844621513946,0.0,0.0,2.0220755038875713,14.843283582089553,0.16,1676.8310697488514,134,62.885687828063965
paper,100,1500000.0,4,8,exclude,per_leg_sa,1.0,prior,5.0,43200,514727.44543265185,495315.8651652027,19411.58026744915,2866,0,0.0,0,4.788543228013972,17.491759380166283,8019.937817272908,1136.6915579534766,7.055509263843019,2.0117956385282936,307.119124243463,0.06412639405204461,0.0,0.0,2.026925145877472,15.93984962406015,0.2165680473372781,1565.9555937865027,133,62.98226618766785
paper,100,1500000.0,4,10,exclude,per_leg_sa,1.0,prior,5.0,43200,545162.0261696549,524340.9409284147,20821.085241240216,2785,0,0.0,0,5.240538724622278,10.099280541693469,7299.469724120093,1967.6008553835559,3.7098325629143747,2.012947982675806,307.8190846820956,0.03712517848643503,0.0,0.0,2.0230379599091437,15.507462686567164,0.19111111111111112,1602.2565944768405,134,63.31527900695801
paper,100,1500000.0,4,4,exclude,per_leg_sa,1.0,prior,5.0,43200,576026.7892725585,551364.8629010471,24661.926371511443,2843,0,0.0,0,4.769804670462605,13.479921279042353,8052.7543083059945,1474.6931338631252,5.460630502300432,2.0121992238861037,307.36418065068915,0.0764872521246459,0.0,0.0,2.0222668719003036,15.671641791044776,0.20491803278688525,1582.0208678972804,134,63.91973614692688
paper,100,1500000.0,4,3,exclude,per_leg_sa,1.0,prior,5.0,43200,505956.75949120516,485721.02311848156,20235.736372723568,2883,0,0.0,0,5.054127002413989,11.91994875051338,7580.990936890765,1667.7397552787963,4.545667819511474,2.0121359553392635,307.3257576271572,0.053694355208811384,0.0,0.0,2.0218675500631735,16.2406015037594,0.20634920634920634,1533.458934465342,133,64.59869909286499
paper,100,1500000.0,4,2,exclude,per_leg_sa,1.0,prior,5.0,43200,545434.1528829449,523870.6866480999,21563.466234844964,2862,0,0.0,0,4.539162858794823,11.727947105453186,8478.86425558954,1694.7868594094675,5.002908895897341,2.0124398322062214,307.5103241513286,0.05329593267882188,0.0,0.0,2.02374902613075,15.93984962406015,0.24021739130434783,1560.8288504208087,133,64.65144634246826
paper,100,1500000.0,4,9,exclude,per_leg_sa,1.0,kernel,5.0,43200,614386.2266156508,593099.5877306301,21286.638885020766,2430,0,0.0,0,4.740333835912077,8.13929676968806,8104.8909320055,2440.9532015270834,3.3203794841027694,2.013323925251483,308.0476132461219,0.04515418502202643,0.0,0.0,2.0233822603054015,13.388059701492537,0.19146608315098468,1851.7950115978126,134,41.97546124458313
paper,100,1500000.0,4,1,exclude,per_leg_sa,1.0,kernel,5.0,43200,561972.832949616,543989.5965072268,17983.236442389192,2469,0,0.0,0,4.704263543576533,7.9552868472668505,8169.591647266075,2496.649642645907,3.272221903994539,2.013940083991053,308.4223481771352,0.04008551576696953,0.0,0.0,2.014001968096106,13.783582089552239,0.21544209215442092,1793.5554230138698,134,44.74964761734009
paper,100,1500000.0,4,5,exclude,per_leg_sa,1.0,kernel,5.0,43200,558698.7321774132,538655.5061644176,20043.226012995554,2579,0,0.0,0,4.716895252054816,8.676991328342782,8146.821061143593,2289.4711577573903,3.5583855396211512,2.013518624877877,308.1660008923028,0.037383177570093455,0.0,0.0,2.0175479683995654,14.17910447761194,0.2010989010989011,1744.2247125775389,134,46.66833209991455
paper,100,1500000.0,4,11,exclude,per_leg_sa,1.0,kernel,5.0,43200,535007.3144850997,512936.0699499752,22071.244535124537,2751,0,0.0,0,4.559053205441548,14.775329869839242,8440.41818863996,1345.3537850685966,6.273753626975972,2.0122702235605168,307.4073016521777,0.07863000482392668,0.0,0.0,2.0303411645880707,15.446969696969697,0.20857142857142857,1612.8328243425622,132,47.758811950683594
paper,100,1500000.0,4,12,exclude,per_leg_sa,1.0,kernel,5.0,43200,602491.3178261047,581185.5481895234,21305.769636581354,2702,0,0.0,0,4.442264204156416,11.343039304462362,8671.083820102498,1752.480873226501,4.9478907031596435,2.0122283696208796,307.38188167960317,0.06354679802955665,0.0,0.0,2.024994246649942,15.075187969924812,0.20964360587002095,1653.6636619124638,133,48.32091236114502
paper,100,1500000.0,4,6,exclude,per_leg_sa,1.0,kernel,5.0,43200,554151.097876464,536399.4855338105,17751.612342653545,2689,0,0.0,0,4.756459715300161,8.333899381097,8076.28272445257,2383.0367642542315,3.3890718118988117,2.0140998454698282,308.5195489745787,0.0436291522062469,0.0,0.0,2.021293387382609,14.8,0.2161849710982659,1668.121720767699,135,48.42311120033264
paper,100,1500000.0,4,7,exclude,per_leg_sa,1.0,kernel,5.0,43200,552332.0901825781,527918.9290046624,24413.16117791572,2778,0,0.0,0,5.218509503934779,11.603300085829316,7331.690553245741,1712.3571266727415,4.281636370732928,2.0131870197131088,307.9643810745393,0.059894585529468136,0.0,0.0,2.0235695118366435,15.373134328358208,0.2286527514231499,1610.6047740901815,134,48.819358110427856
paper,100,1500000.0,4,4,exclude,per_leg_sa,1.0,kernel,5.0,43200,595087.0507635538,570605.2955146609,24481.75524889282,2749,0,0.0,0,4.769804670462605,12.527395901584699,8052.7543083059945,1586.6676530149882,5.07526216533383,2.012394959006066,307.48306590626834,0.05979581915410792,0.0,0.0,2.034145664375209,15.401515151515152,0.21121121121121122,1628.5843210276696,132,49.293994665145874
paper,100,1500000.0,4,3,exclude,per_leg_sa,1.0,kernel,5.0,43200,539765.6201132828,515637.90816330013,24127.711949982706,2832,0,0.0,0,5.054127002413989,11.66173125030313,7580.990936890765,1704.6349501673508,4.44728118248808,2.012174190223498,307.34897740637837,0.0475517890772128,0.0,0.0,2.0239066798110548,15.842105263157896,0.22448979591836735,1571.0120073545738,133,50.22516965866089
paper,100,1500000.0,4,10,exclude,per_leg_sa,1.0,kernel,5.0,43200,551553.6639011573,530336.8621085389,21216.801792618495,2814,0,0.0,0,5.240538724622278,9.927516978313317,7299.469724120093,2001.790109012254,3.646471071695863,2.012800880789393,307.7296872383309,0.05116058739933681,0.0111731843575419,0.0,2.019840161130829,15.57037037037037,0.18551042810098792,1585.9960956179045,135,51.61467695236206
paper,100,1500000.0,4,8,exclude,per_leg_sa,1.0,kernel,5.0,43200,538893.1348607105,517614.38684178254,21278.748018927934,2890,0,0.0,0,4.788543228013972,18.257390240726362,8019.937817272908,1089.0356868675178,7.36425620756406,2.0117739552330844,307.10596094639993,0.062385321100917435,0.0,0.0,2.025466570030749,16.24812030075188,0.20584926884139482,1534.7072419915928,133,51.783968448638916
paper,100,1500000.0,4,2,exclude,per_leg_sa,1.0,kernel,5.0,43200,545713.1385868798,526006.3016002899,19706.836986589908,3055,0,0.0,0,4.539162858794823,13.397717409694954,8478.86425558954,1483.8990095015788,5.713909235937474,2.0119854381154214,307.2343580872983,0.07445887445887446,0.0,0.0,2.026320095894651,17.203007518796994,0.22580645161290322,1445.5857164928561,133,53.861578702926636
