n,d_first,d_last,d_mean,d_centroid,tour_len,hop,Rg2,E_excursion,E_tour,E_hover,M,Emax,K,seed,uniform_w
18,322.0643555757218,121.75443024662259,303.14637234579783,209.8301361803235,1609.1889404532862,94.65817296784037,55147.20400301527,3328.6408936675825,12068.917053399648,527.6895880565021,50,50000,2,4474730,1
16,648.1678268316606,152.4944418427394,370.8050928532621,306.5571652379574,1461.3052578742195,97.42035052494796,66393.86578983281,6004.9670150580005,10959.789434056645,537.2215087319445,50,50000,2,4474730,1
21,561.7906297985179,107.88394399518006,297.1794103189021,90.82774217674744,1822.1802920139417,91.10901460069708,88158.60650275555,5022.559303452735,13666.352190104562,554.9612603471148,50,50000,2,9944578,1
17,523.333861781804,172.5437409334057,417.86875897598395,248.68398505370473,1672.9263414742948,104.55789634214342,123085.6060491731,5219.082020364073,12546.94756105721,505.92286489481637,50,50000,2,9944578,1
21,168.10777912304764,155.49351903369484,329.1500105635796,302.58739678783866,1702.3214682249031,85.11607341124515,28617.064206163133,2427.0097361755684,12767.411011686774,656.0901686413627,50,50000,2,9925823,1
11,631.1542508982312,194.15735081237236,358.749174499711,259.04372765771325,1546.178785919714,154.61787859197142,80140.03083168181,6189.837012829526,11596.340894397856,237.6959067774504,50,50000,2,9925823,1
16,544.0113542309882,67.78415834045411,425.12268097798983,312.9320303139579,1819.8402879080813,121.32268586053875,109038.48487785351,4588.466344285818,13648.80215931061,416.2122694867684,50,50000,2,3820097,1
18,399.83554624440177,80.38001333038373,268.82186402431324,168.8079135336454,1749.4080817677996,102.90635775104704,56100.3587930453,3601.6166968108914,13120.560613258496,543.1225129947663,50,50000,2,3820097,1
22,412.5985585062587,68.08890671666794,380.00780484967834,246.72232068068715,1849.656542249517,88.07888296426272,93168.70220182539,3605.15598917195,13872.424066871377,610.6589006665207,50,50000,2,9535879,1
10,552.4027285318269,133.70431831584054,362.9551211332662,279.0624564209143,1192.88628663789,132.54292073754334,75747.31361427253,5145.8028513575055,8946.647149784174,314.78072889594495,50,50000,2,9535879,1
13,448.2547652858508,87.59077363878522,280.48839808604674,241.55667655129835,1535.400585086947,127.9500487572456,43902.38047384284,4018.8415419347702,11515.504388152103,330.51689742602156,50,50000,2,8271480,1
19,328.05451314055637,78.18233191857247,384.9401830169231,329.82238820660336,1821.798305124812,101.21101695137844,61568.740850731265,3046.7763379434664,13663.48728843609,579.7095884536519,50,50000,2,8271480,1
15,569.6356332770564,90.41342549758544,412.67122482296367,328.8478898107993,1842.598300842871,131.61416434591936,80031.90992347932,4950.367940809813,13819.487256321532,482.35012277547565,50,50000,2,6394530,1
17,261.8648963939742,94.30083071389777,312.5490721308676,204.5061833451957,1795.7083424137636,112.23177140086023,72514.9557759796,2671.24295330904,13467.812568103227,503.33756805861094,50,50000,2,6394530,1
17,183.60918731452415,93.44020521751663,343.4358615106062,295.8439778340422,1693.0321186180227,105.81450741362642,52134.974989419774,2077.870443990306,12697.74088963517,438.9384856507045,50,50000,2,8372552,1
16,381.69059191975776,95.57982979947124,407.9495097293922,321.3006401176804,1721.7478103500032,114.78318735666689,80075.20994360224,3579.5281628942175,12913.108577625024,418.8572935343792,50,50000,2,8372552,1
13,185.14879995759392,121.75443024662259,292.6838847832712,218.33267135982072,1418.8512690123462,118.23760575102885,45719.101185467094,2301.7742265316238,10641.384517592596,416.87760104347024,50,50000,3,4474730,1
15,493.6890990026389,152.4944418427394,404.9667459360951,316.04330593594096,1434.6999969008193,102.47857120720138,74960.7322707247,4846.376556340337,10760.249976756146,397.31293231615075,50,50000,3,4474730,1
18,322.0643555757218,156.76310920803283,361.16564127935754,325.98180257310094,1467.9635106906032,86.35079474650607,39018.09023759266,3591.20598587816,11009.726330179525,517.443473176288,50,50000,3,4474730,1
18,462.38093174941343,107.88394399518006,331.5373408670572,238.26443972596692,1391.3989084445177,81.84699461438339,63447.33623901427,4276.986568084451,10435.491813333883,429.69819638072175,50,50000,3,9944578,1
14,376.77545738431616,172.5437409334057,399.78363434923045,335.0343507776635,1182.260325151478,90.94310193472907,58080.30025605209,4119.893987382914,8866.952438636084,426.73879286108536,50,50000,3,9944578,1
15,211.01134558364893,178.28375377544987,353.08106653769676,273.72777514807007,1548.7503523496293,110.62502516783067,65258.6022171974,2919.713245193241,11615.62764262222,401.0882591347643,50,50000,3,9944578,1
13,286.8901728291016,155.49351903369484,319.53545807607344,293.76478537022433,1478.3740018161195,123.19783348467662,26389.825395779808,3317.877688970973,11087.805013620897,346.4343243945311,50,50000,3,9925823,1
9,631.1542508982312,194.15735081237236,347.45131247906215,251.23730777200018,1214.5123317201844,151.81404146502305,79323.31567233494,6189.837012829526,9108.842487901384,180.27454196906524,50,50000,3,9925823,1
13,376.7124251353017,168.10777912304764,334.79462222141774,271.0124954672296,1514.4537339801911,126.2044778316826,47506.14880578496,4086.1515319376203,11358.403004851434,471.0199638598659,50,50000,3,9925823,1
13,396.35804276918094,67.78415834045411,407.0890018838103,365.03350497414425,1373.1860564024291,114.4321713668691,62835.86210870499,3481.066508322263,10298.895423018219,364.5507394118012,50,50000,3,3820097,1
15,584.7428631912446,80.38001333038373,288.9237123696706,240.30365044666303,1354.030127704897,96.71643769320693,46916.47492514936,4988.421573912212,10155.225957786728,390.7383943338862,50,50000,3,3820097,1
13,483.8935970769919,101.20365172999608,353.4934819133184,200.6825884004436,1576.229801680067,131.35248347333894,97751.3598848482,4388.22936605241,11821.723512600503,381.3545843702666,50,50000,3,3820097,1
14,640.978558427567,68.08890671666794,376.3873607313021,354.1612343839922,1391.1079480550736,107.00830369654412,34857.080391382995,5318.005988581762,10433.309610413053,383.0253297914179,50,50000,3,9535879,1
10,552.4027285318269,133.70431831584054,362.9551211332662,279.0624564209143,1192.88628663789,132.54292073754334,75747.31361427253,5145.8028513575055,8946.647149784174,314.78072889594495,50,50000,3,9535879,1
16,612.2964060742055,144.21180827286344,363.63287031444344,315.24698402566116,1187.9636421908572,79.19757614605714,53826.25289387811,5673.811607603017,8909.727316431428,477.3669973540979,50,50000,3,9535879,1
12,448.2547652858508,73.42751706538117,296.56320012331855,268.82776988431146,1418.6367972129817,128.9669815648165,37865.29400218831,3912.6171176342395,10639.775979097363,295.12686825586013,50,50000,3,8271480,1
13,643.7331655318559,78.18233191857247,418.8322840334692,406.3407022558158,1074.2905629654383,89.52421358045319,38389.29417563434,5414.366230878212,8057.179222240788,414.15660263871246,50,50000,3,8271480,1
16,306.3194098665878,87.59077363878522,295.13766188968594,237.34163176651163,1675.618779921745,111.70791866144967,39292.04532911822,2954.3263762902975,12567.140849413088,412.2761015354325,50,50000,3,8271480,1
14,258.6029381944674,90.41342549758544,384.20153348035683,324.18206753761973,1780.4428536324983,136.95714258711524,60246.6398633995,2617.6227276903965,13353.321402243737,472.55517700307746,50,50000,3,6394530,1
12,226.71847669953874,94.30083071389777,301.7193241613051,214.301219859846,1642.5100264524801,149.31909331386183,65006.640022918196,2407.644805600774,12318.8251983936,359.6552362184051,50,50000,3,6394530,1
17,471.86679668558844,116.42997160506894,319.06880185459914,263.7384257472078,1447.7889424486966,90.48680890304354,40838.20386067846,4412.225762179931,10858.417068365225,484.8230329703072,50,50000,3,6394530,1
13,381.69059191975776,93.44020521751663,424.26920976937487,366.2541104966563,1539.7779261246565,128.3148271770547,64999.634740083726,3563.480978529558,11548.334445934923,339.17860990495024,50,50000,3,8372552,1
11,481.6988220573506,95.57982979947124,417.9644769060985,388.1299598988464,1554.1478261312993,155.41478261312994,54678.847272625004,4329.589888926164,11656.108695984745,323.432342371431,50,50000,3,8372552,1
15,183.60918731452415,131.7353038112792,370.28073601123396,342.9414600268489,1445.126289253962,103.223306375283,37662.951150492554,2365.0836834435254,10838.447169404715,404.7044147176618,50,50000,3,8372552,1
7,393.7897256104818,121.75443024662259,304.7697934772129,266.0546629747209,853.3721192250293,142.2286865375049,30223.125953110983,3866.581168928283,6400.29089418772,194.29065102933234,50,50000,4,4474730,1
10,427.89381258069847,152.4944418427394,369.2649415834453,329.66488602826576,939.2663132427795,104.36292369364216,39321.68683980995,4352.9119081757835,7044.497349320846,286.20382675748306,50,50000,4,4474730,1
11,322.0643555757218,156.76310920803283,351.5072069780095,327.5255161427326,1032.3337696776757,103.23337696776757,31500.008568890797,3591.20598587816,7742.503272582568,316.11160074871134,50,50000,4,4474730,1
13,514.1911646904704,179.34654506109607,331.22340108556665,326.64739025764277,721.1578527503104,60.09648772919254,16037.423814245687,5201.532823136748,5408.683895627329,423.91882244171455,50,50000,4,4474730,1
15,327.7691029483284,107.88394399518006,292.25396280794615,228.71677768030096,1130.3653854086292,80.74038467204494,37068.48396841281,3267.3978520763135,8477.740390564719,364.03319491075615,50,50000,4,9944578,1
11,537.4646896371733,172.5437409334057,393.7267212431956,361.43913750620237,871.537075842295,87.15370758422951,36769.617733086394,5325.0632292793425,6536.528068817213,364.7308799268559,50,50000,4,9944578,1
8,541.5831339200857,178.28375377544987,346.91459573526936,308.1240303267712,765.8695098673813,109.40992998105447,44953.119573446194,5399.001657716517,5744.02132400536,232.42955497716108,50,50000,4,9944578,1
7,568.9373098939302,211.01134558364893,360.128461740471,337.42819782991796,694.3522015956221,115.72536693260368,26661.376375621338,5849.614916081843,5207.641511967166,168.6587041576032,50,50000,4,9944578,1
9,407.3196494864211,155.49351903369484,360.43977864943736,331.4137249579295,893.6378368136396,111.70472960170495,34562.75475576297,4221.09876390087,6702.283776102297,223.4979617441325,50,50000,4,9925823,1
8,468.8614542363497,156.67658528882106,334.8078294670322,254.25577795301106,1019.27322532929,145.61046076132715,58835.37317121585,4691.53529643878,7644.549189969674,159.05584121981758,50,50000,4,9925823,1
12,424.91641778101825,168.10777912304764,366.5520673842259,346.92709489517887,943.3535112717241,85.75941011561127,25959.822534811785,4447.681476780494,7075.151334537931,361.59001376274443,50,50000,4,9925823,1
11,374.04770906570695,187.75220517590407,298.9609198416887,260.65342808613707,783.7559669243342,78.37559669243342,25980.173231839937,4213.499356812083,5878.169751932506,376.29485174952026,50,50000,4,9925823,1
9,578.3780964047762,67.78415834045411,340.64076088950395,321.8388263346128,887.7958117739978,110.97447647174972,37809.06269042496,4846.216910589228,6658.468588304983,274.86495240211786,50,50000,4,3820097,1
7,638.5495925759877,80.38001333038373,319.75272053615225,309.0758211953775,875.9434267342551,145.99057112237585,46632.741222449185,5391.972044297786,6569.575700506914,116.33552940203089,50,50000,4,3820097,1
10,259.69515113543486,101.20365172999608,313.71460695404346,283.5883912517838,1088.9221906944347,120.99135452160385,30635.19692105996,2706.741021490732,8166.91643020826,348.9990645177263,50,50000,4,3820097,1
11,515.0361986011008,154.69714300549947,349.0943809340763,340.54781746367604,959.0083264695904,95.90083264695905,25169.91680631668,5023.000062049502,7192.562448521929,278.63944712187777,50,50000,4,3820097,1
13,351.9787748578274,68.08890671666794,356.0341916777433,351.3345374207192,954.7031278385193,79.55859398654327,17576.976067752657,3150.5076118087145,7160.273458788895,335.4364563322533,50,50000,4,9535879,1
8,375.23429866576856,133.70431831584054,311.7865581536894,252.97650312799584,1045.7270628321476,149.38958040459252,47358.309575418374,3817.0396273620686,7842.952971241107,242.35226972436172,50,50000,4,9535879,1
7,673.4826959658393,144.21180827286344,418.6410568062275,412.71374792100085,741.4532800182282,123.57554666970469,35858.465041102034,6132.70878179027,5560.899600136711,172.67055302492778,50,50000,4,9535879,1
12,394.12950075654675,164.3256976217847,355.9750637944264,326.0618360678251,865.6324837587097,78.6938621598827,31474.296212749472,4188.413987837486,6492.243628190323,357.270050180909,50,50000,4,9535879,1
6,448.2547652858508,73.42751706538117,332.08965929227827,304.51193430104104,982.0198909740482,196.40397819480964,42841.183080899675,3912.6171176342395,7365.149182305361,130.8207645663328,50,50000,4,8271480,1
11,560.4781541303968,78.18233191857247,377.9053296840893,364.1517811630999,935.8620310893065,93.58620310893065,32505.629899252493,4789.953645367269,7018.965233169799,351.5492216904403,50,50000,4,8271480,1
11,372.99706511778965,87.59077363878522,315.152364359253,297.9532412751943,994.433184685874,99.4433184685874,21089.85228457743,3454.4087906743116,7458.248885144056,295.2565545052478,50,50000,4,8271480,1
9,399.75750793389335,101.96101676663248,312.3305226576643,261.761094066356,1132.80124352362,141.6001554404525,45386.74198747123,3762.888935253944,8496.00932642715,238.59220238097558,50,50000,4,8271480,1
8,289.6522545223419,90.41342549758544,372.3494805506786,354.75482793439585,1169.4237463979057,167.0605351997008,30986.47910253505,2850.4926001494546,8770.678097984293,283.2181283831665,50,50000,4,6394530,1
6,418.4968447042349,94.30083071389777,320.9879850453678,297.74885669966733,1048.6219999461978,209.72439998923954,29818.63301300563,3845.9825656359953,7864.6649995964835,158.93552797973408,50,50000,4,6394530,1
13,219.80313905065498,116.42997160506894,272.3331025765286,215.0771924411047,1234.7415737456934,102.89513114547445,34970.42880292589,2521.7483299179294,9260.5618030927,330.6019206720406,50,50000,4,6394530,1
8,569.6356332770564,137.39439692843226,312.24190468279176,243.96002415133188,823.4968984102921,117.64241405861317,58056.21967326128,5302.725226541164,6176.226738077191,271.22363500065035,50,50000,4,6394530,1
10,381.69059191975776,93.44020521751663,412.6367275920238,377.56824955446666,1156.4170623749426,128.49078470832694,51346.47598132192,3563.480978529558,8673.12796781207,240.7311857383439,50,50000,4,8372552,1
7,389.57999624100347,95.57982979947124,365.3397389090109,330.64643533253604,1061.7214148314047,176.95356913856745,39845.81306019396,3638.6986953035607,7962.910611235535,196.04478166097527,50,50000,4,8372552,1
11,279.86735252790993,131.7353038112792,348.8625388733938,322.9639811069462,1161.7881293695636,116.17881293695636,31650.062271721356,3087.0199225439187,8713.410970271727,322.7567247436597,50,50000,4,8372552,1
7,420.8673702875168,178.52631148246334,476.7492426956136,471.9248318328746,842.2820622184639,140.38034370307733,32128.257383512482,4495.4526132748515,6317.115466638479,200.68141524293543,50,50000,4,8372552,1
6,359.484136657431,121.75443024662259,289.93313812166815,272.68331577759625,652.3606815805917,130.47213631611834,17641.662548126445,3609.289251780402,4892.705111854438,146.1671466696852,50,50000,5,4474730,1
7,447.5720860245711,152.4944418427394,341.6466880693464,334.5628958109702,613.31435544325,102.21905924054165,18854.719483908706,4500.498959004828,4599.857665824375,198.28900946578634,50,50000,5,4474730,1
7,522.5906904795768,156.76310920803283,295.18893297144444,284.41866304367153,582.0279787113778,97.00466311856297,20051.218969676578,5095.153497657072,4365.209840335334,198.35708247790382,50,50000,5,4474730,1
7,508.13745616678546,179.34654506109607,312.1404115292231,307.4647996986862,443.8444510122281,73.97407516870469,18193.101862876767,5156.130009209111,3328.8333825917107,190.17008344790264,50,50000,5,4474730,1
11,466.1570890651071,185.14879995759392,381.4466360684744,376.67633192647247,532.7148715737735,53.27148715737735,12827.569106030916,4884.794167670258,3995.3615368033015,398.76524705487657,50,50000,5,4474730,1
9,458.88972573448643,107.88394399518006,292.27240157468026,283.49657584059486,662.6542433685222,82.83178042106528,13266.352638915601,4250.802522972499,4969.906825263916,185.4909173704391,50,50000,5,9944578,1
9,435.6026872856204,172.5437409334057,371.1790805361252,367.2326266317778,664.8140222955572,83.10175278694464,14906.058650303661,4561.098211642696,4986.105167216679,293.81311029421823,50,50000,5,9944578,1
9,390.7004018893796,178.28375377544987,309.0257454829318,272.51371638415156,687.3992145721941,85.92490182152426,24956.213974079932,4267.381167486221,5155.494109291456,233.8986846113832,50,50000,5,9944578,1
6,347.91725061432066,211.01134558364893,325.32698704822786,316.0527592439224,420.2628688088181,84.05257376176363,10101.402186841693,4191.964471484772,3151.971516066136,154.4580891373594,50,50000,5,9944578,1
5,447.4732599469257,212.9800233295434,298.73184967762023,283.55125416764474,434.43672555146475,108.60918138786619,15287.126573894016,4953.399624573518,3258.2754416359858,157.88780545041766,50,50000,5,9944578,1
5,557.3459650034778,155.49351903369484,375.5646678832696,364.49550768025694,498.1841337289128,124.5460334322282,27717.911573923666,5346.296130278794,3736.381002966846,132.3709875505226,50,50000,5,9925823,1
6,459.60054587226546,156.67658528882106,305.481459394101,244.40781436519373,696.3805658397454,139.27611316794906,44616.09958218044,4622.078483708149,5222.8542437980905,121.9130355556197,50,50000,5,9925823,1
9,468.327980434802,168.10777912304764,332.5159250716754,317.0985031912563,595.8108416733662,74.47635520917078,20844.082806865175,4773.268196683873,4468.581312550246,290.778923301563,50,50000,5,9925823,1
9,374.04770906570695,187.75220517590407,294.06455309350804,263.7720505128481,697.4196941953654,87.17746177442068,22309.160218101097,4213.499356812083,5230.647706465241,327.0047244295331,50,50000,5,9925823,1
7,407.3196494864211,194.15735081237236,400.2249022831628,394.6755673785863,551.2246073086801,91.87076788478002,14673.496641374428,4511.077502240951,4134.1845548151005,162.15253504969544,50,50000,5,9925823,1
8,464.9263650490422,67.78415834045411,310.92359395009487,299.93150896305076,720.2487411905216,102.89267731293167,27288.891561270153,3995.3289254212223,5401.865558928912,241.27421319911605,50,50000,5,3820097,1
5,396.35804276918094,80.38001333038373,207.03253535670538,199.23275984052276,515.1608787442839,128.79021968607097,14037.166925870924,3575.5354207467353,3863.706590582129,83.54869741578628,50,50000,5,3820097,1
6,399.83554624440177,101.20365172999608,332.0081661149135,326.5059534202906,668.445817039762,133.6891634079524,23264.19208831954,3757.7939848079836,5013.343627798215,201.28902539550288,50,50000,5,3820097,1
8,483.8935970769919,154.69714300549947,365.3257959755807,360.16839679995365,621.9663719167994,88.85233884525705,20697.286835088922,4789.430550618686,4664.747789375995,188.76929885867696,50,50000,5,3820097,1
7,400.3309092508545,162.47980185386686,278.2605151387002,259.4953644585046,650.4751136819428,108.41251894699047,14887.566118890985,4221.08033328541,4878.563352614571,251.43087802145706,50,50000,5,3820097,1
10,454.1732999172119,68.08890671666794,335.7468951454572,332.6130558757051,766.6305889468165,85.18117654964628,17941.565588189238,3916.9665497540987,5749.7294171011235,247.50878358476913,50,50000,5,9535879,1
7,375.23429866576856,133.70431831584054,277.4128195282412,235.1482178511711,782.747870341521,130.4579783902535,28375.971526116853,3817.0396273620686,5870.609027561407,200.90210463545867,50,50000,5,9535879,1
6,530.8307760638941,144.21180827286344,376.1674502796255,369.84348344470976,562.521908727612,112.5043817455224,28175.594017365307,5062.819382525681,4218.914315457089,136.79754965531131,50,50000,5,9535879,1
7,394.12950075654675,164.3256976217847,340.9978544509886,310.4026674103044,561.9349730189504,93.65582883649172,30995.801850257645,4188.413987837486,4214.512297642128,168.38428786402392,50,50000,5,9535879,1
5,445.84656113579354,177.73376928315636,376.9431568752393,369.47070178964566,422.72904097913363,105.68226024478341,15905.016785510676,4676.852478142124,3170.467807343502,188.8857623168851,50,50000,5,9535879,1
7,507.1219990474286,73.42751706538117,329.41790011671213,325.5422363998943,649.3161448419374,108.21935747365625,37615.88828142562,4354.121370846074,4869.871086314531,247.06724481904962,50,50000,5,8271480,1
6,376.968602285287,101.96101676663248,317.8414872833902,297.7036354162327,753.476819690835,150.695363938167,31966.61813879789,3591.972142889396,5651.076147681262,190.64644078229028,50,50000,5,8271480,1
9,462.2280325619515,87.59077363878522,311.12292060482946,304.7815562360852,702.9607338316682,87.87009172895853,16354.217781295056,4123.641046505525,5272.205503737512,251.15564110766533,50,50000,5,8271480,1
7,348.829327370942,168.08206464981726,316.7689537878413,310.8812302143237,656.7662909038071,109.46104848396784,19058.74409244637,3876.835440155694,4925.747181778554,135.5673367554715,50,50000,5,8271480,1
7,430.9521607615515,241.43159846751695,325.0550209394498,302.1516330584829,611.9928862032008,101.99881436720013,25651.072050330324,5042.878194218013,4589.946646524006,166.60188804451462,50,50000,5,8271480,1
5,398.02273869818873,90.41342549758544,283.1144604719258,269.3623769323545,434.7756433785871,108.69391084464678,22619.851454785112,3663.2712314683063,3260.8173253394034,152.89685076544515,50,50000,5,6394530,1
7,445.9431381246451,291.029356731651,310.4300437244322,283.6811038341546,551.760441963523,91.96007366058717,22065.17535955238,5527.29371142222,4138.203314726423,185.8146470725594,50,50000,5,6394530,1
9,171.9344203483549,188.67976425510315,295.60222859229765,264.26449386016174,881.783515299313,110.22293941241412,23566.22100726594,2704.6063845259355,6613.376364744847,232.02563723688593,50,50000,5,6394530,1
6,436.6180827997214,116.42997160506894,246.70866984072708,240.12429486620553,513.2711098560754,102.6542219712151,22979.715180919873,4147.860408035927,3849.5333239205656,215.96617200428616,50,50000,5,6394530,1
4,560.6886603336391,159.2755689216484,329.4336676498849,315.06255276338544,504.2319094954278,168.07730316514258,30379.519416804647,5399.731719414656,3781.7393212157085,126.9542426461609,50,50000,5,6394530,1
5,530.1207082393491,93.44020521751663,320.52754395662436,318.3958397928983,530.5306842154486,132.63267105386214,25999.244728264508,4676.706850926494,3978.980131615864,133.2589455812331,50,50000,5,8372552,1
6,495.72910444719827,95.57982979947124,361.2996960203455,355.76517871833295,582.3765003236388,116.47530006472775,22170.733334347344,4434.817006850021,4367.823752427291,183.59837287311527,50,50000,5,8372552,1
6,381.69059191975776,131.7353038112792,351.3698841553882,345.69141757942947,638.3420862451651,127.66841724903301,22347.171754837735,3850.694217982777,4787.565646838738,129.55006492730726,50,50000,5,8372552,1
4,617.1237904707135,178.52631148246334,403.0265337669973,402.30961729543395,444.37941720085723,148.12647240028573,27067.524981523133,5967.375764648827,3332.845629006429,67.77932972196996,50,50000,5,8372552,1
8,479.7724817978205,183.60918731452415,351.89043128877216,342.0249918519968,639.1484179866873,91.30691685524104,14813.131771055956,4975.362518342585,4793.613134900154,181.08847497438038,50,50000,5,8372552,1
5,392.9209138733534,121.75443024662259,276.0229384145156,267.2862406475374,458.99972069225373,114.74993017306343,13109.720560747932,3860.06508089982,3442.497905191903,117.44732629858396,50,50000,6,4474730,1
6,490.2474747111623,152.4944418427394,323.992455076809,321.9826720091995,422.21106877820023,84.44221375564004,15525.256087971246,4820.564374154263,3166.5830158365015,171.44366260433233,50,50000,6,4474730,1
6,274.7349173874197,156.76310920803283,257.2886400534224,250.19113829657147,503.8117209258515,100.76234418517029,9656.950021976387,3236.235199465894,3778.587906943886,181.5020936673151,50,50000,6,4474730,1
6,466.1570890651071,179.34654506109607,330.445221171475,327.01902756212746,421.5975354394059,84.31950708788118,13297.722855142603,4841.277255946523,3161.981515795544,187.31915459737968,50,50000,6,4474730,1
6,461.2374543540152,185.14879995759392,347.5262156665278,342.32384935758006,360.45559014010945,72.0911180280219,14635.437813964329,4847.896907337069,2703.416926050821,225.67054183888663,50,50000,6,4474730,1
5,508.13745616678546,190.04151745898727,359.77521834785864,358.5208456746448,360.2929159788859,90.07322899472148,14298.59376308652,5236.342302193296,2702.1968698416445,146.32608192681207,50,50000,6,4474730,1
5,458.88972573448643,107.88394399518006,287.520486969307,283.1390720139838,409.73038547316065,102.43259636829016,15576.260164827501,4250.802522972499,3072.977891048705,99.72596629761715,50,50000,6,9944578,1
8,435.6026872856204,172.5437409334057,355.93739382530526,354.4303968247136,442.1642574514069,63.16632249305813,12470.68575193642,4561.098211642696,3316.2319308855517,286.47073915397743,50,50000,6,9944578,1
7,269.0755443634847,178.28375377544987,287.67940715324147,265.24182132420736,501.49283415653,83.58213902608834,15128.620077839001,3355.1947360420095,3761.196256173975,190.9706949980034,50,50000,6,9944578,1
6,347.91725061432066,211.01134558364893,325.32698704822786,316.0527592439224,420.2628688088181,84.05257376176363,10101.402186841693,4191.964471484772,3151.971516066136,154.4580891373594,50,50000,6,9944578,1
5,279.28561296523634,212.9800233295434,298.73184967762023,283.55125416764474,543.270838632397,135.81770965809926,15287.126573894016,3691.9922722108477,4074.5312897429776,157.88780545041766,50,50000,6,9944578,1
5,487.1403677010502,220.93242849156937,335.99790940532756,333.9003520581593,317.25612020835155,79.31403005208789,8773.698272516714,5310.545971444646,2379.4209015626366,125.3701761959408,50,50000,6,9944578,1
4,449.8042890400323,155.49351903369484,330.1193436032175,316.737884071025,383.245592435503,127.74853081183433,22737.089984060323,4539.733560552953,2874.3419432662727,124.0326408391399,50,50000,6,9925823,1
5,402.3459997977377,156.67658528882106,274.65764209846816,233.68131737502586,531.5133513196109,132.87833782990273,28368.04472259724,4192.669388149191,3986.350134897082,89.09723426559817,50,50000,6,9925823,1
4,351.0058812610844,168.10777912304764,311.52369589606144,284.77743104547363,522.2818013304608,174.09393377682025,22886.574154997106,3893.3524528809908,3917.113509978456,177.19634388513492,50,50000,6,9925823,1
7,424.91641778101825,187.75220517590407,286.240288383967,282.0467742741368,431.6120354511944,71.93533924186573,7778.232092035816,4595.014672176917,3237.090265883958,161.87527890947914,50,50000,6,9925823,1
6,407.3196494864211,194.15735081237236,386.2389909634856,382.64328726267405,482.0915089488425,96.41830178976849,13368.148517865395,4511.077502240951,3615.6863171163186,149.0950318335581,50,50000,6,9925823,1
7,468.327980434802,216.58072850446078,313.61644936414535,311.1862617877362,354.42226620190263,59.0703777003171,9727.80847108305,5136.81531704447,2658.1669965142696,264.1034280183722,50,50000,6,9925823,1
5,462.8846951521443,67.78415834045411,267.10162709674853,262.786834535286,469.94874287878713,117.48718571969678,22554.99419686375,3980.016401194488,3524.6155715909035,168.97429420319463,50,50000,6,3820097,1
5,464.9263650490422,80.38001333038373,281.5417398792173,275.4873811614758,543.2205835618793,135.80514589046982,27539.86518539096,4089.7978378456946,4074.1543767140947,99.13050597515505,50,50000,6,3820097,1
5,399.83554624440177,101.20365172999608,296.06747814657274,290.83651129328933,561.2520586751141,140.31301466877852,18888.765813263377,3757.7939848079836,4209.3904400633555,164.09340504732475,50,50000,6,3820097,1
6,481.90091985032507,154.69714300549947,315.7835694161109,311.7373859360866,384.21480009900404,76.84296001980081,15027.65559039508,4774.485471418684,2881.6110007425305,154.78379876982905,50,50000,6,3820097,1
7,257.172077937297,162.47980185386686,278.2605151387002,259.4953644585046,597.9126706142576,99.65211176904295,14887.566118890985,3147.389098433729,4484.345029606932,251.430878021457,50,50000,6,3820097,1
3,396.35804276918094,169.39632511828748,259.7781978348188,258.01889525110437,242.7122467976953,121.35612339884764,10563.358295399577,4243.1577591560135,1820.3418509827147,56.718110436552635,50,50000,6,3820097,1
8,430.33776167823083,68.08890671666794,297.92909457697783,294.8433580533687,545.7829609952271,77.96899442788958,14217.30538653185,3738.200012961741,4093.3722074642033,175.30670031026207,50,50000,6,9535879,1
6,336.36514656307327,133.70431831584054,261.10923967198664,250.3011382323155,501.4834105010624,100.29668210021248,11498.308915890526,3525.520986591853,3761.125578757968,182.55426197049198,50,50000,6,9535879,1
3,431.22341929963716,144.21180827286344,331.92445166013016,326.0131785422729,320.22537868151403,160.11268934075702,21527.015533621136,4315.764206793754,2401.690340111355,93.1975199895801,50,50000,6,9535879,1
6,394.12950075654675,164.3256976217847,321.49198859148055,288.15144994622364,503.3161955470744,100.66323910941489,30572.916888320626,4188.413987837486,3774.8714666030583,159.99047201741007,50,50000,6,9535879,1
5,445.84656113579354,177.73376928315636,376.9431568752393,369.47070178964566,422.72904097913363,105.68226024478341,15905.016785510676,4676.852478142124,3170.467807343502,188.8857623168851,50,50000,6,9535879,1
4,484.4689786607534,182.66752739476559,395.4905293352489,393.7155810868198,392.073987899956,130.69132929998534,16783.14598981043,5003.523795416393,2940.5549092496703,73.09847378665975,50,50000,6,9535879,1
4,507.1219990474286,73.42751706538117,297.74802109176005,294.50642836100764,453.9585673272402,151.3195224424134,27783.83858565493,4354.121370846074,3404.6892549543013,171.24799547095927,50,50000,6,8271480,1
5,445.60563193058744,78.18233191857247,279.2324426964249,273.06573183802135,462.535245628486,115.6338114071215,21836.433251198043,3928.4097288687,3469.014342213645,199.8257071492642,50,50000,6,8271480,1
9,337.0751981584346,87.59077363878522,292.38343447467133,289.2758441390906,612.1953037740001,76.52441297175001,11402.184254073285,3184.9947884791486,4591.464778305,223.85612670003096,50,50000,6,8271480,1
5,525.4239990109846,101.96101676663248,327.18088799196534,326.4643299689562,444.5650303855327,111.14125759638317,21955.486058667808,4705.387618332128,3334.237727891495,94.19182415152918,50,50000,6,8271480,1
4,430.9521607615515,166.5278613009356,308.42311703512644,278.93740861973396,445.3158348971282,148.43861163237605,30754.61508355833,4481.100165468653,3339.8687617284613,104.22799171695092,50,50000,6,8271480,1
3,495.5645692664311,168.08206464981726,337.4919870957301,323.34610896738656,404.57895812770187,202.28947906385093,27286.534616728517,4977.349754371862,3034.342185957764,70.86780777392383,50,50000,6,8271480,1
5,395.68283801870535,90.41342549758544,282.64648033602913,271.8316185379095,503.48480065067884,125.87120016266971,20912.07428083943,3645.721976372181,3776.136004880091,155.16899235440823,50,50000,6,6394530,1
7,261.8648963939742,188.67976425510315,326.9740914004801,322.69221554698885,564.0224990455645,94.00374984092741,8782.126723285995,3379.0849548680803,4230.168742841734,213.28012049007162,50,50000,6,6394530,1
5,258.6029381944674,94.30083071389777,183.17107125272554,88.98093435954341,578.0144509617357,144.50361274043394,29890.143764018772,2646.778266812739,4335.108382213019,164.93436720767897,50,50000,6,6394530,1
5,277.01189229300707,137.39439692843226,315.5278807094612,309.9308677720443,675.1099554049465,168.77748885123663,15207.774218988925,3108.047169160795,5063.324665537099,159.2201306810879,50,50000,6,6394530,1
3,398.02273869818873,159.2755689216484,282.316854047393,277.27367767866355,302.22140292805796,151.11070146402898,12349.052975214217,4179.737307148778,2266.660521960435,126.24759601924677,50,50000,6,6394530,1
5,272.28712341879316,171.9344203483549,314.89674705618444,307.7128915593463,479.29307734276966,119.82326933569242,12103.327331751429,3331.6615782536105,3594.6980800707724,112.41818651728349,50,50000,6,6394530,1
5,495.72910444719827,93.44020521751663,366.81953916817184,365.9234621838377,469.1753539819048,117.2938384954762,22520.12810170927,4418.769822485362,3518.815154864286,152.90690833686304,50,50000,6,8372552,1
3,420.8673702875168,95.57982979947124,282.6693519287492,265.58969973123556,476.6153160794904,238.3076580397452,28194.59415308911,3873.35400065241,3574.614870596178,89.2224899292913,50,50000,6,8372552,1
4,523.8622216514119,131.7353038112792,315.9814477972707,314.8677485004838,420.79647491702667,140.2654916390089,23710.600058684897,4916.981440970183,3155.9735618777,100.73775603128732,50,50000,6,8372552,1
3,477.7570354575174,178.52631148246334,331.66078153242523,331.24386366925484,301.9843388501505,150.99216942507525,15224.316059712512,4922.125102049856,2264.8825413761288,41.876869049755406,50,50000,6,8372552,1
7,279.86735252790993,183.60918731452415,307.98861409441514,296.04811032405746,613.7528976811268,102.29214961352113,11147.40807902113,3476.0740488182555,4603.146732608451,177.58223916544392,50,50000,6,8372552,1
4,395.7432557195306,190.75840029427715,377.2993786414013,376.1718228791096,502.257779910269,167.41925997008966,15530.93609114676,4398.762420103558,3766.9333493270174,121.55500993676367,50,50000,6,8372552,1
24,248.57231421317422,49.831425847933446,291.8327623022706,261.80878561400885,1825.9898810940178,79.39086439539209,30920.963864904235,2238.0280504583075,13694.924108205134,604.1492490279793,100,50000,2,4474730,1
26,447.5720860245711,121.75443024662259,378.42940906669514,322.4461954039433,1807.119190913215,72.2847676365286,48509.85184826421,4269.948872033952,13553.393931849114,572.0381473255512,100,50000,2,4474730,1
25,279.28561296523634,62.98864201150246,345.6701062041377,296.18782665732385,1842.0836125486646,76.75348385619436,50218.67687946311,2567.056912325541,13815.627094114985,760.055184499787,100,50000,2,9944578,1
28,285.2271205574646,103.89035690060813,299.2234963326337,219.09933518761278,1776.1833743800057,65.78456942148169,57796.028583094136,2918.3810809355455,13321.375307850043,777.686398155533,100,50000,2,9944578,1
24,327.2672418261378,99.10274163246902,340.8161424722796,319.18923599631194,1700.218159844738,73.92252868890165,29532.41378394616,3197.7748759395513,12751.636198835535,778.8970723364819,100,50000,2,9925823,1
24,447.57709746417856,116.33985615200693,328.4631171380746,222.8506874078411,1733.7678212565352,75.38120961984936,74280.985534468,4229.377152121391,13003.258659424013,657.2031759759093,100,50000,2,9925823,1
24,613.8095858719034,67.78415834045411,300.7139946275833,249.03203049548085,1701.815688801389,73.9919864696256,54116.8784064643,5111.953081592682,12763.617666010417,650.3634478364315,100,50000,2,3820097,1
22,293.7968469429746,72.40371882462325,334.0499219899055,219.05840088079228,1748.9172317800808,83.28177294190861,77272.6379373186,2746.5042432569835,13116.879238350606,623.1430830030476,100,50000,2,3820097,1
29,306.32926687153804,31.84649852484742,320.4389167072588,228.43719199519822,1854.347495596829,66.22669627131532,60080.035853726375,2536.3182404728914,13907.606216976217,985.0309492727426,100,50000,2,9535879,1
23,93.00298659927914,68.08890671666794,270.3317252301571,222.80752148213656,1670.2374204403538,75.91988274728881,37367.06611812095,1208.189199869603,12526.780653302654,624.7107269735988,100,50000,2,9535879,1
24,226.54917056478072,73.42751706538117,317.52588589366064,290.67856362837153,1859.940173665686,80.86696407242113,32865.25773990278,2249.8251572262143,13949.551302492644,634.2438338461071,100,50000,2,8271480,1
22,283.35661818946164,78.18233191857247,398.1224959647447,384.2009158096713,1786.9375556294972,85.09226455378558,34277.78433241846,2711.5421258102556,13402.031667221228,707.8260852560153,100,50000,2,8271480,1
25,560.6886603336391,90.41342549758544,374.0269736653027,285.2356403646478,1770.590234227845,73.77459309282688,74074.27716295286,4883.265643734184,13279.426756708837,612.313760872074,100,50000,2,6394530,1
21,258.6029381944674,94.30083071389777,376.8229332870621,333.67370872852496,1846.2998321345872,92.31499160672936,64667.90496200424,2646.778266812739,13847.248741009404,582.4266267721104,100,50000,2,6394530,1
25,412.4124810137527,82.01049772230365,369.8651881625673,276.41510730435425,1792.496723278589,74.6873634699412,73925.03813710637,3708.172340520423,13443.725424589416,707.0695351727236,100,50000,2,8372552,1
22,349.0805452588691,89.81829001152921,352.8384555606481,292.35702434014934,1834.8861664920444,87.3755317377164,62163.4683044496,3291.7412645279874,13761.646248690333,634.9321347770543,100,50000,2,8372552,1
17,652.2400419927819,49.831425847933446,334.85896680998894,313.36606562511815,1317.4181296307333,82.33863310192083,40247.00720050188,5265.536008805366,9880.6359722305,490.028342662046,100,50000,3,4474730,1
23,427.89381258069847,121.75443024662259,352.1319482525051,321.577705923052,1551.5458611327022,70.52481186966828,30836.787606808342,4122.361821204908,11636.593958495267,501.4580330132964,100,50000,3,4474730,1
19,566.8423076916084,146.7101554060179,388.34020616025055,349.611566472355,1347.950724176618,74.88615134314544,44848.17149163692,5351.643473232197,10109.630431324635,438.23209837104133,100,50000,3,4474730,1
21,561.7906297985179,62.98864201150246,369.4730376360147,340.8648470492787,1399.6838602924693,69.98419301462346,44639.94245786916,4685.844538575153,10497.62895219352,558.5374781939246,100,50000,3,9944578,1
19,303.7469358095715,103.89035690060813,387.08760162421686,355.7616486741053,1514.4898684419811,84.1383260245545,39230.949411401256,3057.2796953263473,11358.674013314858,537.7166507210561,100,50000,3,9944578,1
22,393.65604397970634,107.88394399518006,279.16056502433406,231.5856550192798,1618.1437102980362,77.05446239514458,38851.50282448456,3761.549909811648,12136.077827235273,655.0121180075423,100,50000,3,9944578,1
20,244.72537950164775,99.10274163246902,374.964952336304,349.3078319906253,1785.7178738674054,93.98515125617924,35850.39486818713,2578.710908505876,13392.88405400554,563.8153986158316,100,50000,3,9925823,1
22,478.43645373335147,116.33985615200693,421.52422313375115,386.1774636181965,1541.0906983554835,73.38527135026112,51562.26809541208,4460.822324140188,11558.180237666125,643.4726439362345,100,50000,3,9925823,1
23,327.2672418261378,122.24898152814023,351.3254207696627,334.5435936685229,1559.0530629480902,70.86604831582228,24781.410823935475,3371.3716751570855,11692.897972110677,753.1231762780538,100,50000,3,9925823,1
23,282.45934841464106,67.78415834045411,421.6094715390638,399.7682691341119,1782.5913188291424,81.02687812859739,41059.28021911559,2626.8263006632137,13369.434891218569,643.5187603464301,100,50000,3,3820097,1
22,293.7968469429746,72.40371882462325,334.0499219899055,219.05840088079228,1748.9172317800808,83.28177294190861,77272.6379373186,2746.5042432569835,13116.879238350606,623.1430830030476,100,50000,3,3820097,1
21,515.0361986011008,74.55049754121872,283.3713935075427,231.62130351687804,1513.3753458336632,75.66876729168317,44633.99170841547,4421.900221067396,11350.315093752473,550.37882078413,100,50000,3,3820097,1
27,306.32926687153804,31.84649852484742,316.2283213060918,234.8646646831779,1760.6095917316136,67.71575352813899,54859.12028246603,2536.3182404728914,13204.571937987103,898.9837415032362,100,50000,3,9535879,1
26,391.5354826777881,68.08890671666794,324.0728851542066,269.9396868013111,1647.7430287706227,65.90972115082491,41132.2453185711,3447.18292045842,12358.07271577967,695.0645017043296,100,50000,3,9535879,1
18,477.7759421664991,93.00298659927914,379.10787084298386,360.85948828920345,1544.2368823947306,90.83746367027827,42812.76904065263,4280.841965743337,11581.77661796048,609.5144610709731,100,50000,3,9535879,1
25,241.43159846751695,73.42751706538117,332.4224074129423,295.8680627401212,1789.4111827389647,74.5587992807902,39741.52975587243,2361.443366496736,13420.583870542236,806.5622296237419,100,50000,3,8271480,1
21,168.08206464981726,78.18233191857247,388.7594312949902,370.86386609501636,1807.0979543349013,90.35489771674506,40493.074383636915,1846.9829742629229,13553.234657511759,636.0355105551225,100,50000,3,8271480,1
22,101.96101676663248,87.59077363878522,343.5509736627239,313.30244168954414,1823.1578212650923,86.81703910786153,34445.33417182958,1421.6384280406328,13673.683659488192,611.840378621703,100,50000,3,8271480,1
22,258.6029381944674,90.41342549758544,401.0857260531417,380.09376180424806,1773.825498962146,84.46788090295934,40822.19195513932,2617.6227276903965,13303.691242216095,550.3772041660283,100,50000,3,6394530,1
25,226.71847669953874,94.30083071389777,279.6876690056666,229.4242670307403,1774.661905639077,73.94424606829487,36224.45841031345,2407.644805600774,13309.964292293078,757.5575824005166,100,50000,3,6394530,1
21,277.01189229300707,118.10680802300975,348.09641162674643,297.822410971604,1558.1160947546932,77.90580473773466,46606.191587608904,2963.3902523701263,11685.8707106602,591.160294238088,100,50000,3,6394530,1
24,280.8106450989128,82.01049772230365,350.21057418970486,283.9097331891948,1769.5310348187786,76.93613194864255,54872.93604160036,2721.1585711591233,13271.48276114084,641.8303128214163,100,50000,3,8372552,1
20,279.86735252790993,89.81829001152921,356.6277415988237,322.64082067034855,1450.7920791764636,76.35747785139283,48267.01634723297,2772.6423190457936,10880.940593823478,591.6672589904817,100,50000,3,8372552,1
21,259.1739000593046,93.44020521751663,379.2302442496117,335.2349768303744,1774.9347666730407,88.74673833365203,59402.11120902986,2644.6057895761587,13312.010750047806,633.4227559033279,100,50000,3,8372552,1
14,491.2584885239058,49.831425847933446,276.9885705319615,266.0203194154313,945.7278291210382,72.74829454777218,18204.63204749095,4058.174357788794,7092.958718407786,399.40597099608317,100,50000,4,4474730,1
18,274.43463717730873,121.75443024662259,296.18711761980785,259.57918215812555,1196.271540667577,70.36891415691629,25729.721565871117,2971.418005679485,8972.036555006827,387.32751446340126,100,50000,4,4474730,1
7,652.2400419927819,146.7101554060179,391.05452932580965,387.9530762440071,623.8850071946525,103.98083453244209,40666.4656428969,5992.126480490999,4679.137553959894,182.3278457187586,100,50000,4,4474730,1
13,427.89381258069847,152.4944418427394,403.4278115063438,372.0003462852233,994.8236193790913,82.90196828159094,33232.845215658905,4352.9119081757835,7461.177145343185,306.37256569235507,100,50000,4,4474730,1
16,400.7803232096598,62.98864201150246,310.922089492036,285.23330483595385,1125.1428874030637,75.00952582687091,32518.64666779375,3478.267239158717,8438.571655522977,443.154253695555,100,50000,4,9944578,1
15,453.8401291696521,103.89035690060813,370.5657423867494,362.15936688779954,892.7654464615125,63.76896046153661,22303.654744864638,4182.978645526951,6695.740848461344,411.3454748567673,100,50000,4,9944578,1
18,269.0755443634847,107.88394399518006,350.66238809698064,343.1168136831819,1129.3089163451516,66.42993625559716,16159.00586878803,2827.1961626899856,8469.816872588637,549.5154547483527,100,50000,4,9944578,1
19,347.91725061432066,120.45372931048021,281.97259993775646,242.07109226524418,1068.8061943193027,59.378121906627925,35518.2999398044,3512.7823494360064,8016.04645739477,580.6257976632916,100,50000,4,9944578,1
14,327.2672418261378,99.10274163246902,356.9791404009505,315.1250047883147,1176.988140049466,90.5375492345743,38383.58634105249,3197.7748759395513,8827.411050370994,305.7390470428735,100,50000,4,9925823,1
15,376.7124251353017,116.33985615200693,349.5570439029827,336.83852705552397,951.0780567678423,67.93414691198873,23978.371808919823,3697.8921096548147,7133.085425758817,463.5005044524481,100,50000,4,9925823,1
19,219.96858543920837,122.24898152814023,321.88880410826897,304.23879697383455,1241.9355223934124,68.99641791074514,24540.60968855728,2566.6317522551144,9314.516417950594,601.3616172330311,100,50000,4,9925823,1
15,240.18574248064698,135.05402000642755,350.00997756869276,336.5604869443257,1238.0007126552819,88.42862233252013,23976.637008249123,2814.298218653059,9285.005344914614,371.0322731980045,100,50000,4,9925823,1
17,282.45934841464106,67.78415834045411,380.9732819406618,368.87194847626023,1239.338827419062,77.45867671369137,25569.890337497523,2626.8263006632137,9295.041205642965,527.79398273795,100,50000,4,3820097,1
17,154.69714300549947,72.40371882462325,298.01067385033986,260.6534635790403,1362.6571594972736,85.1660724685796,40501.50391453911,1703.2564637259204,10219.928696229552,450.7548224182778,100,50000,4,3820097,1
10,538.0944747685178,74.55049754121872,341.7903917031845,334.4657238824043,900.5264087169263,100.05848985743626,24091.42010829228,4594.8372923230245,6753.948065376947,253.35477385036666,100,50000,4,3820097,1
17,204.19816294291348,80.38001333038373,300.8156024617722,268.472288343255,1313.8414335354764,82.11508959596728,27289.354469086848,2134.3363220497295,9853.810751516074,451.5439638889804,100,50000,4,3820097,1
15,306.32926687153804,31.84649852484742,316.1827909746256,286.15850921190565,1233.8666239963609,88.13333028545435,31656.24017010879,2536.3182404728914,9253.999679972707,485.2286344965956,100,50000,4,9535879,1
18,350.4755888756119,68.08890671666794,310.637118651153,281.30060203285547,1180.2111061923697,69.42418271719822,28681.189725620763,3139.233716942099,8851.583296442772,445.8264105835382,100,50000,4,9535879,1
11,530.8307760638941,93.00298659927914,286.5397868066043,274.85956328910015,951.749960194848,95.1749960194848,28283.90582672175,4678.753219973799,7138.12470146136,357.6973228514912,100,50000,4,9535879,1
15,420.3381274078899,110.68262986153414,347.73996056714,328.3174690368266,913.2946025432655,65.23532875309039,25020.517456015878,3982.65567952068,6849.709519074491,481.9791060533798,100,50000,4,9535879,1
13,438.7163281996172,73.42751706538117,224.31619228722573,191.1274780007012,976.8414341801458,81.40345284834548,23814.676253150163,3841.078839487488,7326.310756351094,342.39178037810615,100,50000,4,8271480,1
17,372.99706511778965,78.18233191857247,366.11098917510276,354.2114087887438,1139.3892332532566,71.21182707832854,28109.980644651605,3383.8454777727156,8545.419249399425,542.5116342008013,100,50000,4,8271480,1
18,332.5365798125568,87.59077363878522,353.12534927641394,341.5552537575608,1149.8136043193958,67.63609437172917,22349.51798053667,3150.955150885065,8623.602032395469,483.69167358264866,100,50000,4,8271480,1
19,275.2590978437891,87.96075869440472,366.87716969628445,346.7630887572812,1212.8783492853636,67.38213051585353,28371.301530616045,2724.1489240364535,9096.587619640228,648.3996485602486,100,50000,4,8271480,1
15,340.73018771617626,90.41342549758544,367.7886333328066,362.49922197199646,1151.7104616692325,82.26503297637375,28832.921359660755,3233.5770991032127,8637.828462519243,398.38301369452904,100,50000,4,6394530,1
14,289.6522545223419,94.30083071389777,334.6986088160976,323.08936022111544,938.8905550144939,72.2223503857303,29489.984458203868,2879.6481392717974,7041.679162608704,400.088031176846,100,50000,4,6394530,1
11,308.1181868219103,118.10680802300975,395.6455589851876,388.3952776136552,1115.802134986783,111.58021349867829,19000.26469288616,3196.6874613369005,8368.516012400873,263.04860036135034,100,50000,4,6394530,1
14,473.9147111726571,116.42997160506894,288.49336506247323,277.19097899734453,1003.4818617215208,77.19091244011699,18387.334111762535,4427.585120832946,7526.113962911406,449.3441788000891,100,50000,4,6394530,1
15,393.55301272949345,82.01049772230365,330.5932543298069,315.94826126483696,1118.453984254044,79.88957030386028,27389.564443270676,3566.7263283884786,8388.40488190533,449.46791212146735,100,50000,4,8372552,1
17,279.86735252790993,89.81829001152921,333.3430344974544,307.4655981150434,1204.3093184786178,75.26933240491361,40644.43324497396,2772.6423190457936,9032.319888589633,492.5990496023169,100,50000,4,8372552,1
12,509.7134221986536,95.57982979947124,370.57794954207014,357.4084531702994,905.3865275664747,82.3078661424068,24433.283031993324,4539.699389985936,6790.3989567485605,314.9890958264421,100,50000,4,8372552,1
12,636.0747608409379,93.44020521751663,377.1519024099203,370.29418264609825,883.6191224925635,80.3290111356876,39077.15960644454,5471.362245438409,6627.143418694226,385.8335035263849,100,50000,4,8372552,1
15,185.14879995759392,49.831425847933446,231.08017591586602,197.38623596116759,957.8098883822391,68.4149920273028,18889.38407609844,1762.3516935414552,7183.574162866794,443.69295562338493,100,50000,5,4474730,1
14,248.44570186845314,121.75443024662259,295.6738815615525,262.9901308295867,921.1797394148025,70.85997995498481,23237.4202846419,2776.500990863068,6908.848045611019,246.81657461254431,100,50000,5,4474730,1
5,522.8504489299934,146.7101554060179,289.0939411776621,287.0032462889554,424.06981248127255,106.01745312031814,18353.35654129048,5021.704532520084,3180.523593609544,108.500174727614,100,50000,5,4474730,1
9,434.07211902871643,152.4944418427394,385.1513253777101,376.52682144339,679.9776488663257,84.99720610829071,18107.88254225738,4399.249206535919,5099.832366497442,187.9714183504961,100,50000,5,4474730,1
8,491.2584885239058,156.76310920803283,323.701439763447,321.1719601455209,520.6950158465701,74.38500226379573,13198.0584948508,4860.16198298954,3905.2126188492757,240.79630301704088,100,50000,5,4474730,1
12,303.7469358095715,62.98864201150246,245.83407240736742,221.2935489034027,905.229191082192,82.29356282565381,19006.037819930563,2750.5168336580546,6789.21893311644,343.73110964173935,100,50000,5,9944578,1
11,369.7623326125306,103.89035690060813,309.5232182858366,301.31716575144895,796.5755609028597,79.65755609028596,14723.571629027476,3552.3951713485403,5974.316706771448,327.3433175836551,100,50000,5,9944578,1
16,246.31878858476284,107.88394399518006,356.9193100885532,350.4951337319726,850.7310502733282,56.71540335155521,16357.482990694,2656.520494349572,6380.482877049961,475.1871585763466,100,50000,5,9944578,1
14,407.1856793040696,120.45372931048021,346.24414882553776,336.7633966230726,729.8692923355964,56.1437917181228,20405.686097220776,3957.295564609123,5474.019692516973,474.81174281368135,100,50000,5,9944578,1
12,347.91725061432066,144.43333322353163,270.3519624566372,251.4084326489633,726.7317160076075,66.06651963705522,19480.326919397183,3692.629378783892,5450.487870057056,329.8326678812277,100,50000,5,9944578,1
10,459.60054587226546,99.10274163246902,330.6556703371273,313.0202857089992,705.7937337574295,78.42152597304772,21175.088471677485,4190.274656285508,5293.453003180722,203.53391749096028,100,50000,5,9925823,1
12,448.74891485364884,116.33985615200693,329.3462723341313,324.79648310743204,710.8971141543781,64.62701037767073,19597.69196578629,4238.165782542418,5331.728356157835,374.6912101597093,100,50000,5,9925823,1
10,327.2672418261378,122.24898152814023,291.0992359969531,281.33827136553697,686.1136728508748,76.23485253898609,15625.547014392814,3371.3716751570855,5145.85254638156,390.8497340240377,100,50000,5,9925823,1
11,240.18574248064698,135.05402000642755,320.71089483161256,313.1581742813807,880.0760145064164,88.00760145064164,18299.937581041853,2814.298218653059,6600.570108798123,242.93161886988713,100,50000,5,9925823,1
13,468.327980434802,155.49351903369484,285.8401432868412,268.91239476049435,635.6167939399472,52.96806616166227,17569.649083045355,4678.661246013726,4767.125954549604,336.09950800544874,100,50000,5,9925823,1
12,332.8296617609968,67.78415834045411,349.01878605331416,342.531428039362,875.3732833989017,79.57938939990015,20608.683748410607,3004.603650760882,6565.2996254917625,427.2907955050613,100,50000,5,3820097,1
15,293.7968469429746,72.40371882462325,284.48636324951315,277.80508207079185,909.420080522173,64.95857718015522,17656.993230356147,2746.5042432569835,6820.650603916297,373.3762196937843,100,50000,5,3820097,1
8,464.9263650490422,74.55049754121872,302.30074702444233,294.73901255440865,723.4588238925418,103.35126055607739,20272.487394571333,4046.076469426957,5425.941179194063,201.1126434912124,100,50000,5,3820097,1
9,385.5743808532516,80.38001333038373,300.559566077056,293.87775354505794,780.270190752359,97.53377384404487,16173.363582650109,3494.6579563772652,5852.0264306426925,264.24251101906526,100,50000,5,3820097,1
11,257.172077937297,101.20365172999608,344.42507244164824,334.60617937985137,911.6518612902593,91.16518612902593,26467.794125024226,2687.817972504698,6837.388959676944,291.8982926933898,100,50000,5,3820097,1
10,369.93800456023763,31.84649852484742,317.83941840956527,308.3647020073039,818.878563764141,90.98650708490455,21739.078067531176,3013.3837731381377,6141.589228231057,350.5779443822294,100,50000,5,9535879,1
15,295.9985718293721,68.08890671666794,293.8541535601232,264.9911663387127,904.4241947408627,64.6017281957759,27768.402405268655,2730.6560890953006,6783.1814605564705,409.1326313708091,100,50000,5,9535879,1
9,412.5985585062587,93.00298659927914,236.35766713379098,225.29931731047668,618.6786634515308,77.33483293144135,17733.77244633129,3792.011588291534,4640.089975886482,306.9865729058328,100,50000,5,9535879,1
8,427.7566693896289,110.68262986153414,347.6779040803118,336.4964174014276,746.9707160953149,106.7101022993307,26809.31451650654,4038.2947443837224,5602.280370714861,263.64684271924864,100,50000,5,9535879,1
7,583.0508797537858,133.70431831584054,328.5528324609578,327.716586146307,491.8681314093425,81.97802190155709,16468.601428918588,5375.663985522197,3689.0109855700684,186.18366763240536,100,50000,5,9535879,1
9,332.5365798125568,73.42751706538117,328.23817581282685,315.627658098667,841.8352668851858,105.22940836064822,27222.28599751759,3044.7307265845348,6313.764501638893,256.28123805031385,100,50000,5,8271480,1
12,481.06392442206976,78.18233191857247,316.56722602219395,306.8220859085461,708.8873260140922,64.44430236491748,23796.739081090975,4194.346922554817,5316.654945105692,447.5457548961712,100,50000,5,8271480,1
14,241.43159846751695,87.59077363878522,318.70064154466155,307.5618107303989,902.3457451177354,69.41121116290273,22472.865383286957,2467.667790797266,6767.593088383016,371.1264671909004,100,50000,5,8271480,1
13,367.10119729205854,87.96075869440472,342.50229117344674,333.1938956648529,814.0636479010616,67.83863732508847,20723.131173986818,3412.9646698984743,6105.477359257962,424.14131057822806,100,50000,5,8271480,1
11,438.7163281996172,101.96101676663248,247.74142671643048,234.72244896902168,682.6734291065806,68.26734291065806,14475.625988945085,4055.080087246872,5120.050718299354,292.76620573531574,100,50000,5,8271480,1
10,472.01053003506087,90.41342549758544,296.83863288645466,292.8457802230572,632.6420144145911,70.29355715717679,17004.19877044873,4218.179666494848,4744.815108109434,287.5569513475919,100,50000,5,6394530,1
8,445.5157327641558,94.30083071389777,277.18599342954315,264.960677935211,634.9554396711725,90.70791995302464,16172.93963379692,4048.624226085402,4762.165797533794,274.9970507718095,100,50000,5,6394530,1
10,308.1181868219103,118.10680802300975,379.14124885034244,371.2258592884049,843.2383290284934,93.6931476698326,17590.45601493425,3196.6874613369005,6324.287467713701,236.43997964823473,100,50000,5,6394530,1
11,410.63156416762075,116.42997160506894,272.90720930675104,258.5588549270534,703.8793585784084,70.38793585784084,16052.84976720911,3952.961518295173,5279.095189338063,312.7456732908644,100,50000,5,6394530,1
11,289.6522545223419,137.39439692843226,295.92596298229523,284.3972356261546,759.4487376863727,75.94487376863728,17166.244742390267,3202.8498858808057,5695.865532647796,331.3111982908612,100,50000,5,6394530,1
14,341.87968954598875,82.01049772230365,337.96580192431117,330.4434856968069,840.7765228410893,64.67511714162225,19486.557450836503,3179.1764045121927,6305.82392130817,467.57198805282087,100,50000,5,8372552,1
13,331.8964434792651,89.81829001152921,258.750818459474,245.6922685633711,861.7593117068035,71.81327597556695,15195.093827081919,3162.8605011809573,6463.194837801027,325.7494849577516,100,50000,5,8372552,1
10,351.5250395417067,95.57982979947124,344.14928678589894,332.55688175457243,834.6572755842393,92.7396972871377,21459.31113662233,3353.286520058835,6259.929566881795,240.9326552768582,100,50000,5,8372552,1
9,477.7570354575174,93.44020521751663,289.38087165939345,280.6259403515866,628.3499392208028,78.54374240260034,19295.74259237835,4283.979305062756,4712.62454415602,303.9378324759508,100,50000,5,8372552,1
10,423.4049830670729,98.88752376977507,354.50424893755894,344.32233224575873,774.998973183113,86.11099702034589,16747.117732040922,3917.1938012763603,5812.492298873347,241.8717399993025,100,50000,5,8372552,1
7,399.9394168931722,49.831425847933446,241.16684089043682,237.2328303407873,542.6822473809691,90.44704123016152,11542.846895302306,3373.2813205582925,4070.1168553572684,190.7153176588841,100,50000,6,4474730,1
10,290.61427166763707,121.75443024662259,277.45509590161987,251.6812667454544,660.1456375362874,73.34951528180972,18116.840903843557,3092.7652643569472,4951.092281522156,177.68728491974684,100,50000,6,4474730,1
5,522.8504489299934,146.7101554060179,289.0939411776621,287.0032462889554,424.06981248127255,106.01745312031814,18353.35654129048,5021.704532520084,3180.523593609544,108.500174727614,100,50000,6,4474730,1
5,490.2474747111623,152.4944418427394,336.1353203837448,333.84122015392677,376.5787623012668,94.1446905753167,16136.840744200988,4820.564374154263,2824.340717259501,96.2431033042822,100,50000,6,4474730,1
7,474.30115157404117,156.76310920803283,299.76471851195294,299.09050016764326,364.6366174954208,60.772769582570135,9039.299749717915,4732.981955865555,2734.774631215656,219.8533665486047,100,50000,6,4474730,1
7,468.79550635145637,179.34654506109607,282.8667899863282,278.22379074900033,432.3800962875881,72.06334938126469,11513.765829428086,4861.065385594143,3242.8507221569107,209.76407279030994,100,50000,6,4474730,1
9,472.03148085485475,62.98864201150246,308.1379707545614,306.71108183498757,522.6801417050428,65.33501771313036,15255.698482527987,4012.6509214976795,3920.1010627878213,253.79488223561734,100,50000,6,9944578,1
9,326.0503702575731,103.89035690060813,285.84579297580655,278.4857452871025,617.3862906660589,77.17328633325737,12462.507160346522,3224.555453686359,4630.397179995442,251.629835378315,100,50000,6,9944578,1
9,332.1384799653153,107.88394399518006,336.3581903936447,335.3676797095759,609.5420756027411,76.19275945034263,13191.879661606714,3300.1681797037154,4571.565567020558,274.06521073704454,100,50000,6,9944578,1
11,435.6026872856204,120.45372931048021,322.48648642162794,319.6814951672619,488.8852371930369,48.88852371930369,16775.13884231984,4170.423124470754,3666.639278947777,391.72159176609887,100,50000,6,9944578,1
9,366.5082640337072,144.43333322353163,229.5468774082748,215.36925181494428,522.0247644353141,65.25309555441426,12095.252055571968,3832.061979429291,3915.1857332648556,270.0622969499266,100,50000,6,9944578,1
5,303.7469358095715,151.08774364774715,219.25437457982724,198.9962764903693,364.12182593467327,91.03045648366832,11364.888489693982,3411.2600959298898,2730.9136945100495,143.970677453802,100,50000,6,9944578,1
8,395.3757873106204,99.10274163246902,313.22066120698656,300.0716090060131,559.0164800248218,79.85949714640311,17947.530381615863,3708.588967073171,4192.6236001861635,145.9241385276849,100,50000,6,9925823,1
6,394.0789751507076,116.33985615200693,255.15374412861567,240.22885121825033,462.85808426055894,92.57161685211179,14224.086441861096,3828.141234770359,3471.435631954192,203.05812458839392,100,50000,6,9925823,1
9,327.2672418261378,122.24898152814023,273.9228401279825,264.0858775302498,565.2716860265043,70.65896075331304,13495.424494972916,3371.3716751570855,4239.537645198782,363.1677028572707,100,50000,6,9925823,1
7,455.171348888742,135.05402000642755,327.79555966624497,326.452208864716,413.72685994493963,68.95447665748993,14849.730767562762,4426.690266713772,3102.951449587047,141.4076944184594,100,50000,6,9925823,1
11,379.2302560952719,155.49351903369484,257.433436482609,240.1581426496633,523.0369059798425,52.30369059798424,12891.648329923572,4010.4283134672505,3922.7767948488186,257.6998566182408,100,50000,6,9925823,1
9,456.68719676366646,156.67658528882106,322.54734742252157,319.7134983106339,460.2988386698692,57.53735483373365,14648.047896480217,4600.2283653936565,3452.2412900240192,261.8615464328415,100,50000,6,9925823,1
8,462.8846951521443,67.78415834045411,305.98889649917135,302.880761567319,476.4756856687126,68.06795509553037,18373.366369795967,3980.016401194488,3573.5676425153442,309.6355577456496,100,50000,6,3820097,1
12,447.3317555368908,72.40371882462325,257.58041600112455,253.5170873487068,547.2553946277466,49.75049042070423,13717.139126382945,3898.0160577113556,4104.4154597081,283.0808976335028,100,50000,6,3820097,1
7,427.36977276098327,74.55049754121872,279.06851587807085,270.74703072352696,572.794522827486,95.46575380458101,18266.339413141868,3764.402027266515,4295.9589212061455,194.8649391305166,100,50000,6,3820097,1
9,327.92133785923994,80.38001333038373,300.559566077056,293.87775354505806,662.4562258486415,82.80702823108018,16173.363582650109,3062.260133922178,4968.421693864811,264.24251101906526,100,50000,6,3820097,1
8,299.31069961261187,101.20365172999608,300.78172493435443,286.674097673116,642.3531625382495,91.76473750546423,18827.38357679235,3003.8576350695594,4817.648719036872,279.87648677522685,100,50000,6,3820097,1
5,512.1364573416706,147.2535808609566,384.5847307515376,383.9686726854134,414.3993301402444,103.5998325350611,18982.789271030157,4945.425286519704,3107.994976051833,117.24447112892334,100,50000,6,3820097,1
6,432.9528772204956,31.84649852484742,266.6992591472496,263.8034148740884,487.6258719774015,97.5251743954803,19468.63056384274,3485.9953180900725,3657.1940398305114,173.7954287377904,100,50000,6,9535879,1
9,350.4755888756119,68.08890671666794,238.70997604160655,212.72767105359029,644.2415192979088,80.5301899122386,20770.341139885048,3139.233716942099,4831.811394734315,234.64327808867918,100,50000,6,9535879,1
6,412.5985585062587,93.00298659927914,272.66899515245086,267.37770351571703,432.5637706902603,86.51275413805206,17721.594884886395,3792.011588291534,3244.2282801769525,196.97483157044516,100,50000,6,9535879,1
5,482.15376781343224,110.68262986153414,278.91358774066356,274.9814526426283,475.8580661754846,118.96451654387116,18738.385265086483,4446.272982562248,3568.9354963161345,163.685753803134,100,50000,6,9535879,1
6,371.8147487653198,133.70431831584054,286.1364912454864,285.3117239373481,279.8230641639543,55.96461283279086,6450.388095314346,3791.393003108702,2098.672981229657,171.49295993052175,100,50000,6,9535879,1
9,408.4203395638361,144.21180827286344,289.24396207438787,255.90340992241082,505.7863527036442,63.22329408795552,27491.789233849373,4144.741108775246,3793.3976452773313,239.12494886446086,100,50000,6,9535879,1
7,348.829327370942,73.42751706538117,234.78409886618698,214.31207153651357,538.0229768827808,89.67049614713012,16878.618355829774,3166.9263332724236,4035.1723266208555,172.28064742445457,100,50000,6,8271480,1
6,507.1219990474286,78.18233191857247,302.7653423282198,300.51266831692203,460.4332018046285,92.0866403609257,20411.753544005096,4389.782482245008,3453.2490135347134,203.79023887009632,100,50000,6,8271480,1
11,337.0751981584346,87.59077363878522,285.96401678810463,282.58325318474493,651.5512662398753,65.15512662398753,12844.50198886849,3184.9947884791486,4886.634496799064,254.1470167551494,100,50000,6,8271480,1
11,272.05215805290214,87.96075869440472,286.33289282595723,281.89525864120094,626.9133210298226,62.69133210298226,10811.555298520507,2700.0968756048014,4701.849907723669,361.0279526215105,100,50000,6,8271480,1
8,437.0809063246179,101.96101676663248,276.87920707281086,267.1701818463405,536.2664000886822,76.6094857269546,16854.61136319714,4042.814423184378,4021.9980006651163,239.19335487757323,100,50000,6,8271480,1
8,283.35661818946164,117.5272887878177,274.0634415314298,258.9522487612163,620.0012942761452,88.57161346802074,18214.7042670802,3006.6293023295952,4650.009707071089,316.4939908928794,100,50000,6,8271480,1
8,472.01053003506087,90.41342549758544,275.09436592084694,272.23016650023834,505.4748485274984,72.21069264678549,17480.468381292652,4218.179666494848,3791.061363956238,232.2427205021804,100,50000,6,6394530,1
7,335.446599592523,94.30083071389777,253.13888781031275,241.27557718793304,524.8804857344328,87.4800809557388,12147.886673356243,3223.1057272981557,3936.603643008246,233.5244817586192,100,50000,6,6394530,1
7,494.4762846819158,118.10680802300975,367.6953692608752,365.62096321335963,471.60409079440655,78.60068179906776,15588.564755760386,4594.373195286942,3537.0306809580493,178.5431808947845,100,50000,6,6394530,1
9,188.67976425510315,116.42997160506894,224.4037694812434,201.74584875518138,659.8926625856507,82.48658282320633,13666.242810280579,2288.323018951291,4949.19496939238,259.14439260720485,100,50000,6,6394530,1
4,436.6180827997214,137.39439692843226,292.94573026810144,289.9711313053719,367.4270901243731,122.47569670812436,13003.69704331508,4305.093597961152,2755.7031759327983,120.84533521027736,100,50000,6,6394530,1
8,408.17194632946627,159.2755689216484,295.2861369595405,289.4523108783318,505.1593727411251,72.16562467730358,11030.021941828138,4255.8563643833595,3788.695295558438,241.435457326173,100,50000,6,6394530,1
8,440.51067739919677,82.01049772230365,299.7648140189616,297.0549113126857,553.8065458524559,79.11522083606512,17030.654790677323,3918.908813411253,4153.549093893419,256.99304951233046,100,50000,6,8372552,1
6,391.24515787918705,89.81829001152921,286.51869426758464,284.40119888849875,412.0604634631653,82.41209269263307,12559.3937754972,3607.975859180372,3090.45347597374,144.4202817206005,100,50000,6,8372552,1
8,351.5250395417067,95.57982979947124,310.3543242684747,299.04069984841584,631.7237057510167,90.24624367871668,18128.24879026455,3353.286520058835,4737.927793132625,198.92189025330057,100,50000,6,8372552,1
8,331.5608556992596,93.44020521751663,265.83385118462803,256.1547026971973,562.1143492635721,80.30204989479601,16155.78878438053,3187.5079568758215,4215.85761947679,288.874419021216,100,50000,6,8372552,1
7,439.65407399175655,98.88752376977507,338.59871519172736,334.79840061329355,539.7305258862526,89.95508764770877,15122.647591767567,4039.061983211487,4047.9789441468947,174.31851061716608,100,50000,6,8372552,1
9,331.8964434792651,130.46757328207897,248.1381114994081,243.23640267239338,496.9357639210061,62.116970490125766,8626.445029361545,3467.7301257100803,3727.0182294075457,229.48390707018623,100,50000,6,8372552,1
34,428.26238249495117,13.37618341005168,376.48696741163053,325.34851620779335,1836.9278865720173,55.66448141127325,59723.02551616498,3312.2892442875213,13776.959149290129,940.523933166089,200,50000,2,4474730,1
37,290.61427166763707,16.568925504856445,294.04880229223994,263.3425926567545,1847.8748311056675,51.329856419601875,29146.45977734853,2303.8739787937016,13859.061233292507,878.5477980037241,200,50000,2,4474730,1
30,284.03041984956,62.98864201150246,341.43550549407894,302.1444205568895,1812.1474156001766,62.48784191724747,38029.311514167144,2602.6429639579687,13591.105617001325,1008.8263744587227,200,50000,2,9944578,1
35,250.1734163368243,91.6277346480139,184.20991136966333,31.962249690675165,1781.1301045096754,52.38617954440222,35377.1063270033,2563.508632386286,13358.475783822565,962.4259444968919,200,50000,2,9944578,1
43,351.0058812610844,22.645572025246103,323.4478150910978,302.9527293618869,1836.7807382407707,43.73287472001835,26110.82205708078,2802.385899647479,13775.85553680578,1177.8775303686914,200,50000,2,9925823,1
33,156.67658528882106,34.122201269643035,318.0244975635388,283.4368176179713,1827.8300077802855,57.11968774313392,39407.167997705015,1430.9908991884806,13708.725058352142,847.094448375216,200,50000,2,9925823,1
38,356.0870870907741,65.16032184258326,307.82330574645783,271.45548051988607,1811.5769009230105,48.96153786278407,52880.00789630584,3159.35556700018,13586.826756922579,1120.6364917956582,200,50000,2,3820097,1
33,591.4647260161286,69.52358345650738,343.6995927773498,293.766065600316,1846.230686253856,57.694708945433,47838.706603454884,4957.41232104477,13846.73014690392,793.8523683517989,200,50000,2,3820097,1
42,454.16461393870736,31.84649852484742,255.17576820324402,211.67877861509638,1839.289650311379,44.86072317832632,29507.185340669337,3645.083343476661,13794.672377335342,1144.08506253421,200,50000,2,9535879,1
35,462.8861908379936,36.142679920413656,407.43603762868014,388.43297773985785,1831.61401089463,53.87100032043029,37546.231661703925,3742.7165306880543,13737.105081709724,999.2481719069133,200,50000,2,9535879,1
38,479.22833323571837,73.42751706538117,341.9602174954702,291.53208838514075,1782.8364991946453,48.18477024850392,43902.36485644965,4144.9188772582465,13371.27374395984,1151.7697539775463,200,50000,2,8271480,1
40,525.4239990109846,78.18233191857247,351.29510983413627,298.70972692884123,1803.122730535145,46.23391616756782,44529.14143047703,4527.047481971678,13523.420479013586,1087.2575422893813,200,50000,2,8271480,1
40,166.11038298760198,91.26927730293039,284.5628195232921,243.1633053960436,1792.1448727121247,45.95243263364422,40129.700743361405,1930.3474521789926,13441.086545340935,1155.516916163636,200,50000,2,6394530,1
38,171.9344203483549,90.41342549758544,308.84853121626395,271.1478503981816,1798.8806389825243,48.61839564817633,33792.51071000953,1967.6088438445527,13491.604792368931,1061.3532263246066,200,50000,2,6394530,1
40,477.1533161802659,82.01049772230365,401.86352682412326,297.06474838473287,1798.359842399865,46.11179083076577,81211.80121007506,4193.728604269272,13487.698817998988,1121.528439328049,200,50000,2,8372552,1
35,530.1207082393491,89.81829001152921,367.6862145892665,337.62492224963216,1806.3081667129318,53.12671078567446,41769.33645540175,4649.542486881588,13547.31125034699,1036.0391973503029,200,50000,2,8372552,1
31,241.7004849114268,13.37618341005168,368.02908772537444,332.68429479877983,1849.3835491402178,61.64611830467393,51179.513927323904,1913.0750124110887,13870.376618551634,858.2013837069916,200,50000,3,4474730,1
38,252.94509020150824,16.568925504856445,376.9354933721563,358.63595861250525,1823.8948586091622,49.294455638085466,38621.9556734464,2021.355117797735,13679.211439568717,906.3976214692565,200,50000,3,4474730,1
34,290.61427166763707,34.45251926436558,299.3942979232867,266.5857983464287,1784.4056231336733,54.072897670717374,29208.424146887948,2438.0009319900196,13383.04217350255,819.1663421340483,200,50000,3,4474730,1
29,278.1000633215877,62.98864201150246,343.41499120595887,305.3429322739658,1706.183946639913,60.93514095142547,37763.748614986354,2558.1652899981764,12796.379599799347,969.0456172966449,200,50000,3,9944578,1
32,250.1734163368243,91.6277346480139,194.80061484710936,21.419123152281735,1741.121441415944,56.165207787611095,40089.03071152548,2563.508632386286,13058.41081061958,948.9762345241297,200,50000,3,9944578,1
40,307.1674623990207,99.68248932791468,330.08661218405416,308.4244054991546,1627.294793472823,41.72550752494418,26413.953399929334,3051.3746379520153,12204.710951046172,1078.326431503998,200,50000,3,9944578,1
36,379.2302560952719,22.645572025246103,296.49684930846547,273.90003078080525,1647.4961203831012,47.07131772523147,23471.0282987517,3014.068710903885,12356.22090287326,989.9007631460926,200,50000,3,9925823,1
26,476.70707970178523,34.122201269643035,350.34130559784694,336.7632708366783,1615.9859390323077,64.63943756129231,27882.74327219318,3831.219607285712,12119.894542742308,711.185200606849,200,50000,3,9925823,1
29,205.29709116209708,99.10274163246902,399.56404763602967,385.17446864244346,1814.395920715341,64.79985431126218,25550.522151182184,2282.9987459592458,13607.969405365056,696.2225519588147,200,50000,3,9925823,1
28,443.41366204107004,65.16032184258326,290.04486599504673,235.46601088676428,1588.0008238491407,58.81484532774595,40593.38262091735,3814.3048791273995,11910.006178868556,776.3933292809567,200,50000,3,3820097,1
26,364.473565073168,69.52358345650738,375.5317589300495,359.9099192331509,1698.2172541197774,67.92869016479109,25046.951830239144,3254.978613972565,12736.629405898331,667.3318262906006,200,50000,3,3820097,1
35,293.7968469429746,67.78415834045411,326.1401298715261,294.191837514405,1723.1335450253348,50.68039838309808,49246.62683515283,2711.857539625715,12923.50158769001,998.1548177113372,200,50000,3,3820097,1
32,513.1023973181157,31.84649852484742,373.6785454459731,365.49337343531755,1550.1361952685857,50.00439339576083,34650.11703785592,4087.1167188222234,11626.021464514393,857.9195958343284,200,50000,3,9535879,1
29,314.9006772976819,36.142679920413656,364.7465469720703,352.305038762887,1755.8095482842878,62.70748386729599,26386.611548501114,2632.825179135717,13168.571612132158,863.2920491948166,200,50000,3,9535879,1
32,490.12236995507567,60.75449955836715,286.34445554513394,260.34736678289585,1553.0171866832784,50.0973286026864,29054.47034043723,4131.576521350821,11647.628900124588,851.390983692293,200,50000,3,9535879,1
35,231.16981444057393,73.42751706538117,347.5453940482626,311.6332824392511,1784.6776431804788,52.490518917072905,33652.06031073584,2284.479986294663,13385.08232385359,901.3404274451636,200,50000,3,8271480,1
32,501.85233289543055,78.18233191857247,362.88899686108545,339.87253102201004,1495.713763920518,48.24883109421026,26499.65804108703,4350.259986105022,11217.853229403885,1020.5173571433864,200,50000,3,8271480,1
33,207.3797166328998,87.59077363878522,361.5334963518611,344.54559984374316,1798.7151629790903,56.20984884309657,27859.134095211968,2212.278677037638,13490.363722343178,946.685938035268,200,50000,3,8271480,1
36,263.9439745829453,91.26927730293039,295.93275744945566,262.3472606170835,1690.5458338510668,48.30130953860191,27512.941607755896,2664.0993891440676,12679.093753883002,1100.4367987600763,200,50000,3,6394530,1
28,534.4105026430018,90.41342549758544,366.8045004196369,336.7061788745683,1441.9211622507526,53.40448749076862,39319.78665821963,4686.179461054404,10814.408716880644,817.3243169499573,200,50000,3,6394530,1
40,205.59458086623962,94.30083071389777,289.1941016547124,254.31775714500156,1758.0617689696498,45.078506896657686,35967.706376492635,2249.215586851031,13185.463267272375,1144.848902172222,200,50000,3,6394530,1
36,282.6372073647437,82.01049772230365,383.1555428482443,298.5453687535113,1705.2449637027325,48.72128467722093,66005.64926550596,2734.8577881528554,12789.337227770495,1081.578164129548,200,50000,3,8372552,1
30,591.3991621158026,89.81829001152921,337.78718787867984,310.330408175071,1397.4270230370385,48.18713872541512,34901.343137545344,5109.130890954989,10480.702672777788,941.5750025959824,200,50000,3,8372552,1
30,513.5258916636085,93.44020521751663,323.10501592898,300.0794665588248,1421.1451968227623,49.0050067869918,35712.47841779793,4552.245726608438,10658.588976170717,986.1496866424217,200,50000,3,8372552,1
26,304.3641978167933,13.37618341005168,311.69689870217354,302.61218955213457,1262.8119981193042,50.51247992477217,25537.273350065985,2383.0528592013375,9471.089985894781,627.437755615541,200,50000,4,4474730,1
22,302.0245840858646,16.568925504856445,289.6427686794655,272.46326015803305,1242.7100324252096,59.176668210724266,17616.504088949234,2389.451321930408,9320.325243189072,451.57317194650625,200,50000,4,4474730,1
19,438.58714611124327,34.45251926436558,301.55701528017073,290.0670761046476,1046.4982341639525,58.13879078688625,23324.27385590569,3547.797490317066,7848.736756229644,524.4239978824583,200,50000,4,4474730,1
20,421.01337226668966,49.831425847933446,366.64946552554113,357.8821310528679,1128.6204162495424,59.401074539449596,34183.65897428052,3531.3359858596737,8464.653121871568,482.7183893874805,200,50000,4,4474730,1
21,278.1000633215877,62.98864201150246,317.5039803239164,301.68377281357454,1218.7349212423524,60.93674606211762,24532.087875613295,2558.1652899981764,9140.511909317644,712.5710818936925,200,50000,4,9944578,1
25,307.1674623990207,91.6277346480139,225.7493071759996,188.81950145232946,1138.26619298413,47.42775804100541,19905.33876805119,2990.963977852759,8536.996447380974,685.2536584689151,200,50000,4,9944578,1
23,444.55491523910223,99.68248932791468,328.3786091835437,311.2824977626678,1039.954417224298,47.27065532837718,30710.207840239436,4081.780534252627,7799.658129182234,611.0147225432302,200,50000,4,9944578,1
18,426.3856164107467,107.88394399518006,231.70200332045113,182.06451400587278,1024.5362429393554,60.26683781996208,27714.030969624786,4007.021703044451,7684.021822045165,634.2582072497505,200,50000,4,9944578,1
28,327.2672418261378,22.645572025246103,257.5297368942498,233.6173441289295,1146.1689279860943,42.45070103652201,18034.208625840292,2624.3461038853793,8596.266959895707,835.7888607798321,200,50000,4,9925823,1
24,365.60298997045453,34.122201269643035,340.73781954013856,330.57732156580676,1150.7980668666025,50.0346985594175,25232.441315532004,2997.9389343007315,8630.98550149952,682.336639144292,200,50000,4,9925823,1
23,205.29709116209708,99.10274163246902,373.58872805085775,364.1832726550076,1280.5298819414563,58.20590372461165,21001.506652519918,2282.9987459592458,9603.974114560922,556.1605474026105,200,50000,4,9925823,1
21,156.67658528882106,114.4237847423873,321.3874278070848,302.6420341143788,1292.453081132831,64.62265405664155,25681.77885874892,2033.2527752340625,9693.398108496232,592.9069439942673,200,50000,4,9925823,1
21,409.00810402915164,65.16032184258326,344.8859520164114,337.8322550478135,1102.723600553366,55.136180027668296,31261.272933571578,3556.2631940380115,8270.427004150244,638.0709911215753,200,50000,4,3820097,1
18,414.0265482354822,69.52358345650738,331.87130260892667,317.40659746293784,1118.3669460004942,65.78629094120554,20885.480609232265,3626.6259876899217,8387.752095003707,426.3919031626633,200,50000,4,3820097,1
26,225.69094618406442,67.78415834045411,239.15315129889456,224.72082918863188,1220.2241701001176,48.808966804004704,17658.547483865987,2201.063283933889,9151.681275750881,841.5375724435548,200,50000,4,3820097,1
21,317.3165476041618,74.55049754121872,274.80115839112256,208.31488622290038,1160.732551388207,58.03662756941035,41840.87469111366,2939.002838590354,8705.494135411553,567.250576733979,200,50000,4,3820097,1
21,431.22341929963716,31.84649852484742,315.41021030050024,306.3073074101696,1125.8697768287445,56.293488841437224,27776.500661374273,3473.0243836836344,8444.023326215583,569.081492908071,200,50000,4,9535879,1
21,454.1732999172119,36.142679920413656,319.8455860281173,312.19562104882334,1075.873094663319,53.79365473316595,19428.209654417595,3677.369848782192,8069.048209974893,624.3332774136544,200,50000,4,9535879,1
19,449.4134503713192,60.75449955836715,345.2332564152935,335.6912355176587,1057.5119475863455,58.750663754796975,25663.445639369158,3826.259624472648,7931.339606897592,528.4019283862406,200,50000,4,9535879,1
23,533.9825373604831,68.08890671666794,314.4176387012999,309.585085236534,975.3263907605198,44.33301776184181,17411.540773458142,4515.535830578632,7314.947930703898,635.6250216287432,200,50000,4,9535879,1
21,365.4513564722119,73.42751706538117,340.03324256180383,328.1035723388053,1148.99724316464,57.449862158231994,22549.034624889297,3291.591551531948,8617.4793237348,527.6148157712206,200,50000,4,8271480,1
24,349.50113580835585,78.18233191857247,340.64173649864074,324.68499204692,1130.8276406375326,49.16641915815359,21018.148016238585,3207.6260079519625,8481.207304781494,753.7890398811909,200,50000,4,8271480,1
23,358.9556712160615,87.59077363878522,338.4637892822239,332.16844645618676,1122.4555799167842,51.02070817803565,16718.742608056997,3349.0983364113504,8418.416849375883,662.9101189670276,200,50000,4,8271480,1
23,101.96101676663248,87.96075869440472,343.0114916470509,329.1280637834042,1370.9261197388066,62.31482362449121,29291.953694070053,1424.413315957779,10281.945898041049,716.0521806413981,200,50000,4,8271480,1
23,185.57815097483194,91.26927730293039,262.96940702885877,205.72991952190608,1289.172246342396,58.598738470108906,32854.673081860026,2076.3557120832174,9668.791847567969,718.9044373388017,200,50000,4,6394530,1
25,325.40702452262735,90.41342549758544,331.15729808810664,313.41165619601765,1151.2138320427516,47.96724300178132,24629.914229678103,3118.653375151596,8634.103740320637,747.0563063307007,200,50000,4,6394530,1
28,198.51234454101225,94.30083071389777,267.00127605252067,234.24396181779903,1254.4883896873598,46.4625329513837,30714.166968277772,2196.098814411825,9408.6629226552,826.3148333944267,200,50000,4,6394530,1
25,272.28712341879316,95.03296978015688,307.9237530050301,300.9472350890338,1186.4627729961728,49.435948874840534,13811.179717097068,2754.900698992125,8898.470797471296,748.723754517912,200,50000,4,6394530,1
24,126.69893922712093,82.01049772230365,359.1386458222117,325.5164804577806,1356.267850790693,58.9681674256823,35573.34925201772,1565.3207771206844,10172.008880930198,762.0191194291042,200,50000,4,8372552,1
23,331.8964434792651,89.81829001152921,312.70356248037734,290.1991558583022,1153.2132612465384,52.41878460211538,25910.561523135522,3162.8605011809573,8649.099459349038,651.1023147832257,200,50000,4,8372552,1
24,390.8759620456232,93.44020521751663,266.2906582420505,249.0669150780041,1076.9836424735065,46.82537575971767,21642.058251506867,3632.371254473549,8077.377318551299,787.0988858522734,200,50000,4,8372552,1
19,462.1193596454075,95.57982979947124,352.84343516059516,342.24398102437044,981.1438826823664,54.50799348235369,28105.499040321887,4182.74392083659,7358.579120117748,680.9883391559154,200,50000,4,8372552,1
19,452.8401665382089,13.37618341005168,259.3066347113374,253.36864874625985,801.6568057480913,44.536489208227295,18686.912529596266,3496.6226246119545,6012.426043110685,483.65794616143427,200,50000,5,4474730,1
14,385.4767921009393,16.568925504856445,322.7044632132644,317.2673720215047,866.603517557911,66.66180904291623,21457.155976058617,3015.3428820434683,6499.526381684333,388.159825940764,200,50000,5,4474730,1
16,302.0245840858646,34.45251926436558,283.2398922729489,274.171733086159,900.0075012734683,60.00050008489789,15742.790337613233,2523.5782751267266,6750.056259551012,428.80837482587157,200,50000,5,4474730,1
16,320.0821886286331,49.831425847933446,301.90352854347327,295.72922069127463,911.9642010901362,60.79761340600908,19926.463789252313,2774.352108574249,6839.731508176021,367.26854366960157,200,50000,5,4474730,1
14,375.7340335949277,83.84249464932493,382.5563734511141,376.6461260271403,818.6079613333651,62.96984317948962,21343.327326627837,3446.823961831895,6139.559710000238,377.03591348322294,200,50000,5,4474730,1
12,476.18155615325367,62.98864201150246,263.1746758163449,260.46495338697923,679.6418741593737,61.785624923579434,17911.550385193274,4043.7764862356707,5097.314056195303,456.0153001005427,200,50000,5,9944578,1
17,284.03041984956,91.6277346480139,216.60769555120532,203.77550599263148,834.1607525841022,52.135047036506386,9397.99836038466,2817.4361587318044,6256.205644380766,444.9485307599106,200,50000,5,9944578,1
18,233.39474613435883,99.68248932791468,223.275300102036,213.32741967090425,877.4865672916585,51.61685689950932,9634.502972048002,2498.0792659670515,6581.149254687439,441.0404449741582,200,50000,5,9944578,1
15,316.18938327157775,103.89035690060813,216.4359148922046,171.43676113702472,786.907690630013,56.20769218785807,20615.969861379494,3150.5980512913943,5901.807679725098,552.3511896557193,200,50000,5,9944578,1
16,313.51202146689684,107.88394399518006,365.36748763709676,359.31773912401945,841.4711239881002,56.098074932540015,16990.662136575807,3160.469740965577,6311.033429910752,447.4359644220043,200,50000,5,9944578,1
15,321.16987236295927,22.645572025246103,270.51284362550444,248.05535958409547,937.9203019661337,66.99430728329527,20303.616175442414,2578.6158329115406,7034.402264746002,338.91925317398545,200,50000,5,9925823,1
25,216.58072850446078,34.122201269643035,264.7251039882189,250.21943468196642,976.1253208623482,40.67188836926451,12899.91467474069,1880.2719733057786,7320.939906467612,760.2830193955373,200,50000,5,9925823,1
15,462.496838467828,99.10274163246902,358.873585312447,353.3576316137382,726.409667414487,51.886404815320496,20615.632594045794,4211.996850752228,5448.072505608652,318.2996263584402,200,50000,5,9925823,1
16,269.19872014243987,114.4237847423873,301.4905885407471,289.1016193593152,877.1730052171004,58.47820034780669,19201.75398166393,2877.1687866362035,6578.7975391282525,480.8176009249795,200,50000,5,9925823,1
18,302.86839042007654,116.33985615200693,315.6563036330457,303.34181469170466,841.7286189306265,49.51344817238979,21015.184015986124,3144.061849290626,6312.964641979698,530.9496632588276,200,50000,5,9925823,1
16,409.00810402915164,65.16032184258326,278.8091733834395,269.74354693008263,779.3419255550007,51.95612837033338,20478.275850551796,3556.2631940380115,5845.0644416625055,488.82989356138535,200,50000,5,3820097,1
13,338.3341603583686,69.52358345650738,298.40477052553,287.6365638196931,814.0066101544165,67.8338841795347,17957.665741795816,3058.9330786115697,6105.049576158124,312.67268689061063,200,50000,5,3820097,1
14,400.3309092508545,67.78415834045411,271.688534291431,250.71514270083236,804.2580785561313,61.86600604277933,19934.0543141985,3510.8630069348146,6031.935589170985,438.03869218334813,200,50000,5,3820097,1
15,365.5850447762864,74.55049754121872,230.41914926903664,188.0142601652881,801.4119211157881,57.243708651127726,23756.282792357248,3301.016567381288,6010.589408368411,420.0405923697119,200,50000,5,3820097,1
17,165.2993173479428,72.40371882462325,251.74621637068995,244.34587925152954,971.9078339994691,60.744239624966816,17480.395858349493,1782.7727712942453,7289.308754996018,523.6490052657172,200,50000,5,3820097,1
18,485.59628703319726,31.84649852484742,284.83816373923196,281.1426939375966,741.9054700500267,43.64149823823686,15932.620511841993,3880.820891685335,5564.2910253752,505.71387951447105,200,50000,5,9535879,1
16,410.34149197230596,36.142679920413656,281.2564915903567,272.94581463820487,809.5911709513051,53.97274473008701,17178.584570859093,3348.6312891953967,6071.933782134788,441.25613249595955,200,50000,5,9535879,1
14,447.3565924388666,60.75449955836715,313.84520439241044,302.2493440924939,750.1629758204172,57.704844293878246,22657.714272406236,3810.8331899792533,5626.222318653128,407.61713641016337,200,50000,5,9535879,1
22,270.31721670169355,68.08890671666794,271.3467861852937,260.15711682411506,912.9795049522708,43.4752145215367,12161.036030547042,2538.045925637711,6847.346287142031,609.7257914324512,200,50000,5,9535879,1
18,289.70918105451733,72.40143823891783,245.04881703233312,189.34550695649872,887.9875193149641,52.234559959703766,30570.648171548713,2715.8296447007638,6659.906394862231,441.48584511916613,200,50000,5,9535879,1
15,370.88931544379494,73.42751706538117,283.3853991762639,270.9876199301528,827.4396478173178,59.10283198695127,16591.737731678862,3332.3762438188205,6205.797358629883,423.57087309481517,200,50000,5,8271480,1
15,485.68676312008995,78.18233191857247,309.93436077821235,295.3445294891527,703.3442558635548,50.238875418825344,21833.522508057915,4229.018212789968,5275.081918976662,466.6222590072948,200,50000,5,8271480,1
19,287.770430898419,87.59077363878522,307.63798598960494,305.40526455319673,875.9630012572994,48.66461118096108,12018.0995525298,2815.2090340290315,6569.7225094297455,559.8894215120047,200,50000,5,8271480,1
22,241.43159846751695,87.96075869440472,305.1496096556985,300.5561195959947,891.3232702099023,42.443965248090585,12888.22806989849,2470.4426787144125,6684.924526574267,552.8453605986992,200,50000,5,8271480,1
15,331.47311447187803,100.4069232280678,355.1752574781855,352.73611407173746,798.6776805698032,57.04840575498594,18339.272170051467,3239.1002827495936,5990.082604273524,423.111919976265,200,50000,5,8271480,1
13,404.1063796603225,91.26927730293039,283.08353364565687,275.71523961152695,789.0871601383127,65.7572633448594,14216.859993149606,3715.3174272243964,5918.153701037345,361.9005121177286,200,50000,5,6394530,1
20,188.67976425510315,90.41342549758544,290.31711187733833,279.02611423328995,964.9951769286117,50.78921983834798,16658.130623359826,2093.1989231451644,7237.4638269645875,568.5663753440315,200,50000,5,6394530,1
18,196.17030474601603,94.30083071389777,232.88071587441073,201.02360593519032,942.3496447780349,55.432332045766756,22374.164683358984,2178.5335159493534,7067.622335835262,575.8393231102341,200,50000,5,6394530,1
16,437.08566047621133,95.03296978015688,261.30127933480355,257.20464386986083,724.7196688378506,48.31464458919004,9540.349253993947,3990.8897269227614,5435.39751628388,433.39668837356,200,50000,5,6394530,1
18,249.79379539451284,102.63870813491383,286.8712829530348,272.25841931143725,897.1846887112581,52.77556992419165,19560.180155418493,2643.2437764706997,6728.885165334435,569.3388579880457,200,50000,5,6394530,1
17,341.87968954598875,82.01049772230365,360.90802727350865,352.03126290303277,783.6946723995062,48.98091702496914,20024.26357657832,3179.1764045121927,5877.710042996297,513.7521033010744,200,50000,5,8372552,1
17,420.7199698034383,89.81829001152921,265.1894635955159,243.69529014808188,752.5346411934802,47.03341507459251,17892.859660693994,3829.0369486122563,5644.009808951101,487.7290151828831,200,50000,5,8372552,1
17,373.0613500960725,93.44020521751663,205.05586110814548,183.85732887765067,766.123433230769,47.882714576923064,12933.847424740638,3498.7616648519183,5745.925749230768,553.2085718389011,200,50000,5,8372552,1
13,522.3312034833059,95.57982979947124,297.2180854525094,292.9006119985823,650.5799374262862,54.21499478552385,22414.936937545768,4634.3327496208285,4879.349530697146,471.76457628614594,200,50000,5,8372552,1
15,397.56180299347585,98.88752376977507,272.383627804704,260.73170569080406,738.2235712930681,52.73025509236201,12408.459266093621,3723.3699507243823,5536.67678469801,546.5018597239832,200,50000,5,8372552,1
14,252.94509020150824,13.37618341005168,215.43653390471223,209.01662300261074,781.2079658564362,60.09292045049509,10943.244709913155,1997.4095520866995,5859.0597439232715,372.3914699157285,200,50000,6,4474730,1
10,451.8466670704034,16.568925504856445,276.4063778389716,272.7467097920099,565.3859674640262,62.82066305155846,18942.100032364244,3513.1169443144486,4240.394755980196,286.55382316763286,200,50000,6,4474730,1
13,302.0245840858646,34.45251926436558,251.3621206119538,240.37949374813786,715.0884867698156,59.59070723081797,12985.628161119104,2523.5782751267266,5363.1636507736175,342.5548989404085,200,50000,6,4474730,1
13,453.12361221026526,49.831425847933446,268.22189046857966,263.37850483881147,563.5823154280326,46.965192952336054,14559.317666350478,3772.1627854364906,4226.8673657102445,324.77481829410794,200,50000,6,4474730,1
11,303.5345391565097,83.84249464932493,326.4926829725472,325.16484628264726,684.822867833059,68.48228678330591,14347.830154628133,2905.3277535437596,5136.171508747942,270.96197858508,200,50000,6,4474730,1
10,304.3641978167933,90.25660251167969,275.5929709272333,260.7634866586117,658.0155087078238,73.11283430086931,16343.559752821708,2959.656002463548,4935.116315308678,249.64307920578995,200,50000,6,4474730,1
9,447.4732599469257,62.98864201150246,292.90171901876397,291.3979114391314,529.5048209380786,66.18810261725983,16702.319940901554,3828.464264688211,3971.28615703559,328.52008479103506,200,50000,6,9944578,1
14,282.5130437430903,91.6277346480139,197.43963186428124,183.45472584851524,677.4512924467291,52.11163788051762,7971.239436360521,2806.055837933281,5080.884693350468,358.8842947531683,200,50000,6,9944578,1
18,130.06917572243697,99.68248932791468,231.59358185522842,227.60346553133812,715.1226164964814,42.066036264498905,8468.12855359879,1723.1374878776373,5363.419623723611,468.5028982656392,200,50000,6,9944578,1
12,339.37947463540934,103.89035690060813,236.6267784292778,223.68609903611238,595.1554011684055,54.10503646985505,11725.137280817355,3324.523736520131,4463.6655087630415,394.02449040105756,200,50000,6,9944578,1
10,407.1856793040696,107.88394399518006,318.8457812470462,315.72205237443393,535.6852155126021,59.520579501400235,12680.92945073883,3863.0221747443725,4017.639116344516,291.80070492813536,200,50000,6,9944578,1
12,151.08774364774715,113.71447192884406,253.74774980576674,245.14245744015446,783.1596587525186,71.19633261386532,12576.66946305751,1986.016616824434,5873.697440643889,403.1634356576899,200,50000,6,9944578,1
14,379.2302560952719,22.645572025246103,236.35512875045242,226.86974281163768,606.9171939761372,46.685937998164405,10711.343675680775,3014.068710903885,4551.87895482103,389.656808540986,200,50000,6,9925823,1
11,269.19872014243987,34.122201269643035,265.4799603805624,251.97899016856508,718.7538153958335,71.87538153958334,17641.35330463699,2274.906910590622,5390.653615468751,315.4974318559677,200,50000,6,9925823,1
10,437.68734570505376,99.10274163246902,292.2523933035323,289.86647694412613,523.7440226886373,58.19378029873748,13161.862555537393,4025.925655031421,3928.0801701647797,196.62023842510908,200,50000,6,9925823,1
15,364.53460545732975,114.4237847423873,283.77887991953224,274.50909246204674,563.3070363643523,40.23621688316802,11697.15899734741,3592.187926497878,4224.802772732642,501.770215708633,200,50000,6,9925823,1
14,302.86839042007654,116.33985615200693,269.14996235766074,259.15966833141727,638.9169812562914,49.1474600966378,13037.965422245785,3144.061849290626,4791.877359422186,392.0873951764387,200,50000,6,9925823,1
12,315.6516746950475,121.4209017180872,279.31038883008324,259.1932733110196,607.7817785422344,55.25288895838494,15544.579562963561,3278.04432309851,4558.363339066758,236.47786441962148,200,50000,6,9925823,1
11,367.49741118512765,65.16032184258326,313.99389761217594,305.0139498923238,582.1002611290509,58.21002611290508,16954.776863253544,3244.932997707832,4365.751958467881,273.1173456126479,200,50000,6,3820097,1
10,327.92133785923994,69.52358345650738,299.7962567041315,296.7365348283219,607.5752995965096,67.5083666218344,14575.736049459465,2980.8369098681046,4556.8147469738215,224.18153609612142,200,50000,6,3820097,1
10,391.5573710325949,67.78415834045411,242.8844462711369,233.0577251993715,588.859589395495,65.42884326616611,14421.047173106903,3445.061470297868,4416.446920466213,274.9936213664446,200,50000,6,3820097,1
9,373.29264247365563,74.55049754121872,229.03640936023768,223.468875430782,597.1865509622296,74.6483188702787,12377.410074834552,3358.8235501115573,4478.899132216722,263.4036198788705,200,50000,6,3820097,1
13,403.27160933980974,72.40371882462325,244.42977459702297,240.31117873952684,580.1670072612689,48.347250605105735,14316.402795097512,3567.5649612332472,4351.252554459516,392.7915675044789,200,50000,6,3820097,1
16,165.2993173479428,80.7396638769323,215.05341199417268,204.56959375688376,775.0812439729717,51.67208293153145,10704.409136391716,1845.2923591865633,5813.1093297972875,536.336201470264,200,50000,6,3820097,1
16,312.77928427213425,31.84649852484742,255.95370271659732,252.063351899766,682.3885740394575,45.4925716026305,11524.713810167123,2584.693370977362,5117.914305295931,442.80594844772435,200,50000,6,9535879,1
9,360.0526344811259,36.142679920413656,246.36147906701393,236.0204693194196,660.8310203877069,82.60387754846336,20107.3093229128,2971.4648580115468,4956.232652907802,292.29076604841515,200,50000,6,9535879,1
16,394.12950075654675,60.75449955836715,260.43983860416836,255.6475090887267,588.1566830365556,39.210445535770376,10001.25638689689,3411.630002361854,4411.175122774167,480.3146533866908,200,50000,6,9535879,1
13,351.9787748578274,68.08890671666794,295.55106444798724,292.8471145825504,628.2220454805187,52.351837123376555,11260.494965650227,3150.5076118087145,4711.66534110389,364.38716736698746,200,50000,6,9535879,1
13,300.2496147281449,72.40143823891783,213.03989106663795,167.2217179863702,695.5533722270726,57.96278101892272,22363.32109513332,2794.88289725297,5216.650291703045,306.5469573411693,200,50000,6,9535879,1
10,246.08206990362368,93.00298659927914,286.2601238831054,273.1622454833421,722.1245843440685,80.23606492711872,16768.945024499877,2543.137923771771,5415.934382580514,260.8095460796756,200,50000,6,9535879,1
10,378.83269077359404,73.42751706538117,236.93233972134877,222.0471063257434,597.2358538736764,66.35953931929738,14835.393902993426,3391.951558792314,4479.268904052573,214.55519423699644,200,50000,6,8271480,1
11,387.27958425119743,78.18233191857247,256.6469724385802,242.93543390368148,527.3454070022581,52.73454070022581,13789.741068628628,3490.964371273274,3955.0905525169355,357.27881407804404,200,50000,6,8271480,1
16,383.0819695619484,87.59077363878522,291.5308273192695,290.41796236933817,573.5272946819163,38.23515297879442,10567.970925707546,3530.045574005502,4301.454710114372,470.26874499628,200,50000,6,8271480,1
19,241.43159846751695,87.96075869440472,281.6906174294955,277.38098330034126,715.4207315165877,39.745596195365984,9985.28148697108,2470.4426787144125,5365.655486374408,483.7639138879011,200,50000,6,8271480,1
12,367.10119729205854,100.4069232280678,317.4593727488522,312.95191906858247,598.950955594232,54.45008687220291,15697.730636551947,3506.310903900948,4492.132166956741,305.2983740649091,200,50000,6,8271480,1
12,276.872873888579,101.96101676663248,206.6790867929068,195.80589901404423,580.9388519352593,52.812622903205394,7288.357267087053,2841.2541799140863,4357.041389514445,351.65697560310315,200,50000,6,8271480,1
12,250.81420456133927,91.26927730293039,277.64410320523876,273.28070954266394,716.0383703873097,65.09439730793724,13347.674180197311,2565.626113982022,5370.287777904822,359.52925925700754,200,50000,6,6394530,1
16,120.34154853412619,90.41342549758544,252.35407756252675,243.92971103597358,809.8055044451842,53.98703362967895,12586.137997962156,1580.6623052378372,6073.541283338881,528.2130099959267,200,50000,6,6394530,1
12,289.6522545223419,94.30083071389777,259.4707596614748,250.72936659834207,582.5842297003556,52.96220270003233,14914.825036264423,2879.6481392717974,4369.381722752667,409.92023755546023,200,50000,6,6394530,1
13,323.08228398884506,95.03296978015688,231.17879202140753,226.41157883367396,578.335806572344,48.19465054769534,6223.362585720755,3135.8644032675143,4337.51854929258,367.73866752497935,200,50000,6,6394530,1
13,271.1779102512721,102.63870813491383,200.98230795043722,185.44577831179896,635.4615183814719,52.955126531789325,8181.124965595034,2803.6246378963947,4765.96138786104,353.160695699389,200,50000,6,6394530,1
12,322.7938870883726,103.47984128501655,272.3846712749027,266.5336594125491,552.9145635029225,50.2649603184475,13751.47560595806,3197.0529628004188,4146.859226271919,368.293839796204,200,50000,6,6394530,1
12,365.2053696918526,82.01049772230365,326.54164810302535,325.1395887111084,603.1731975683336,54.8339270516667,15572.324864455863,3354.119005606172,4523.798981762502,379.48498492192914,200,50000,6,8372552,1
13,389.57999624100347,89.81829001152921,262.617734292584,257.3714426492263,555.155813995541,46.26298449962842,14350.597318381948,3595.487146893995,4163.668604966558,387.8776670769451,200,50000,6,8372552,1
11,323.45998905950785,93.44020521751663,207.18539685582698,176.01430089747825,615.4336639528265,61.543366395282646,16404.88070605313,3126.7514570776834,4615.7524796461985,366.71315303078853,200,50000,6,8372552,1
10,351.5250395417067,95.57982979947124,231.7170718959694,226.27110358088785,576.0506008931865,64.00562232146517,11122.774070425683,3353.286520058835,4320.379506698899,359.26183052809233,200,50000,6,8372552,1
13,275.550407787973,98.88752376977507,257.21203855180323,249.48169531950944,636.7257634347857,53.06048028623214,9225.023419245446,2808.28448668311,4775.443225760892,486.1824286575122,200,50000,6,8372552,1
13,331.8964434792651,110.88324441178372,256.3748621250104,248.78025370406758,605.603361934803,50.46694682790025,7450.687843500511,3320.847659182866,4542.025214511023,360.575905269909,200,50000,6,8372552,1
