M,Emax,K,n_chains,n,d_first,d_last,d_mean,hop,E_excursion,E_tour,E_hover
50,25000,2,16,10.9375,271.5241498354423,151.8824117339176,318.7756715617839,121.39345457020943,3175.549211770199,8799.05997915699,296.9624336671278
50,25000,3,24,5.708333333333333,296.3730756414994,159.25955315547597,282.9301362297848,137.37689727176377,3417.244715977315,4502.313504414403,156.90051313867494
50,25000,4,32,3.78125,287.95694536674205,165.2781817179708,243.22849110327292,121.2938131455084,3399.2634531353465,2280.3098885426425,104.82416322508814
50,25000,5,33,2.757575757575758,244.25781570705436,159.47906371181824,206.12792776326762,104.79164273564061,3028.0265956415456,1362.7478333791769,77.12626898439284
50,25000,6,28,2.25,204.2482566413562,143.4790775649705,173.78021541584943,85.50644144114372,2607.955006547451,759.8624238700332,64.80896594364239
50,25000,8,1,2.0,182.30691643187558,68.08890671666794,125.19791157427176,120.29310547610095,1877.9686736140764,902.1982910707571,42.79378041258412
50,50000,2,16,16.125,397.0562838959619,150.18306341995327,352.6031212465032,113.94210456913787,4104.295104869364,12744.37320788693,438.6675800664381
50,50000,3,24,13.0,347.73726118044027,160.3611630961362,347.4541676834403,127.21257110291383,3810.738182074323,11177.860790651102,363.35427615789257
50,50000,4,32,9.4375,332.9213435113343,164.21602868237835,348.08924108977567,133.80385385019807,3728.5302914528447,8117.11284377178,266.5179675523625
50,50000,5,40,6.55,363.70270884906944,172.38135899575624,337.09475021633347,136.14925201325067,4020.6305088361923,5417.518110000781,180.54353964186384
50,50000,6,47,4.872340425531915,352.8515253055576,178.3456420509672,310.531920963881,148.4712825559727,3983.9787551739355,3770.639334223298,134.67068808018732
50,50000,8,62,2.9516129032258065,320.89490102034006,196.16812045291357,265.3503862601024,129.78457663618173,3877.9726610494026,1721.1840148291371,83.7135956679543
50,50000,10,40,2.35,263.7759171605675,160.49963587711167,213.53364566500886,112.79015097415535,3182.0666477825935,1064.6365464765652,65.90977767378475
50,100000,2,16,16.25,391.3631610174382,146.1436546587018,352.5070004270159,115.36450658229683,4031.30111757105,13000.482069368623,442.73450070583885
50,100000,3,24,14.041666666666666,425.80822192192403,166.71060984733268,362.176812851478,129.26931328537916,4443.891238269425,12349.557184111487,387.49219834936736
50,100000,4,32,11.875,409.4932499226253,165.26877584334204,366.6209540444879,138.5334049855091,4310.715193244755,10906.852074766966,329.3319181407519
50,100000,5,40,9.925,451.05957099746956,168.31791635800218,375.07574826576945,150.11575588783762,4645.331155166039,9628.02699910269,273.8562645548451
50,100000,6,48,8.25,445.8420761706897,177.17745800397924,373.5419299403643,159.31608223413932,4672.646506310017,8145.625141314879,227.21664647308603
50,100000,8,64,6.125,468.22879824273804,195.72132618318042,371.6232635827388,166.85181648339946,4979.625933194388,5657.695125955268,169.25056761560197
50,100000,10,79,4.658227848101266,454.09675762973853,203.0861689116277,359.72653326161037,163.13717264156088,4928.871949060246,3953.0130880941956,128.68070274303173
100,25000,2,16,13.75,305.29532356339917,122.47462367849919,330.74080824639077,93.86865663296592,3208.274604314237,8690.607945430285,406.83232249848913
100,25000,3,24,7.583333333333333,301.5853526787078,132.2228014673077,279.00134447044485,109.2560002469592,3253.5611560951165,4799.976082262739,224.16291608861957
100,25000,4,32,5.3125,271.414651283857,141.38084103623476,242.45491494481539,97.85093814824214,3095.9661924006878,2881.249139281662,151.44029391322283
100,25000,5,39,3.948717948717949,216.37304649006822,137.2434403479249,198.45472642893574,100.5357428216814,2652.1236512849487,1933.03739020299,111.52691974202324
100,25000,6,43,2.953488372093023,207.02952556774937,132.72217260586814,175.66895868251186,96.78717926969415,2548.137736302131,1201.3044635498443,84.76178269081036
100,25000,8,21,2.142857142857143,161.0054717991021,102.00721998374874,131.33008304797673,82.99223504745535,1972.5951883713813,662.6810881309946,61.01396384199103
100,50000,2,16,22.5,344.63899355581066,122.07948543166123,360.83547582748525,81.3176208091817,3500.3885924060387,13028.530556611071,668.9846739709569
100,50000,3,24,20.125,321.9669607399608,111.18449080240923,361.18656835136653,88.18472649379306,3248.6358865677753,12485.858824691188,589.3369191254128
100,50000,4,32,12.8125,353.1193116883953,136.36348737816797,351.3197507357596,99.74341852394063,3671.120992999224,8401.180554695478,373.75394004579226
100,50000,5,40,8.95,336.3380218142953,132.3215647747872,319.3617332401764,107.22534641790423,3514.946899418118,6071.106594006921,257.23163266191244
100,50000,6,48,7.041666666666667,320.90398400478625,149.9294554107597,301.8019957707395,103.86501682484224,3531.250795616595,4498.524621062438,205.02446457251472
100,50000,8,64,4.34375,306.34049978998326,160.37696447196913,255.31919692408368,112.7195274878803,3500.380981964642,2444.3974824140605,127.10744730738737
100,50000,10,73,2.9452054794520546,262.72221853703655,149.00011809108847,211.86615296756406,103.66731200509422,3087.917524710938,1353.6943469601486,83.70340692268515
100,100000,2,16,22.5,344.63899355581066,122.07948543166123,360.83547582748525,81.3176208091817,3500.3885924060387,13028.530556611071,668.9846739709569
100,100000,3,24,21.458333333333332,396.8321808142038,111.18449080240923,369.3621788068586,84.94257882091227,3810.1250371245974,12895.089677044029,631.3831672887865
100,100000,4,32,20.28125,361.82637547921644,123.71740707174823,373.4784829438352,90.41949593417267,3641.578369132235,12738.644225006003,584.7709520689734
100,100000,5,40,18.55,371.5366192900768,126.51327527522366,375.9022084762195,99.54040384263135,3735.374209239753,12764.889509034749,529.4086784730773
100,100000,6,48,15.666666666666666,363.18346553435777,136.6652087334384,372.25833361483086,105.95740071354645,3748.8650570084706,11308.902632848874,449.7278304033129
100,100000,8,64,10.75,412.10622124920627,150.62867688870287,366.24403524476315,105.01243827906958,4220.511736034318,7372.358178807929,308.98490791494305
100,100000,10,80,7.725,395.51190180071774,168.5662103054605,357.5854089216433,111.60805958716617,4230.585840796337,5245.743510870736,223.1630285634953
200,25000,2,16,18.75,293.1064479663881,80.4187358959116,312.2932021881521,72.22811080247004,2801.4388789672475,9145.814285131124,534.311353727153
200,25000,3,24,9.958333333333334,279.90797338874455,80.33858715621696,267.0265922370943,85.05837857247325,2701.849204087212,5333.093213146066,279.6050754303598
200,25000,4,32,7.0,241.13800177215114,94.61431994494274,209.5196442132798,80.49593549365444,2518.142412878204,3466.706879088595,202.5724944667815
200,25000,5,40,5.15,213.72207641591757,93.08999028157697,185.324431864193,87.74627697365466,2301.0905002312093,2487.18825018582,144.03403846219047
200,25000,6,48,4.104166666666667,193.38433587418922,95.26250765896202,164.11284622954395,93.92668018296767,2164.851326498634,1761.95843872572,116.08809388183731
200,25000,8,53,2.547169811320755,164.45816361456116,96.62375585891849,133.001367187484,75.77494329296175,1958.1143960510974,783.9977506966034,73.87590820153122
200,25000,10,24,2.125,131.0051071075018,79.53627774579607,105.20287625254059,72.623756338851,1579.0603863997342,579.182272956892,65.19949910998191
200,50000,2,16,33.25,436.15270925196046,78.79676396693304,347.01804535967455,56.39166068654902,3862.1210491417014,13478.749201895673,929.6482902367878
200,50000,3,24,28.208333333333332,311.1411264238215,78.2125731143109,352.6026782429344,64.54995666675644,2920.1527465359927,12928.612864704215,780.1158436534103
200,50000,4,32,18.125,278.08297475394704,93.8292454625682,332.2147412677658,73.36992453635648,2789.341651623864,9171.300113577068,516.8608490032033
200,50000,5,40,12.95,291.34911611301237,92.85808297836495,317.5703975948368,78.07135023691258,2881.55399318533,6719.618245921563,370.4367435541911
200,50000,6,48,9.270833333333334,319.308556737095,114.65936702507383,297.901619855688,83.57901231321868,3254.759428216266,4790.369164045601,268.71190423305296
200,50000,8,64,6.015625,283.3406382017499,116.4895205777777,241.09944026635839,89.26463444593082,2998.726190846457,3010.7461963611163,169.87385931545873
200,50000,10,79,4.417721518987341,245.93363806428215,119.02608296385915,208.55471178504308,85.89330629875424,2737.1979077110595,2003.5288103902476,123.64684418590689
200,100000,2,16,33.1875,442.192330263513,78.79676396693304,346.67918165339466,56.11318573983381,3907.4182067283455,13383.982447251405,928.845606238502
200,100000,3,24,32.041666666666664,407.2053378892812,78.2125731143109,360.4176980257889,58.77580882618056,3640.6343325269404,13488.34534814053,890.2120642374206
200,100000,4,32,30.71875,428.13211590432456,90.03471390889754,366.93327706056664,59.94716114221053,3886.251223599166,13248.202782974804,869.566041805648
200,100000,5,40,29.45,406.25769648844044,87.34394265251606,376.13135192280185,62.52835317487129,3702.0122935571735,13171.520335852081,831.1558755418835
200,100000,6,48,26.041666666666668,326.27700737668744,96.48915099668754,370.5228636381901,68.30509796808346,3170.7461878003123,12560.753158241985,737.4519702492777
200,100000,8,64,16.515625,317.08152289803877,112.91799017043124,359.87987537890257,77.03124983945875,3224.9963480135243,8687.56286244644,463.92658305324096
200,100000,10,80,11.075,365.09540018517913,121.06179675225599,346.42577817360564,84.73007900612981,3646.1789770307632,6005.178514122206,310.6795608177337
400,25000,2,16,24.6875,313.9294952196353,57.44978332189345,276.09132426215376,52.80842413799505,2785.3445890614657,9064.211442019987,642.4758517385769
400,25000,3,24,14.041666666666666,232.3920478748299,57.30317507065936,236.66232070077956,62.0268962215766,2172.7141720911695,5785.944200957652,362.3544019854812
400,25000,4,32,9.0,211.0909820798728,74.53402960494512,210.2886878091012,71.31873115304128,2142.1875876361346,3862.7180612909547,231.50672682604466
400,25000,5,40,7.075,185.9985546145617,71.92610082800839,174.45257212371817,69.02142041332915,1934.4349158192756,2856.4170703033383,183.34130628680762
400,25000,6,48,6.041666666666667,165.79629563086394,79.11663115932141,155.33132808141792,63.93941963806072,1836.8469509263898,2124.625804655436,163.1590607424682
400,25000,8,60,3.9833333333333334,153.69341799623103,71.96794283251259,124.62491963083502,61.722635640307004,1692.4602062155777,1202.761748240641,103.72176624927212
400,25000,10,64,2.8125,128.11904897044425,69.55780016313383,100.49991886756084,51.167357860790794,1482.576368501836,642.4328857106357,73.28572114061761
400,50000,2,16,47.5,436.8939220691432,41.47043766233233,339.81864707890225,39.022009354759206,3587.732697986066,13563.48102563471,1292.697504580103
400,50000,3,24,38.125,385.656528709733,50.04721985294834,345.7725081566296,44.88150564043334,3267.7781142201097,12343.469893954525,1023.3552622497308
400,50000,4,32,22.8125,338.6556418239762,65.25259924952975,308.1291419969965,55.2588965335433,3029.311808051295,8856.616952484626,605.2779485802248
400,50000,5,40,15.5,334.07323190808296,67.892936532204,291.96593808280517,61.91999275498176,3014.7462633021523,6562.437779426675,413.52209391294855
400,50000,6,48,12.208333333333334,251.29829596290855,80.73194116589104,268.022799340554,68.97480006954733,2490.2267784659966,5515.78869577212,315.77524782639983
400,50000,8,64,8.140625,235.87414424599822,95.65587816143592,227.56909967306024,72.1257071168683,2486.475168055756,3531.9255308855077,211.0696858192379
400,50000,10,80,6.0,224.39998800783852,95.14737204626246,195.87700916435176,75.24962287006763,2396.6052004057574,2406.0078842093058,155.31011339412925
400,100000,2,16,47.5,436.8939220691432,41.47043766233233,339.81864707890225,39.022009354759206,3587.732697986066,13563.48102563471,1292.697504580103
400,100000,3,24,45.875,434.8141786008341,50.04721985294834,364.3711680566218,40.461412821026016,3636.460488403369,13549.943312133712,1248.5408933128235
400,100000,4,32,45.46875,416.4062816979705,59.96283588460261,364.96100345455017,40.43713209769568,3572.7683818692985,13415.411552791142,1232.410394737612
400,100000,5,40,44.275,418.4287584627198,63.997495375577884,370.529703207805,41.51547016060956,3618.196903787233,13379.343370741763,1193.649719926297
400,100000,6,48,37.6875,354.23791651448965,69.76182741314393,367.3627326603483,45.72805421024222,3179.9980794572516,12392.23724264851,1015.4212228404391
400,100000,8,64,22.03125,330.85625500376796,82.08980957333577,352.3721297991038,57.06645793562541,3097.095484328278,8798.661920757735,588.8460900526612
400,100000,10,80,14.5625,352.08465967595527,102.65856997499993,332.42743927018256,64.62504139009141,3410.574222382164,6188.290520137083,386.98713193403466
