M,Emax,E_per_node,Kstar,Kstar_lo,Kstar_hi,band,n_in_band,min_obj,margin,obj_K1,obj_K2,obj_K3,obj_K4,obj_K5,obj_K6
50,25000,500.0,2,2,2,2,1,-96.099,2.658,-59.81,-96.1,-88.06,-82.28,-70.83,-57.26
50,50000,1000.0,4,4,4,4,1,-152.201,2.435,-60.9,-107.36,-138.22,-152.2,-148.36,-138.5
50,100000,2000.0,6,6,6,6,1,-186.623,3.241,-60.9,-107.3,-140.32,-164.12,-180.01,-186.62
100,25000,250.0,2,2,2,2,1,-135.675,3.485,-89.56,-135.68,-132.12,-123.98,-107.42,-91.14
100,50000,500.0,4,4,4,4,1,-235.451,4.479,-89.56,-158.29,-216.83,-235.45,-226.28,-221.9
100,100000,1000.0,6,6,6,6,1,-335.762,5.594,-89.56,-158.29,-219.21,-266.56,-303.51,-335.76
200,25000,125.0,2,2,3,2-3,2,-190.243,7.974,-124.03,-190.24,-184.84,-176.41,-165.55,-147.93
200,50000,250.0,4,4,5,4-5,2,-348.387,7.334,-124.03,-226.28,-313.44,-348.39,-345.31,-322.42
200,100000,500.0,6,6,6,6,1,-542.983,10.313,-124.03,-226.28,-317.85,-410.56,-485.34,-542.98
