layout,M,Emax,K,seed,planner,slot,rc,drain,J_dynsim,J_slot,Jage_dynsim,Jage_slot,n_never_slot
paper,50,1500000.0,1,1,cyc,5.0,200.0,radius,732719.1640166154,647805.5172767658,443024.41035656596,404926.93808300374,0
paper,50,1500000.0,1,2,cyc,5.0,200.0,radius,945690.072200381,942242.6278859156,548015.98173251,514483.8315041961,0
paper,50,1500000.0,1,3,cyc,5.0,200.0,radius,922554.3163211133,888167.2840816424,534586.4824978489,500676.88378194015,0
paper,50,1500000.0,1,1,cluster_patrol,5.0,200.0,radius,778523.1389400577,669503.4829469684,456057.76576472586,421236.67509334476,0
paper,50,1500000.0,1,2,cluster_patrol,5.0,200.0,radius,1281286.6180882074,1124708.9758346274,648468.0883616668,585454.7202340441,0
paper,50,1500000.0,1,3,cluster_patrol,5.0,200.0,radius,955798.02378216,943021.4413676694,540430.2066941699,505454.78812842787,0
paper,50,1500000.0,1,1,gzz_rev,5.0,200.0,radius,1074157.3893635147,1002556.8235804047,591761.7424435774,553825.8156967747,0
paper,50,1500000.0,1,2,gzz_rev,5.0,200.0,radius,1371871.5596561346,1248407.313573967,697766.3910380059,650257.8331884278,0
paper,50,1500000.0,1,3,gzz_rev,5.0,200.0,radius,1112707.175715304,1052472.7783708503,622941.7814379511,578847.7817953717,0
paper,50,1500000.0,1,1,asghar_rev,5.0,200.0,radius,1270723.9107298653,1216643.228582236,760487.4228026412,719315.9628183634,0
paper,50,1500000.0,1,2,asghar_rev,5.0,200.0,radius,1660762.8015148486,1494750.2900254594,906394.4336960013,868982.4387112164,0
