layout,M,Emax,seed,J_a,K_a,censored_a,nK_a,J_b,K_b,censored_b,nK_b,r,ell
core,50,1500000.0,1,59134.73698215931,4,False,8,93775.79422225988,4,False,17,-0.3694029736287502,4
core,50,1500000.0,2,52238.88363477129,4,False,19,70312.72063831962,4,False,19,-0.2570493196603503,4
core,50,1500000.0,3,46621.47852102842,6,False,9,48872.85827577028,6,False,18,-0.04606605453763757,5
core,50,1500000.0,4,61623.76989125832,5,False,8,79744.71435122275,5,False,17,-0.22723693485380925,5
core,50,1500000.0,5,51182.45500083875,5,False,18,79515.17460558751,5,False,18,-0.35631839765535556,5
core,50,1500000.0,6,47922.31020479963,5,False,8,58172.11333545748,5,False,17,-0.176197881475458,4
core,50,1500000.0,7,40452.465634108936,6,False,9,56564.67129472642,6,False,18,-0.28484574013814945,5
core,50,1500000.0,8,55202.67006918663,5,False,9,66744.56532924277,4,False,18,-0.17292636790907823,5
core,50,1500000.0,9,50975.599336947984,5,False,8,58475.23117548806,5,False,17,-0.12825313705957275,5
core,50,1500000.0,10,44972.60108067308,6,False,9,52444.44273194491,6,False,18,-0.14247156156205265,5
core,50,1500000.0,11,71686.70453935285,4,False,8,78610.25143248892,4,False,17,-0.08807435120700591,4
core,50,1500000.0,12,56720.4554852572,5,False,9,71896.18087232673,5,False,18,-0.2110783243691149,5
core,50,3000000.0,1,32586.84522356032,9,False,14,40983.5027959477,9,False,32,-0.20487896347448398,9
core,50,3000000.0,2,29125.38632835407,9,False,14,35798.67018036122,8,False,32,-0.1864115012760459,9
core,50,3000000.0,3,32672.542443939983,12,False,17,38840.1361480853,12,False,32,-0.15879433791452768,11
core,50,3000000.0,4,37960.07212886002,10,False,14,44551.45331812667,10,False,32,-0.14794985793616777,10
core,50,3000000.0,5,29785.87390073949,11,False,15,37934.658631385966,10,False,30,-0.21481107316211412,11
core,50,3000000.0,6,31198.26333662251,10,False,14,36798.50219217598,10,False,32,-0.15218659787582833,9
core,50,3000000.0,7,27996.985949731567,12,False,17,31065.41831259816,12,False,32,-0.09877325107906998,11
core,50,3000000.0,8,31230.52383928348,11,False,15,36760.58024220292,10,False,30,-0.15043441552020642,11
core,50,3000000.0,9,32157.87323358669,10,False,15,39361.17969211633,9,False,33,-0.1830053498110067,10
core,50,3000000.0,10,29891.16016326033,12,False,16,36015.632638939576,11,False,31,-0.17005039275799239,11
core,50,3000000.0,11,38809.77441919549,9,False,14,46978.90049049599,8,False,32,-0.17388925636846575,9
core,50,3000000.0,12,34748.74922716077,11,False,15,38673.16660506538,11,False,30,-0.10147649448986662,10
core,100,1500000.0,1,132730.13127796797,5,False,20,174262.64778004566,5,False,20,-0.2383328672619507,5
core,100,1500000.0,2,115988.39950788242,6,False,20,148332.20880490748,6,False,20,-0.21804980561952625,6
core,100,1500000.0,3,140103.96779995537,5,False,20,183116.05670871845,5,False,20,-0.2348897725401663,4
core,100,1500000.0,4,135302.54618228643,5,False,20,154919.5771927081,5,False,20,-0.1266271917720223,5
core,100,1500000.0,5,112499.34297179102,6,False,20,168278.73766261997,6,False,20,-0.3314702467204169,5
core,100,1500000.0,6,142681.8371026472,5,False,20,188690.76948611025,5,False,20,-0.24383244876665688,5
core,100,1500000.0,7,160744.0675016514,4,False,20,213838.3388104776,4,False,20,-0.24829163752475192,4
core,100,1500000.0,8,123382.25702712922,5,False,20,153597.51741761738,5,False,20,-0.19671711430293282,5
core,100,1500000.0,9,134494.73817299987,5,False,20,193492.13333011992,5,False,20,-0.30490849494363514,4
core,100,1500000.0,10,141341.7191525188,5,False,20,175107.08378891693,5,False,20,-0.19282694854938376,4
core,100,1500000.0,11,95939.48554213467,14,False,20,160945.40602091516,8,False,20,-0.4039004410621876,4
core,100,1500000.0,12,180014.84376242923,4,False,20,244742.98040764968,4,False,20,-0.26447392500249745,4
core,100,3000000.0,1,72060.44022547762,11,False,15,92388.19019355511,9,False,30,-0.22002541586203228,10
core,100,3000000.0,2,71709.09556431447,12,False,16,89148.8320884317,12,False,31,-0.19562495789981627,12
core,100,3000000.0,3,75714.97948953192,10,False,13,94512.31536483447,10,False,31,-0.1988876878398489,9
core,100,3000000.0,4,76066.77446380815,11,False,15,83484.78067769555,11,False,30,-0.08885459306080756,10
core,100,3000000.0,5,66286.04833481822,12,False,15,77902.4061029367,12,False,30,-0.14911423599380424,11
core,100,3000000.0,6,79405.66343891315,10,False,14,98836.9770996814,9,False,32,-0.19659963538920178,10
core,100,3000000.0,7,81220.29213379558,9,False,13,90819.81821082508,9,False,31,-0.10569858282192979,9
core,100,3000000.0,8,69261.78423168954,11,False,16,83865.2795532474,11,False,34,-0.17413040771283506,11
core,100,3000000.0,9,77834.5117284493,10,False,14,90873.45977627565,10,False,32,-0.14348466625929457,9
core,100,3000000.0,10,83659.89786302243,10,False,13,106133.39180648173,10,False,31,-0.21174762778180434,9
core,100,3000000.0,11,79875.10537865038,31,False,33,104971.3958443652,9,False,33,-0.2390774197470289,9
core,100,3000000.0,12,88333.8147916673,9,False,14,103550.83802472956,9,False,32,-0.14695219781251978,9
core,200,1500000.0,1,257740.35316297095,12,False,17,447571.64184082136,8,False,17,-0.4241360956138589,5
core,200,1500000.0,2,318123.94783702126,11,False,18,523392.40873475233,8,False,18,-0.392188456446945,5
core,200,1500000.0,3,255468.5790621364,11,False,17,475950.93815302727,11,False,17,-0.4632459806603041,4
core,200,1500000.0,4,233477.31580729267,13,False,17,401383.3097958142,8,False,17,-0.4183183253781434,6
core,200,1500000.0,5,400037.8786823407,5,False,18,567921.8518959186,5,False,18,-0.2956110469303539,5
core,200,1500000.0,6,378465.41653946775,13,False,18,616239.8619229903,8,False,18,-0.38584723266934084,4
core,200,1500000.0,7,189243.792982016,12,False,17,380674.3516462696,10,False,17,-0.5028722261859523,5
core,200,1500000.0,8,285078.44004403835,6,False,17,435691.44701979135,6,False,17,-0.34568731611780157,5
core,200,1500000.0,9,334743.6779311692,13,False,19,514653.3249615436,10,False,19,-0.34957443837328317,5
core,200,1500000.0,10,317041.8927054798,13,False,18,475005.6922982725,6,False,18,-0.33255138233922843,5
core,200,1500000.0,11,242831.55439791607,12,False,17,423009.7654419255,12,False,17,-0.42594338420479294,5
core,200,1500000.0,12,212224.87764346192,12,False,17,439025.49766974384,10,False,17,-0.5166001091738237,5
core,200,3000000.0,1,184739.97736476184,12,False,30,208252.7148162061,12,False,30,-0.1129048304229574,11
core,200,3000000.0,2,203683.1102561099,10,False,29,220746.64438954016,10,False,32,-0.07729917789064611,10
core,200,3000000.0,3,190333.8609412883,28,False,28,223716.0698932104,10,False,28,-0.14921685763502335,9
core,200,3000000.0,4,168006.5910145469,12,False,31,201275.5568059428,12,False,31,-0.16529064094688728,12
core,200,3000000.0,5,192566.15845584552,10,False,29,256861.2730438422,9,False,29,-0.25031065923675655,10
core,200,3000000.0,6,206925.6119998224,10,False,28,279975.41643468925,9,False,31,-0.26091506663374286,9
core,200,3000000.0,7,133762.4136785941,28,False,28,219635.8829055237,10,False,31,-0.3909810550576931,10
core,200,3000000.0,8,161812.9074488341,12,False,30,191433.50100707408,12,False,30,-0.15473045941496633,11
core,200,3000000.0,9,192247.9191852105,10,False,29,217328.32703867424,10,False,29,-0.11540330795902454,10
core,200,3000000.0,10,173012.82573583414,12,False,30,216367.5090938084,12,False,30,-0.20037520207887305,11
core,200,3000000.0,11,180847.28044924096,29,False,29,241019.13438586472,10,False,31,-0.2496559208460617,11
core,200,3000000.0,12,154236.52740607914,29,False,28,234653.956887746,10,False,31,-0.342706471044667,10
paper,50,1500000.0,1,152544.6798895627,4,False,9,275198.96055140893,4,False,9,-0.4456931102359073,5
paper,50,1500000.0,2,192149.97312372783,4,False,8,422477.2963953306,3,False,8,-0.5451827239873154,4
paper,50,1500000.0,3,203948.81939131743,5,False,9,280604.82948803063,5,False,9,-0.27318136411470073,5
paper,50,1500000.0,4,243395.058154524,4,False,8,377396.2445095512,4,False,8,-0.355067620053214,4
paper,50,1500000.0,5,167178.8899862422,4,False,8,289768.7706119052,5,False,8,-0.42306105094344626,5
paper,50,1500000.0,6,172691.07633568018,4,False,9,355665.9804279841,4,False,9,-0.5144571428285731,5
paper,50,1500000.0,7,161860.0791823662,4,False,8,296696.9072472928,4,False,8,-0.4544598368615348,5
paper,50,1500000.0,8,249067.0185508069,4,False,8,451979.9424133786,3,False,8,-0.4489423198275213,4
paper,50,1500000.0,9,270269.7521320153,4,False,8,486120.202055077,3,False,8,-0.4440269073586167,5
paper,50,1500000.0,10,169407.86301299345,4,False,7,281368.3410012157,4,False,7,-0.3979142699204332,4
paper,50,1500000.0,11,192305.99345989092,5,False,9,353944.6133475931,4,False,9,-0.4566777224236611,5
paper,50,1500000.0,12,207799.05115206147,4,False,7,340087.6364134188,4,False,7,-0.3889838121034901,4
paper,50,3000000.0,1,83988.27097715862,11,False,16,123550.34166135106,7,False,16,-0.3202101277277829,11
paper,50,3000000.0,2,103936.9027885353,8,False,14,197883.0770185226,7,False,14,-0.47475598037720823,9
paper,50,3000000.0,3,92101.96633987922,11,False,16,146300.37266029257,6,False,16,-0.3704597967515866,10
paper,50,3000000.0,4,115398.3255927272,9,False,14,164908.62961361604,6,False,14,-0.3002287032333747,9
paper,50,3000000.0,5,87360.10929703161,10,False,15,152729.85577983956,5,False,15,-0.42800895836003794,10
paper,50,3000000.0,6,101755.67391040224,11,False,17,173391.71438826798,6,False,17,-0.4131456957479208,10
paper,50,3000000.0,7,88810.02468783675,10,False,15,155687.28004343563,9,False,15,-0.42956146023580477,10
paper,50,3000000.0,8,107087.9269450509,9,False,15,173727.4873448011,8,False,15,-0.38358673931367626,9
paper,50,3000000.0,9,128032.89239764649,9,False,16,249775.32668779223,7,False,16,-0.4874077672304208,10
paper,50,3000000.0,10,89802.25135917535,9,False,13,154834.72695870075,5,False,13,-0.4200122083521456,9
paper,50,3000000.0,11,101285.95142348518,10,False,17,194095.91337075128,4,False,17,-0.47816546126855153,10
paper,50,3000000.0,12,94632.27696160674,9,False,13,171319.0536081554,8,False,13,-0.4476254977566494,9
paper,100,1500000.0,1,830408.2088629459,4,False,8,1282955.904152701,4,False,8,-0.3527383083276193,4
paper,100,1500000.0,2,792377.3257389539,4,False,9,1548839.1486437505,3,False,9,-0.4884056705095533,4
paper,100,1500000.0,3,702595.7421384744,5,False,8,1181133.5438023747,4,False,8,-0.4051513092443072,5
paper,100,1500000.0,4,928087.5164162492,4,False,8,1415047.7901988064,3,False,8,-0.3441299136011102,4
paper,100,1500000.0,5,911629.4306670238,5,False,8,1330771.8497106298,4,False,8,-0.31496189157799415,4
paper,100,1500000.0,6,801252.9443734413,4,False,9,1209343.419554019,4,False,9,-0.3374479643930036,4
paper,100,1500000.0,7,691300.46203915,5,False,9,1162785.1236617854,4,False,9,-0.40547875271904,5
paper,100,1500000.0,8,860569.7366111209,4,False,8,1203393.6460506443,4,False,8,-0.28488093697737193,4
paper,100,1500000.0,9,959609.4591111512,4,False,8,1785532.7264656352,4,False,8,-0.46256406007710327,4
paper,100,1500000.0,10,768530.0444293577,4,False,9,1309044.546189451,3,False,9,-0.41290764575850225,5
paper,100,1500000.0,11,711296.1823043674,4,False,7,1113200.189585507,4,False,7,-0.3610347995276446,4
paper,100,1500000.0,12,872986.3475465311,4,False,8,1712429.0833436144,4,False,8,-0.49020583915686833,4
paper,100,3000000.0,1,282456.590032107,8,False,14,477163.60368701513,8,False,14,-0.40805084912264566,9
paper,100,3000000.0,2,267301.0605533783,9,False,13,488827.6101096261,7,False,13,-0.4531792905612829,9
paper,100,3000000.0,3,237108.86346126188,9,False,15,513451.1460862954,9,False,15,-0.5382056009250564,10
paper,100,3000000.0,4,278460.43322278326,9,False,14,594495.6992401587,8,False,14,-0.5316022747032633,9
paper,100,3000000.0,5,288131.79474973603,9,False,15,613021.2611631241,8,False,15,-0.5299807478079221,9
paper,100,3000000.0,6,271018.7431121373,9,False,14,549162.4086391117,7,False,14,-0.5064870813285394,9
paper,100,3000000.0,7,254397.635893908,10,False,15,518202.0026693533,9,False,15,-0.5090763166034495,10
paper,100,3000000.0,8,250373.22397156688,8,False,15,562066.075435438,7,False,15,-0.5545484153662888,9
paper,100,3000000.0,9,302637.64896951104,9,False,15,753219.5851211097,5,False,15,-0.5982079396928452,9
paper,100,3000000.0,10,246548.1273898217,10,False,15,521955.04627628,8,False,15,-0.527644901321024,10
paper,100,3000000.0,11,257175.642236424,8,False,14,538013.1654363537,8,False,14,-0.5219900575707239,9
paper,100,3000000.0,12,300118.5193249202,9,False,14,590777.8569501789,6,False,14,-0.4919942990513444,8
paper,200,1500000.0,1,3453697.1640720665,4,False,9,5023469.91104524,4,False,9,-0.31248773751419745,4
paper,200,1500000.0,2,3780896.27823347,4,False,9,5225805.598837079,3,False,9,-0.2764950385688191,4
paper,200,1500000.0,3,3068724.19461812,4,False,9,3995168.862535727,4,False,9,-0.23189124159562913,4
paper,200,1500000.0,4,3354230.405620317,4,False,9,4602010.973870944,4,False,9,-0.27113811230247176,4
paper,200,1500000.0,5,3152362.491353688,4,False,9,4543602.02666198,4,False,9,-0.3061974898207327,4
paper,200,1500000.0,6,3542733.8049199474,4,False,9,4597514.872795304,4,False,9,-0.22942417742175714,4
paper,200,1500000.0,7,2765654.2086376618,4,False,9,4215357.252356114,5,False,9,-0.3439098887545442,4
paper,200,1500000.0,8,3320708.9945362005,4,False,9,4933902.679912383,5,False,9,-0.3269609860656655,4
paper,200,1500000.0,9,3379784.485158868,4,False,8,5214176.0465565,3,False,8,-0.3518085206595747,4
paper,200,1500000.0,10,3537541.8313754005,4,False,9,5170524.17503362,4,False,9,-0.31582529901769607,4
paper,200,1500000.0,11,3711028.4922880814,4,False,9,4408455.755989283,4,False,9,-0.1582021692638481,4
paper,200,1500000.0,12,3918817.496905114,4,False,9,5833071.808378315,4,False,9,-0.32817259487936823,4
paper,200,3000000.0,1,979821.5430483334,9,False,14,1805413.098966544,8,False,14,-0.4572867873789087,9
paper,200,3000000.0,2,1071263.100601832,9,False,13,2011949.969178505,7,False,13,-0.46754983125189886,9
paper,200,3000000.0,3,985363.0474045948,9,False,14,1566998.3111449145,8,False,14,-0.37117797741297665,9
paper,200,3000000.0,4,970957.0932493736,8,False,14,1954547.56225442,6,False,14,-0.5032317903129206,9
paper,200,3000000.0,5,836135.1590490348,9,False,14,1876713.4797902517,5,False,14,-0.554468400183024,9
paper,200,3000000.0,6,1040279.8908911314,7,False,15,2093528.8744953333,7,False,15,-0.5030974238929943,9
paper,200,3000000.0,7,915263.4227419588,9,False,13,1586803.7420978532,7,False,13,-0.42320313567453305,9
paper,200,3000000.0,8,962842.0449644056,8,False,14,1792281.8816157691,7,False,14,-0.46278425573527027,9
paper,200,3000000.0,9,958465.0144662696,9,False,15,2326923.8939308487,7,False,15,-0.5880978243567974,9
paper,200,3000000.0,10,956747.720737439,8,False,13,2075599.935541606,8,False,13,-0.5390500335086079,9
paper,200,3000000.0,11,973647.0105318844,8,False,12,1869977.008849614,8,False,12,-0.4793267479096657,8
paper,200,3000000.0,12,1161828.6563877189,7,False,13,2267257.526634047,8,False,13,-0.4875621129318465,8
ring,50,1500000.0,1,252183.63145735057,2,False,7,425289.5496549272,2,False,7,-0.4070307355025109,3
ring,50,1500000.0,2,214820.6673398201,3,False,7,302337.4377164987,3,False,7,-0.28946719611596006,3
ring,50,1500000.0,3,272575.16617899894,3,False,7,434659.9318112226,2,False,7,-0.37290017728760594,3
ring,50,1500000.0,4,323254.6510062613,4,False,7,472483.1807570293,2,False,7,-0.31583881887958154,3
ring,50,1500000.0,5,264925.2433693053,3,False,7,387769.77503673313,3,False,7,-0.3167975937675671,3
ring,50,1500000.0,6,247429.8133970211,3,False,7,358445.7324117717,4,False,7,-0.30971471823025887,3
ring,50,1500000.0,7,285003.4731175965,4,False,7,434911.1144037405,2,False,7,-0.3446856985746757,3
ring,50,1500000.0,8,281892.91305239,2,False,7,365582.6944724032,3,False,7,-0.22892161660111277,3
ring,50,1500000.0,9,264358.9537096624,4,False,7,382321.3922729549,2,False,7,-0.3085426056386462,3
ring,50,1500000.0,10,293027.6350070379,2,False,7,409932.9165628486,2,False,7,-0.285181493928379,3
ring,50,1500000.0,11,271857.75865963456,3,False,7,440331.1223398203,2,False,7,-0.3826060778646676,3
ring,50,1500000.0,12,296504.5362383621,4,False,7,438410.7419124404,3,False,7,-0.3236832315172147,3
ring,50,3000000.0,1,118471.17561411932,8,False,12,144343.72759264158,5,False,12,-0.1792426481567544,6
ring,50,3000000.0,2,109087.13129977272,8,False,13,138596.9341020932,5,False,13,-0.21291814998290637,6
ring,50,3000000.0,3,145395.2166149785,8,False,12,190644.2708450416,4,False,12,-0.2373480935435095,6
ring,50,3000000.0,4,158778.9214130321,7,False,12,184957.09322784236,5,False,12,-0.14153645776949064,6
ring,50,3000000.0,5,136788.62640798622,8,False,12,187750.29698544773,6,False,12,-0.27143323550327847,6
ring,50,3000000.0,6,120881.068787956,8,False,12,158225.8165158291,4,False,12,-0.23602183607083538,6
ring,50,3000000.0,7,139272.1452344021,7,False,12,184378.4627491249,4,False,12,-0.24463983939434863,6
ring,50,3000000.0,8,132392.9525552459,8,False,13,186404.67016843788,4,False,13,-0.2897551738611819,6
ring,50,3000000.0,9,121521.81633764642,8,False,13,163300.02601903412,6,False,13,-0.2558371281368814,6
ring,50,3000000.0,10,135356.4731851244,8,False,13,184526.38832776912,4,False,13,-0.2664654935710634,6
ring,50,3000000.0,11,143739.43573254955,7,False,13,188600.4731110024,4,False,13,-0.23786280404529792,6
ring,50,3000000.0,12,146364.07744229148,8,False,12,203063.53212218825,4,False,12,-0.2792202720367305,6
ring,100,1500000.0,1,787306.6624947906,3,False,7,1000395.2827806144,3,False,7,-0.2130044233050966,3
ring,100,1500000.0,2,780617.8770861955,3,False,7,1186294.9547599885,3,False,7,-0.34196982465955916,3
ring,100,1500000.0,3,746230.6467794823,3,False,7,1217235.2690671163,3,False,7,-0.3869462496339018,3
ring,100,1500000.0,4,773137.470445243,3,False,7,1154151.2105375752,2,False,7,-0.33012462891657446,3
ring,100,1500000.0,5,724920.7126319947,3,False,7,1180583.118132974,3,False,7,-0.3859638499842212,3
ring,100,1500000.0,6,759938.5420582801,3,False,7,1181752.703418255,3,False,7,-0.3569394511557832,3
ring,100,1500000.0,7,731407.9356514632,3,False,7,1092884.1230111597,3,False,7,-0.33075435880955273,3
ring,100,1500000.0,8,703107.5250635222,3,False,7,1047100.303412307,2,False,7,-0.32851941426029174,3
ring,100,1500000.0,9,780398.6385233887,3,False,7,1121501.499580298,3,False,7,-0.3041483771395411,3
ring,100,1500000.0,10,767677.8504758602,3,False,7,1353280.8188811396,3,False,7,-0.4327283445053496,3
ring,100,1500000.0,11,815623.864753875,3,False,7,1240127.293488057,3,False,7,-0.34230633497324137,3
ring,100,1500000.0,12,714747.9031383413,3,False,7,1062295.258465625,3,False,7,-0.32716643753948393,3
ring,100,3000000.0,1,301390.8355451816,7,False,12,504884.615832294,3,False,12,-0.40305007105763413,6
ring,100,3000000.0,2,306999.0846605345,7,False,12,505438.9701905701,3,False,12,-0.3926089938320665,6
ring,100,3000000.0,3,304032.37700034655,7,False,12,490942.06240984047,3,False,12,-0.38071638126101515,6
ring,100,3000000.0,4,315120.3307715951,7,False,12,516242.4526570041,3,False,12,-0.38958849829236386,6
ring,100,3000000.0,5,294781.0005931073,7,False,12,485542.1487834925,4,False,12,-0.3928827778769156,6
ring,100,3000000.0,6,327392.53760214144,8,False,12,535430.7628706851,4,False,12,-0.3885436543712154,6
ring,100,3000000.0,7,283885.78173737734,7,False,12,463990.030937066,3,False,12,-0.38816404920587055,6
ring,100,3000000.0,8,297128.1227950566,7,False,12,454128.2221523127,4,False,12,-0.34571755662566794,6
ring,100,3000000.0,9,310347.8166304333,7,False,12,586529.0310118337,6,False,12,-0.47087390355589787,6
ring,100,3000000.0,10,341277.1306055127,6,False,12,541924.6221233167,6,False,12,-0.3702498157984526,6
ring,100,3000000.0,11,330457.2522457032,7,False,12,550366.2091607747,6,False,12,-0.3995684205438401,6
ring,100,3000000.0,12,305498.56300878065,7,False,12,557609.1557463149,4,False,12,-0.4521277854559338,6
ring,200,1500000.0,1,3074690.097584742,3,False,7,4589513.680348717,3,False,7,-0.3300618950652908,3
ring,200,1500000.0,2,2869247.8615458915,3,False,7,4066213.578674069,3,False,7,-0.29436862918511286,3
ring,200,1500000.0,3,3261906.239011032,3,False,7,4505796.663323223,2,False,7,-0.2760644825447509,3
ring,200,1500000.0,4,2605140.995470881,3,False,7,4072677.143629863,3,False,7,-0.3603369715800767,3
ring,200,1500000.0,5,2565399.2175274724,3,False,7,4192438.272390428,2,False,7,-0.3880889709403538,3
ring,200,1500000.0,6,3304827.155316349,3,False,7,4500259.999574131,3,False,7,-0.26563639531291716,3
ring,200,1500000.0,7,3196777.683380588,3,False,7,4258522.530021786,3,False,7,-0.24932235045279094,3
ring,200,1500000.0,8,3461833.8428539983,3,False,7,4018911.924758456,2,False,7,-0.1386141553569724,3
ring,200,1500000.0,9,2820583.823044055,3,False,7,4154635.129767423,2,False,7,-0.3210995105599197,3
ring,200,1500000.0,10,3086566.8684012024,3,False,7,4030394.525357315,2,False,7,-0.23417748585603726,3
ring,200,1500000.0,11,2726496.920598388,3,False,7,3978869.181667671,3,False,7,-0.3147558273188499,3
ring,200,1500000.0,12,2601671.804035764,3,False,7,4205023.3351054005,2,False,7,-0.38129432426311316,3
ring,200,3000000.0,1,911919.3999217123,5,False,12,1699592.7192176208,4,False,12,-0.46344827816072354,6
ring,200,3000000.0,2,886708.2706725653,5,False,12,1580273.3183749751,4,False,12,-0.4388892982231807,6
ring,200,3000000.0,3,928777.911056723,5,False,12,1712051.524135128,4,False,12,-0.4575058647689292,6
ring,200,3000000.0,4,824564.1875027871,6,False,12,1431357.4926410294,5,False,12,-0.4239285491276079,6
ring,200,3000000.0,5,837931.0546678148,6,False,12,1397430.6293318246,5,False,12,-0.40037735177704825,6
ring,200,3000000.0,6,936000.2009303092,5,False,12,1621554.5031952169,6,False,12,-0.42277598496630653,6
ring,200,3000000.0,7,859789.254450033,5,False,12,1486031.1781861223,6,False,12,-0.4214191013815013,6
ring,200,3000000.0,8,825461.0428422722,5,False,12,1430977.1682769847,5,False,12,-0.42314869786762854,6
ring,200,3000000.0,9,833232.6453213971,5,False,12,1443281.9318227377,6,False,12,-0.4226819951462305,6
ring,200,3000000.0,10,860643.9743500793,6,False,12,1540364.444666646,4,False,12,-0.44127250058908407,6
ring,200,3000000.0,11,837793.5054503089,5,False,12,1544489.8711905326,4,False,12,-0.45755972824573066,6
ring,200,3000000.0,12,879442.0437250127,5,False,12,1428332.1371355844,5,False,12,-0.3842874350718809,6
